Name,Age,Participant,Utterance,UttLen,UtterancesCyrillic,UtterancesCyrillicCleaned,UtterancesCyrillicCleanedNormalised
ALE,1;01.29,ALE,"lju-lju-lju, paati, paati, lju-lju-lju .",4,"Льу-льу-льу, паати, паати, льу-льу-льу .","Льу-льу-льу , паати , паати , льу-льу-льу .","Лю-лю-лю , пати , пати , лю-лю-лю ."
ALE,1;01.29,ALE,ti-tja .,1,Ти-тя .,Ти-тя .,Ти-тя .
ALE,1;01.29,ALE,tati .,1,Тати .,Тати .,Тати .
ALE,1;01.29,ALE,"ta-ta-ta, tatete [: tatence] .",2,"Та-та-та, татете [: татенце] .","Та-та-та , татете .","Та-та-та , татенце ."
ALE,1;01.29,ALE,ej .,1,Ей .,Ей .,Ей .
ALE,1;01.29,ALE,na !,1,На !,На !,На !
ALE,1;01.29,ALE,daj-daj-daj !,1,Дай-дай-дай !,Дай-дай-дай !,Дай-дай-дай !
ALE,1;01.29,ALE,gux-gux .,1,Гуx-гуx .,Гуx-гуx .,Гуx-гуx .
ALE,1;01.29,ALE,shtak .,1,Щак .,Щак .,Щак .
ALE,1;01.29,ALE,"+"" pate te .",2,"+"" пате те .",""" пате те ."," пате те ."
ALE,1;01.29,ALE,tate .,1,Тате .,Тате .,Тате .
ALE,1;01.29,ALE,mamo !,1,Мамо !,Мамо !,Мамо !
ALE,1;01.29,ALE,daj-daj !,1,Дай-дай !,Дай-дай !,Дай-дай !
ALE,1;01.29,ALE,"tite, tute, ta .",3,"Тите, туте, та .","Тите , туте , та .","Тите , туте , та ."
ALE,1;01.29,ALE,na !,1,На !,На !,На !
ALE,1;01.29,ALE,tpru .,1,Тпру .,Тпру .,Тпру .
ALE,1;01.29,ALE,"mammo, mammo .",2,"Маммо, маммо .","Маммо , маммо .","Мамо , мамо ."
ALE,1;01.29,ALE,daj-daj-daj-daj !,1,Дай-дай-дай-дай !,Дай-дай-дай-дай !,Дай-дай-дай-дай !
ALE,1;01.29,ALE,dzak .,1,Дзак .,Дзак .,Дзак .
ALE,1;01.29,ALE,Tam .,1,Там .,Там .,Там .
ALE,1;01.29,ALE,"Mamma, mamma !",2,"Мамма, мамма !","Мамма , мамма !","Мама , мама !"
ALE,1;01.29,ALE,"Mamma, mamma, maamma .",3,"Мамма, мамма, маамма .","Мама , мама , мама .","Мама , мама , мама ."
ALE,1;05.06,ALE,popot .,1,Попот .,Попот .,Попот .
ALE,1;05.08,ALE,kykyn .,1,Къкън .,Къкън .,Къкън .
ALE,1;05.08,ALE,paapa [: jade] .,1,Паапа [: яде] .,Паапа .,Яде .
ALE,1;05.08,ALE,jede [: jade] .,1,Йеде [: яде] .,Йеде .,Яде .
ALE,1;05.08,ALE,nosi !,1,Носи !,Носи !,Носи !
ALE,1;05.08,ALE,daj !,1,Дай !,Дай !,Дай !
ALE,1;05.08,ALE,"abylki, abylki [: jabylki] .",2,"Абълки, абълки [: ябълки] .","Абълки , абълки .","Ябълки , ябълки ."
ALE,1;05.08,ALE,o-o-o-o !,1,О-о-о-о !,О-о-о-о !,О-о-о-о !
ALE,1;05.08,ALE,tochi [: kopche] .,1,Точи [: копче] .,Точи .,Копче .
ALE,1;05.08,ALE,I mamata .,2,И мамата .,И мамата .,И мамата .
ALE,1;05.08,ALE,daj !,1,Дай !,Дай !,Дай !
ALE,1;05.08,ALE,uga [: druga] !,1,Уга [: друга] !,Уга !, Друга !
ALE,1;05.08,ALE,da-a .,1,Да-а .,Да-а .,Да-а .
ALE,1;05.08,ALE,"maama, maama .",2,"Маама, маама .","Маама , маама .","Мама , мама ."
ALE,1;05.08,ALE,dode [: grozde] .,1,Доде [: грозде] .,Доде ., Грозде .
ALE,1;05.08,ALE,pateto .,1,Патето .,Патето .,Патето .
ALE,1;05.08,ALE,mush .,1,Муш .,Муш .,Муш .
ALE,1;05.08,ALE,na dadu [: djado] .,2,На даду [: дядо] .,На даду .,На дядо .
ALE,1;05.08,ALE,"mamo, ejnence [: lajnence] .",2,"Мамо, ейненце [: лайненце] .","Мамо , ейненце .","Мамо , лайненце ."
ALE,1;05.08,ALE,aga [: ljagaj/da ljagash] tuk !,3,Ага [: лягай/да лягаш] тук !,Ага тук !,Лягай тук !
ALE,1;05.08,ALE,dodi [: otvori] !,1,Доди [: отвори] !,Доди !,Отвори !
ALE,1;05.08,ALE,pateto !,1,Патето !,Патето !,Патето !
ALE,1;05.08,ALE,ijchice [: jajchice] !,1,Ийчице [: яйчице] !,Ийчице !,Яйчице !
ALE,1;05.08,ALE,baju Baju .,2,Байу байу .,Байу байу .,Байу байу .
ALE,1;05.08,ALE,Ola ti !,2,Ола ти !,Ола ти !,Ола ти !
ALE,1;05.08,ALE,gushi .,1,Гуши .,Гуши .,Гуши .
ALE,1;05.08,ALE,ikash li ?,2,Икаш ли ?,Икаш ли ?,Икаш ли ?
ALE,1;05.08,ALE,"o-o , mama !",2,"О-о , мама !","О-о , мама !","О-о , мама !"
ALE,1;05.08,ALE,mama tuka !,2,Мама тука !,Мама тука !,Мама тука !
ALE,1;05.08,ALE,chete .,1,Чете .,Чете .,Чете .
ALE,1;05.08,ALE,"a-u, a-u, a .",3,"А-у, а-у, а .","А-у , а-у , а .","А-у , а-у , а ."
ALE,1;05.08,ALE,"mamo, buja !",2,"Мамо, буя !","Мамо , буя !","Мамо , буя !"
ALE,1;05.08,ALE,"bikitka, bikitka [: biskvitka] .",2,"Бикитка, бикитка [: бисквитка] .","Бикитка , бикитка .","Бисквитка , бисквитка ."
ALE,1;05.08,ALE,chaj !,1,Чай !,Чай !,Чай !
ALE,1;05.08,ALE,pij .,1,Пий .,Пий .,Пий .
ALE,1;06.21,ALE,goukichkoto [: gorkichkoto] pannalo [: padnalo] .,2,Гоукичкото [: горкичкото] паннало [: паднало] .,Гоукичкото паннало .,Горкичкото паднало .
ALE,1;06.21,ALE,eto go .,2,Ето го .,Ето го .,Ето го .
ALE,1;06.21,ALE,osunka [: risunka] .,1,Осунка [: рисунка] .,Осунка .,Рисунка .
ALE,1;06.21,ALE,oti ino rejs .,3,Оти ино рейс .,Оти ино рейс .,Оти ино рейс .
ALE,1;06.21,ALE,pitchica .,1,Питчица .,Питчица .,Питчица .
ALE,1;06.21,ALE,bichash [: obicham] .,1,Бичаш [: обичам] .,Бичаш .,Обичам .
ALE,1;06.21,ALE,"pitkata, pitkata .",2,"Питката, питката .","Питката , питката .","Питката , питката ."
ALE,1;06.21,ALE,misho .,1,Мишо .,Мишо .,Мишо .
ALE,1;06.21,ALE,Tisa ino [: trdeset i edno] .,4,Тиса ино [: трдесет и едно] .,Тиса ино .,Тридесет и едно .
ALE,1;06.21,ALE,koua [: Kola] .,1,Коуа [: кола] .,Коуа .,Кола .
ALE,1;06.21,ALE,maxa [: maxni ja] !,2,Маxа [: маxни я] !,Маxа !,Маxни я !
ALE,1;06.21,ALE,popov .,1,Попов .,Попов .,Попов .
ALE,1;06.21,ALE,ej go tuk .,3,Ей го тук .,Ей го тук .,Ей го тук .
ALE,1;06.21,ALE,anichka [: ranichka] .,1,Аничка [: раничка] .,Аничка .,Раничка .
ALE,1;06.21,ALE,goti [: gotvi] pitchica .,2,Готи [: готви] питчица .,Готи питчица .,Готви питчица .
ALE,1;06.21,ALE,"mamo, gushi [: gushni me] !",3,"Мамо, гуши [: гушни ме] !","Мамо , гуши !","Мамо, гуши !"
ALE,1;06.21,ALE,"mamo, daj !",2,"Мамо, дай !","Мамо , дай !","Мамо , дай !"
ALE,1;06.21,ALE,mejla me ba .,3,Мейла ме ба .,Мейла ме ба .,Мейла ме ба .
ALE,1;06.21,ALE,I [: na] Tashito [: Sashito] .,2,И [: на] ташито [: сашито] .,И ташито .,И на Сашито .
ALE,1;06.21,ALE,I [: ne] ta [: shta] .,2,И [: не] та [: ща] .,И та .,не ща .
ALE,1;06.21,ALE,bujka [: obuvka] tokchita [: s tokcheta] .,3,Буйка [: обувка] токчита [: с токчета] .,Буйка токчита .,Буйка токчита .
ALE,1;06.21,ALE,ugata [: drugata] .,1,Угата [: другата] .,Угата .,Другата .
ALE,1;06.21,ALE,"bebcho, mauash [: masazh] ?",2,"Бебчо, мауаш [: масаж] ?","Бебчо , мауаш ?","Бебчо , масаж ?"
ALE,1;06.21,ALE,mashina .,1,Машина .,Машина .,Машина .
ALE,1;06.21,ALE,panna [: padna] nizhkata [: knizhkata] .,2,Панна [: падна] нижката [: книжката] .,Панна нижката .,Падна книжката .
ALE,1;06.21,ALE,taka koukaua [: kokala] .,2,Така коукауа [: кокала] .,Така коукауа .,Така кокала .
ALE,1;06.21,ALE,kafe .,1,Кафе .,Кафе .,Кафе .
ALE,1;06.21,ALE,kakite .,1,Каките .,Каките .,Каките .
ALE,1;06.21,ALE,goti [: gotvi] pitki .,2,Готи [: готви] питки .,Готи питки .,Готви питки .
ALE,1;07.20,ALE,papa moukouchi [: morkovche] .,2,Папа моукоучи [: морковче] .,Папа моукоучи .,Папа морковче .
ALE,1;07.20,ALE,diteto pi [: spi] .,2,Дитето пи [: спи] .,Дитето пи .,Дитето спи .
ALE,1;07.20,ALE,Tam .,1,Там .,Там .,Там .
ALE,1;07.20,ALE,na dyuoto [: dyrvoto] .,2,На дюото [: дървото] .,На дюото .,На дървото .
ALE,1;07.20,ALE,"mamo, pak aukuak [: kljak] !",3,"Мамо, пак аукуак [: кляк] !","Мамо , пак аукуак !","Мамо , пак кляк !"
ALE,1;07.20,ALE,aukite [: malkite] michenca [: mechenca] .,2,Ауките [: малките] миченца [: меченца] .,Ауките миченца .,Малките меченца .
ALE,1;07.20,ALE,vodit'ka [: vodichka] .,1,Водит'ка [: водичка] .,Водит'ка .,Водичка .
ALE,1;07.20,ALE,pet .,1,Пет .,Пет .,Пет .
ALE,1;07.20,ALE,oki [: oshte] ino [: edno] !,2,Оки [: още] ино [: едно] !,Оки ино !,Още едно !
ALE,1;07.20,ALE,"mejsi, tate .",2,"Мейси, тате .","Мейси , тате .","Мейси , тате ."
ALE,1;07.20,ALE,"I [: na] tati, i [: na] mama, i [: na] tati .",6,"И [: на] тати, и [: на] мама, и [: на] тати .","И тати , и мама , и тати .","И тати , и мама , и тати ."
ALE,1;07.20,ALE,mama dava chaj .,3,Мама дава чай .,Мама дава чай .,Мама дава чай .
ALE,1;07.20,ALE,"dysh [: dryzh], mamo, panna .",3,"Дъш [: дръж], мамо, панна .","Дъш , мамо , панна .","Дръж мамо , панна ."
ALE,1;07.20,ALE,oti [: oshte] ino [: edin] dado [: djado] !,3,Оти [: още] ино [: един] дадо [: дядо] !,Оти ино дадо !,Още един дядо !
ALE,1;07.20,ALE,na griuata [: krevata] .,2,На гриуата [: кревата] .,На гриуата .,На кревата .
ALE,1;07.20,ALE,"mamo, klek !",2,"Мамо, клек !","Мамо , клек !","Мамо , клек !"
ALE,1;07.20,ALE,basaxxx Bajo .,2,Басаxxx байо .,Басаxxx байо .,Басаxxx байо .
ALE,1;07.20,ALE,"babata, kukuata [: kuklata] .",2,"Бабата, кукуата [: куклата] .","Бабата , кукуата .","Бабата , куклата ."
ALE,1;07.20,ALE,papa uk [: luk] .,2,Папа ук [: лук] .,Папа ук .,Папа лук .
ALE,1;07.20,ALE,a-maxa-maxa .,1,А-маxа-маxа .,А-маxа-маxа .,А-маxа-маxа .
ALE,1;07.20,ALE,majkata !,1,Майката !,Майката !,Майката !
ALE,1;07.20,ALE,"mamo, buj [: obuj] botutkite [: botushkite] !",3,"Мамо, буй [: обуй] ботутките [: ботушките] !","Мамо , буй ботутките !","Мамо , обуй ботушките !"
ALE,1;07.20,ALE,na Tashito [: Sasheto] .,2,На ташито [: сашето] .,На ташито .,На Сашето .
ALE,1;07.20,ALE,kotito .,1,Котито .,Котито .,Котито .
ALE,1;07.20,ALE,fiu .,1,Фиу .,Фиу .,Фиу .
ALE,1;07.20,ALE,kotito .,1,Котито .,Котито .,Котито .
ALE,1;08.22,ALE,ki [: skri se] .,2,Ки [: скри се] .,Ки .,Скри .
ALE,1;08.22,ALE,"dobe [: dobre], mamichko !",2,"Добе [: добре], мамичко !","Добе , мамичко !",Добре мамичко !
ALE,1;08.22,ALE,pannax [: padnax] !,1,Паннаx [: паднаx] !,Паннаx !,Паднаx !
ALE,1;08.22,ALE,"mamo, babata nuchka [: vnuchka] .",3,"Мамо, бабата нучка [: внучка] .","Мамо , бабата нучка .","Мамо , бабата внучка ."
ALE,1;08.22,ALE,tati pinc [: princ] .,2,Тати пинц [: принц] .,Тати пинц .,Тати принц .
ALE,1;08.22,ALE,"moja [: molja] te, bebcheto !",3,"Моя [: моля] те, бебчето !","Моя те , бебчето !","Моля те , бебчето !"
ALE,1;08.22,ALE,ki [: skri] sichkiti [: vsichkite] ibki [: ribki] .,3,Ки [: скри] сичкити [: всичките] ибки [: рибки] .,Ки сичкити ибки .,Скри всичките рибки .
ALE,1;08.22,ALE,djado jakoxxx .,2,Дядо якоxxx .,Дядо якоxxx .,Дядо якоxxx .
ALE,1;08.22,ALE,masha ogubila [: zagubila] .,2,Маша огубила [: загубила] .,Маша огубила .,Маша загубила .
ALE,1;08.22,ALE,pinceska [: princeska] .,1,Пинцеска [: принцеска] .,Пинцеска .,Принцеска .
ALE,1;08.22,ALE,"mamo, chupi [: otchupi] !",2,"Мамо, чупи [: отчупи] !","Мамо , чупи !","Мамо , отчупи !"
ALE,1;08.22,ALE,"kako, jagaj [: ljagaj] i [: da] spish !",4,"Како, ягай [: лягай] и [: да] спиш !","Како , ягай и спиш !","Како , лягай да спиш !"
ALE,1;08.22,ALE,"ikam [: iskam] Beti, Uilma !",3,"Икам [: искам] бети, уилма !","Икам бети , уилма !","Искам бети , уилма !"
ALE,1;08.22,ALE,pannax [: padnax] !,1,Паннаx [: паднаx] !,Паннаx !,Паднаx !
ALE,1;08.22,ALE,I [: na] Baju Baju [: Zajo Bajo] pachenceto [: parchenceto] .,5,И [: на] байу байу [: зайо байо] паченцето [: парченцето] .,И байу байу паченцето .,И Зайо Байо парченцето .
ALE,1;08.22,ALE,a [: na] gyyneto [: gyrneto] .,2,А [: на] гъънето [: гърнето] .,А гъънето ., На гърнето .
ALE,1;08.22,ALE,njama .,1,Няма .,Няма .,Няма .
ALE,1;08.22,ALE,vidja [: da vidja] .,2,Видя [: да видя] .,Видя .,Видя .
ALE,1;08.22,ALE,kutijkata-a-a-a !,1,Кутийката-а-а-а !,Кутийката-а-а-а !,Кутийката-а-а-а !
ALE,1;08.22,ALE,poboixxx pupujak [: morjak] .,2,Побоиxxx пупуяк [: моряк] .,Побоиxxx пупуяк .,Побоиxxx моряк .
ALE,1;08.22,ALE,chupia [: nachupila] i beia [: obelila] a [: na] pachenca [: parchenca] .,5,Чупиа [: начупила] и беиа [: обелила] а [: на] паченца [: парченца] .,Чупиа и беиа а паченца .,Начупила и обелила на парченца .
ALE,1;08.22,ALE,kucheto .,1,Кучето .,Кучето .,Кучето .
ALE,1;08.22,ALE,ne si [: e] .,2,Не си [: е] .,Не си .,Не е .
ALE,1;08.22,ALE,"mamo, pusni muikata [: muzikata] !",3,"Мамо, пусни муиката [: музиката] !","Мамо , пусни муиката !","Мамо , пусни музиката !"
ALE,1;08.22,ALE,ljoklja [: roklja] .,1,Льокля [: рокля] .,Льокля .,Рокля .
ALE,1;08.22,ALE,ikam [: iskam] kutijkata !,2,Икам [: искам] кутийката !,Икам кутийката !,Искам кутийката !
ALE,1;08.22,ALE,uchi .,1,Учи .,Учи .,Учи .
ALE,1;08.22,ALE,chupi [: schupix] go .,2,Чупи [: счупиx] го .,Чупи го .,Счупиx го .
ALE,1;08.22,ALE,lju-lju-lju bebeto .,2,Льу-льу-льу бебето .,Льу-льу-льу бебето .,Лю-лю-лю бебето .
ALE,1;08.22,ALE,zapalo [: zaspalo] .,1,Запало [: заспало] .,Запало .,Заспало .
ALE,1;08.22,ALE,kaaj [: kraj] !,1,Каай [: край] !,Каай !,Край !
ALE,1;08.22,ALE,"maxna dugata [: drugata] xxx, mamo, mushna dugata [: drugata] .",5,"Маxна дугата [: другата] xxx, мамо, мушна дугата [: другата] .","Маxна дугата xxx , мамо , мушна дугата .","Маxна другата xxx , мамо , мушна другата ."
ALE,1;08.22,ALE,"zyshto, zyshto [: zashto], Teche, syboi [: sybori], zashto, a !",6,"Зъщо, зъщо [: защо], тече, събои [: събори], защо, а !","Зъщо , зъщо , тече , събои , защо , а !","Защо , защо тече , събори защо , а !"
ALE,1;08.22,ALE,pai [: pravi] mi mecha typka [: mecha stypka] !,5,Паи [: прави] ми меча тъпка [: меча стъпка] !,Паи ми меча тъпка !,Прави ми меча стъпка !
ALE,1;09.19,ALE,misi [: mersi] !,1,Миси [: мерси] !,Миси !,Мерси !
ALE,1;09.19,ALE,tupam kiima [: kilima] .,2,Тупам киима [: килима] .,Тупам киима .,Тупам килима .
ALE,1;09.19,ALE,tatko Mecho bamchau [: izbrymchal] i myninkite mecheta bamchai [: izbrymchali] .,7,Татко мечо бамчау [: избръмчал] и мънинките мечета бамчаи [: избръмчали] .,Татко мечо бамчау и мънинките мечета бамчаи .,Татко мечо избръмчал и мънинките мечета избръмчали .
ALE,1;09.19,ALE,Ena [: edna] topka .,2,Ена [: една] топка .,Ена топка .,Една топка .
ALE,1;09.19,ALE,cheshi .,1,Чеши .,Чеши .,Чеши .
ALE,1;09.19,ALE,ne .,1,Не .,Не .,Не .
ALE,1;09.19,ALE,eto ja pytetkata [: pytechkata] .,3,Ето я пътетката [: пътечката] .,Ето я пътетката .,Ето я пътечката .
ALE,1;09.19,ALE,imon [: limon] glize [: grize] .,2,Имон [: лимон] глизе [: гризе] .,Имон глизе .,Лимон гризе .
ALE,1;09.19,ALE,djado Muashchi [: Mrazche] !,2,Дядо муашчи [: мразче] !,Дядо муашчи !,Дядо Мразче !
ALE,1;09.19,ALE,ne shte pitki .,3,Не ще питки .,Не ще питки .,Не ще питки .
ALE,1;09.19,ALE,eto go migyl-migyl .,3,Ето го мигъл-мигъл .,Ето го мигъл-мигъл .,Ето го мигъл-мигъл .
ALE,1;09.19,ALE,pja [: da lepja] tati pismoto .,4,Пя [: да лепя] тати писмото .,Пя тати писмото .,Да лепя тати писмото .
ALE,1;09.19,ALE,chuka na nego .,3,Чука на него .,Чука на него .,Чука на него .
ALE,1;09.19,ALE,ne sym .,2,Не съм .,Не съм .,Не съм .
ALE,1;09.19,ALE,chupja tejefon [: telefon] .,2,Чупя тейефон [: телефон] .,Чупя тейефон .,Чупя телефон .
ALE,1;09.19,ALE,ne shte [: ne shta] kapchici za nos !,6,Не ще [: не ща] капчици за нос !,Не ще капчици за нос !,Не ща капчици за нос !
ALE,1;09.19,ALE,baba i djado tishi [: otishli] guata [: gorata] i [: za] gybki .,7,Баба и дядо тиши [: отишли] гуата [: гората] и [: за] гъбки .,Баба и дядо тиши гуата и гъбки .,Баба и дядо отишли гората за гъбки .
ALE,1;09.19,ALE,baba paj [: pravi] pitki 0na tuj [: tova] puzhojchi [: prozorche] .,6,Баба пай [: прави] питки 0на туй [: това] пужойчи [: прозорче] .,Баба пай питки туй пужойчи .,Баба прави питки това прозорче .
ALE,1;09.19,ALE,suozhi [: da slozhi] bebcheto shaucheto [: shalcheto] .,4,Суожи [: да сложи] бебчето шаучето [: шалчето] .,Суожи бебчето шаучето .,Да сложи бебчето шалчето .
ALE,1;09.19,ALE,njama .,1,Няма .,Няма .,Няма .
ALE,1;09.19,ALE,toa kutinci [: kuchence] .,2,Тоа кутинци [: кученце] .,Тоа кутинци .,Тоа кученце .
ALE,1;09.19,ALE,"ax, tova date [: dete] !",3,"Аx, това дате [: дете] !","Аx , това дате !","Аx , това дете !"
ALE,1;09.19,ALE,zema [: da vzema] pismoto .,3,Зема [: да взема] писмото .,Зема писмото .,Да взема писмото .
ALE,1;09.19,ALE,na tuj nosle !,3,На туй носле !,На туй носле !,На туй носле !
ALE,1;09.19,ALE,obua [: obuva] dzhadzhika [: chorapogashtnika] .,2,Обуа [: обува] джаджика [: чорапогащника] .,Обуа джаджика .,Обува чорапогащника .
ALE,1;09.19,ALE,kasetata .,1,Касетата .,Касетата .,Касетата .
ALE,1;09.19,ALE,tk !,1,Тк !,Тк !,Тк !
ALE,1;09.19,ALE,na men .,2,На мен .,На мен .,На мен .
ALE,1;09.19,ALE,azvai [: razvali] kyshtichkata .,2,Азваи [: развали] къщичката .,Азваи къщичката .,Развали къщичката .
ALE,1;10.12,ALE,djado Sasho .,2,Дядо сашо .,Дядо сашо .,Дядо Сашо .
ALE,1;10.12,ALE,ostavi ja .,2,Остави я .,Остави я .,Остави я .
ALE,1;10.12,ALE,enna godinka .,2,Енна годинка .,Енна годинка .,Енна годинка .
ALE,1;10.12,ALE,mama Moumouana [: Myrmorana] jegnaua [: legnala] a [: da] spi .,5,Мама моумоуана [: мърморана] йегнауа [: легнала] а [: да] спи .,Мама моумоуана йегнауа а спи .,Мама Мърморана легнала да спи .
ALE,1;10.12,ALE,ikam vyjzha [: da vyrzha] i tojte [: tvoite] uyce [: ryce] .,6,Икам въйжа [: да вържа] и тойте [: твоите] уъце [: ръце] .,Икам въйжа и тойте уъце ., Икам вържа и твоите ръце .
ALE,1;10.12,ALE,iskam enna kokoshka !,3,Искам енна кокошка !,Искам енна кокошка !,Искам енна кокошка !
ALE,1;10.12,ALE,Mina .,1,Мина .,Мина .,Мина .
ALE,1;10.12,ALE,"mamo, samo vyuvja [: vyrvja] .",3,"Мамо, само вювя [: вървя] .","Мамо , само вювя .","Мамо , само вървя ."
ALE,1;10.12,ALE,dado noshil [: nosil] komin .,3,Дадо ношил [: носил] комин .,Дадо ношил комин .,Дадо носил комин .
ALE,1;10.12,ALE,"da, eto i dugata buvka [: obuvka] .",5,"Да, ето и дугата бувка [: обувка] .","Да , ето и дугата бувка .","Да , ето и дугата обувка ."
ALE,1;10.12,ALE,djadoto .,1,Дядото .,Дядото .,Дядото .
ALE,1;10.12,ALE,shasheto [: Sasheto] ika [: iska] gooi [: da govori] !,4,Шашето [: сашето] ика [: иска] гоои [: да говори] !,Шашето ика гоои !,Сашето иска говори !
ALE,1;10.12,ALE,shama [: sama] buja [: shte obuja] .,3,Шама [: сама] буя [: ще обуя] .,Шама буя .,Ще обуя .
ALE,1;10.12,ALE,moufkva [: Moskva] .,1,Моуфква [: москва] .,Моуфква .,Москва .
ALE,1;10.12,ALE,"mamo, daj si dugija kuak !",5,"Мамо, дай си дугия куак !","Мамо , дай си дугия куак !","Мамо , дай си дугия куак !"
ALE,1;10.12,ALE,gybena chobit'ka [: chorbichka] .,2,Гъбена чобит'ка [: чорбичка] .,Гъбена чобит'ка .,Гъбена чорбичка .
ALE,1;10.12,ALE,panna dugata obuvka .,3,Панна дугата обувка .,Панна дугата обувка .,Панна дугата обувка .
ALE,1;10.12,ALE,kasheta [: kaseta] .,1,Кашета [: касета] .,Кашета .,Касета .
ALE,1;10.12,ALE,az sym pyjva [: pyrva] !,3,Аз съм пъйва [: първа] !,Аз съм пъйва !,Аз съм първа !
ALE,1;10.12,ALE,++ Edna majka .,2,++ една майка .,една майка .,Една майка .
ALE,1;10.12,ALE,itkam shima [: sama] buja [: da obuja] kuklata .,5,Иткам шима [: сама] буя [: да обуя] куклата .,Иткам шима буя куклата .,Иткам сама обуя куклата .
ALE,1;10.12,ALE,mamo !,1,Мамо !,Мамо !,Мамо !
ALE,1;10.12,ALE,"mamo, kouko [: kolko] si douba [: dobra] !",4,"Мамо, коуко [: колко] си доуба [: добра] !","Мамо , коуко си доуба !","Мамо , колко си добра !"
ALE,1;10.12,ALE,ne sym .,2,Не съм .,Не съм .,Не съм .
ALE,1;10.12,ALE,da .,1,Да .,Да .,Да .
ALE,1;10.12,ALE,"teche, daj dugija [: drugija] krak !",4,"Тече, дай дугия [: другия] крак !","Тече , дай дугия крак !","Тече , дай другия крак !"
ALE,1;10.12,ALE,kacha [: shte se kacha] isokoto [: na visokoto] .,5,Кача [: ще се кача] исокото [: на високото] .,Кача исокото .,Кача високото .
ALE,1;11.14,ALE,obux sa .,2,Обуx са .,Обуx са .,Обуx са .
ALE,1;11.14,ALE,xxxcheto !,1,Xxxчето !,Xxxчето !,Xxxчето !
ALE,1;11.14,ALE,Toi [: da stoi] bosa .,3,Тои [: да стои] боса .,Тои боса .,Стои боса .
ALE,1;11.14,ALE,api [: xape] cheichkata [: rychichkata] .,2,Апи [: xапе] чеичката [: ръчичката] .,Апи чеичката .,Хапе ръчичката .
ALE,1;11.14,ALE,"o-mama-o-o, bjagam !",2,"О-мама-о-о, бягам !","О-мама-о-о , бягам !","О-мама-о-о , бягам !"
ALE,1;11.14,ALE,n [: ne] daam [: davam] igata [: igrata] !,3,Н [: не] даам [: давам] игата [: играта] !,Н даам игата !,Не давам играта !
ALE,1;11.14,ALE,eto go Tilancho [: Patilancho] noicata [: s nozhicata] !,5,Ето го тиланчо [: патиланчо] ноицата [: с ножицата] !,Ето го тиланчо ноицата !,Ето го Паиланчо с ножицата !
ALE,1;11.14,ALE,mama izpi kastvoto [: lekarstvoto] .,3,Мама изпи каството [: лекарството] .,Мама изпи каството .,Мама изпи лекарството .
ALE,1;11.14,ALE,ne bukacheto .,2,Не букачето .,Не букачето .,Не букачето .
ALE,1;11.14,ALE,mene .,1,Мене .,Мене .,Мене .
ALE,1;11.14,ALE,Ola [: ela] mani [: maxni] obuvkata !,3,Ола [: ела] мани [: маxни] обувката !,Ола мани обувката !,Ела маxни обувката !
ALE,1;11.14,ALE,a [: za] piinceto [: pilenceto] njama !,3,А [: за] пиинцето [: пиленцето] няма !,А пиинцето няма !,За пиленцето няма !
ALE,1;11.14,ALE,shishkova debelanka .,2,Шишкова дебеланка .,Шишкова дебеланка .,Шишкова дебеланка .
ALE,1;11.14,ALE,Meda izjade .,2,Меда изяде .,Меда изяде .,Меда изяде .
ALE,1;11.14,ALE,"ma [: mamo], la [: ela] bujsh [: da obuesh] kuklata !",5,"Ма [: мамо], ла [: ела] буйш [: да обуеш] куклата !","Ма , ла буйш куклата !","Мамо , ела обуеш куклата !"
ALE,1;11.14,ALE,mijau .,1,Мияу .,Мияу .,Мияу .
ALE,1;11.14,ALE,daj luto [: ljuto] apche [: xapche] !,3,Дай луто [: льуто] апче [: xапче] !,Дай луто апче !,Дай люто xапче !
ALE,1;11.14,ALE,papaj !,1,Папай !,Папай !,Папай !
ALE,1;11.14,ALE,a [: za] piinceto [: pilenceto] izpej [: shte izpeja] pesnichkata .,5,А [: за] пиинцето [: пиленцето] изпей [: ще изпея] песничката .,А пиинцето изпей песничката .,За пиленцето изпей песничката .
ALE,1;11.14,ALE,tuka Kumcho Vylcho !,3,Тука кумчо вълчо !,Тука кумчо вълчо !,Тука кумчо вълчо !
ALE,1;11.14,ALE,da .,1,Да .,Да .,Да .
ALE,1;11.14,ALE,beja [: belja] teefona [: telefona] .,2,Бея [: беля] теефона [: телефона] .,Бея теефона .,Беля телефона .
ALE,1;11.14,ALE,pi [: pri] mama .,2,Пи [: при] мама .,Пи мама .,При мама .
ALE,1;11.14,ALE,"kokal, obuvka .",2,"Кокал, обувка .","Кокал , обувка .","Кокал , обувка ."
ALE,1;11.14,ALE,eto gi !,2,Ето ги !,Ето ги !,Ето ги !
ALE,1;11.14,ALE,toa [: tova] j [: e] kaka [: na kaka] kychichkata [: kyshtichkata] !,5,Тоа [: това] й [: е] кака [: на кака] къчичката [: къщичката] !,Тоа й кака къчичката !,Това е кака къщичката !
ALE,1;11.14,ALE,++ novi patalonki .,2,++ нови паталонки .,нови паталонки .,Нови паталонки .
ALE,1;11.14,ALE,siip !,1,Сиип !,Сиип !,Сиип !
ALE,1;11.14,ALE,"cholapki [: chorapki], y-y-y, obuvkata, mamo, obuvkata !",5,"Чолапки [: чорапки], ъ-ъ-ъ, обувката, мамо, обувката !","Чолапки , ъ-ъ-ъ , обувката , мамо , обувката !","Чорапки ъ-ъ-ъ , обувката , мамо , обувката !"
ALE,1;11.14,ALE,ne boljavat [: ne razboljavat] .,3,Не боляват [: не разболяват] .,Не боляват .,Не разболяват .
ALE,1;11.14,ALE,nosi [: donesi] pak zijata [: zmijata] !,3,Носи [: донеси] пак зията [: змията] !,Носи пак зията !,Донеси пак змията !
ALE,1;11.14,ALE,shokolad .,1,Шоколад .,Шоколад .,Шоколад .
ALE,2;00.13,ALE,njama ja .,2,Няма я .,Няма я .,Няма я .
ALE,2;00.13,ALE,pet sadoledcheta [: sladoledcheta] .,2,Пет садоледчета [: сладоледчета] .,Пет садоледчета .,Пет сладоледчета .
ALE,2;00.13,ALE,kakvo puskash pak ?,3,Какво пускаш пак ?,Какво пускаш пак ?,Какво пускаш пак ?
ALE,2;00.13,ALE,da .,1,Да .,Да .,Да .
ALE,2;00.13,ALE,njama na [: da] bij Mimito Polja .,5,Няма на [: да] бий мимито поля .,Няма на бий мимито поля .,Няма да бий Мимито Поля .
ALE,2;00.13,ALE,da .,1,Да .,Да .,Да .
ALE,2;00.13,ALE,gutashna vutenica !,2,Гуташна вутеница !,Гуташна вутеница !,Гуташна вутеница !
ALE,2;00.13,ALE,izjash [: izjadox] .,1,Изяш [: изядоx] .,Изяш .,Изядоx .
ALE,2;00.13,ALE,pochva na Sasheto .,3,Почва на сашето .,Почва на сашето .,Почва на Сашето .
ALE,2;00.13,ALE,da gledkam .,2,Да гледкам .,Да гледкам .,Да гледкам .
ALE,2;02.24,ALE,da .,1,Да .,Да .,Да .
ALE,2;02.24,ALE,da .,1,Да .,Да .,Да .
ALE,2;02.24,ALE,I ushenca ima .,3,И ушенца има .,И ушенца има .,И ушенца има .
ALE,2;02.24,ALE,ti .,1,Ти .,Ти .,Ти .
ALE,2;02.24,ALE,daj mi da si xapna !,5,Дай ми да си xапна !,Дай ми да си xапна !,Дай ми да си xапна !
ALE,2;02.24,ALE,xubavo me zavij !,3,Xубаво ме завий !,Xубаво ме завий !,Xубаво ме завий !
ALE,2;02.24,ALE,tuka ima edno momchence spinka .,5,Тука има едно момченце спинка .,Тука има едно момченце спинка .,Тука има едно момченце спинка .
ALE,2;02.24,ALE,polej ja !,2,Полей я !,Полей я !,Полей я !
ALE,2;02.24,ALE,"ne iskam, ne iskam !",4,"Не искам, не искам !","Не искам , не искам !","Не искам , не искам !"
ALE,2;02.24,ALE,"ne moga da spra, njama .",5,"Не мога да спра, няма .","Не мога да спра , няма .","Не мога да спра , няма ."
ALE,2;02.24,ALE,"mamo, to xxx beshe .",3,"Мамо, то xxx беше .","Мамо , то xxx беше .","Мамо , то xxx беше ."
ALE,2;02.24,ALE,bez kazhi !,2,Без кажи !,Без кажи !,Без кажи !
ALE,2;02.24,ALE,"a-a-be, ostavi me !",3,"А-а-бе, остави ме !","А-а-бе , остави ме !","А-а-бе , остави ме !"
ALE,2;02.24,ALE,daj pupala !,2,Дай пупала !,Дай пупала !,Дай пупала !
ALE,2;02.24,ALE,eto tam e enna [: edna] xapka vizh !,6,Ето там е енна [: една] xапка виж !,Ето там е енна xапка виж !,Ето там е една xапка виж !
ALE,2;02.24,ALE,iskam da mi napavish [: napravish] enni [: edni] pystencheta [: prystencheta] .,6,Искам да ми напавиш [: направиш] енни [: едни] пъстенчета [: пръстенчета] .,Искам да ми напавиш енни пъстенчета .,Искам да ми направиш едни пръстенчета .
ALE,2;02.24,ALE,da .,1,Да .,Да .,Да .
ALE,2;02.24,ALE,"mamo, gedaj [: gledaj] tova meche !",4,"Мамо, гедай [: гледай] това мече !","Мамо , гедай това мече !","Мамо , гледай това мече !"
ALE,2;02.24,ALE,"mamo, zemi tova !",3,"Мамо, земи това !","Мамо , земи това !","Мамо , земи това !"
ALE,2;02.24,ALE,"da, az .",2,"Да, аз .","Да , аз .","Да , аз ."
ALE,2;02.24,ALE,obujte me !,2,Обуйте ме !,Обуйте ме !,Обуйте ме !
ALE,2;02.24,ALE,"enno, de [: dve], pet, ti [: tri], oshti enno, oshti enno, oshti enno .",10,"Енно, де [: две], пет, ти [: три], ощи енно, ощи енно, ощи енно .","Енно , де , пет , ти , ощи енно , ощи енно , ощи енно .","Енно , две, пет , три ощи енно , ощи енно , ощи енно ."
ALE,2;02.24,ALE,da .,1,Да .,Да .,Да .
ALE,2;02.24,ALE,mama .,1,Мама .,Мама .,Мама .
ALE,2;02.24,ALE,dobo e .,2,Добо е .,Добо е .,Добо е .
ALE,2;02.24,ALE,da belja li ?,3,Да беля ли ?,Да беля ли ?,Да беля ли ?
ALE,2;02.24,ALE,Sega shi si legneme tuka .,5,Сега ши си легнеме тука .,Сега ши си легнеме тука .,Сега ши си легнеме тука .
ALE,2;02.24,ALE,kamadzheto [: Chekmedzheto] .,1,Камаджето [: чекмеджето] .,Камаджето .,Чекмеджето .
ALE,2;02.24,ALE,"ne, ne, ne iskam, mamo !",5,"Не, не, не искам, мамо !","Не , не , не искам , мамо !","Не , не , не искам , мамо !"
ALE,2;02.24,ALE,"ne, pusni ja !",3,"Не, пусни я !","Не , пусни я !","Не , пусни я !"
ALE,2;02.24,ALE,"ne, ne .",2,"Не, не .","Не , не .","Не , не ."
ALE,2;02.24,ALE,Tam da gi podedja [: podredja] .,4,Там да ги подедя [: подредя] .,Там да ги подедя .,Там да ги подредя .
ALE,2;02.24,ALE,kamikal .,1,Камикал .,Камикал .,Камикал .
ALE,2;02.24,ALE,"da, sam-samichka ja naisuvax [: narisuvax] .",4,"Да, сам-самичка я наисуваx [: нарисуваx] .","Да , сам-самичка я наисуваx .","Да , сам-самичка я нарисуваx ."
ALE,2;02.24,ALE,iskam mama !,2,Искам мама !,Искам мама !,Искам мама !
ALE,2;03.12,ALE,"ne, njama .",2,"Не, няма .","Не , няма .","Не , няма ."
ALE,2;03.12,ALE,a kyde e malkija Fredo ?,5,А къде е малкия фредо ?,А къде е малкия фредо ?,А къде е малкия Фредо ?
ALE,2;03.12,ALE,ne mozhi .,2,Не можи .,Не можи .,Не можи .
ALE,2;03.12,ALE,boi ma [: boli me] .,3,Бои ма [: боли ме] .,Бои ма .,Боли ме .
ALE,2;03.12,ALE,"ne, shte rezha s nozhicata .",5,"Не, ще режа с ножицата .","Не , ще режа с ножицата .","Не , ще режа с ножицата ."
ALE,2;03.12,ALE,da .,1,Да .,Да .,Да .
ALE,2;03.12,ALE,"Sega she j dam, she j schupja pajchenca [: parchenca] cajevichkata [: carevichkata] .",9,"Сега ше й дам, ше й счупя пайченца [: парченца] цайевичката [: царевичката] .","Сега ше й дам , ше й счупя пайченца цайевичката .","Сега ше й дам , ше й счупя парченца царевичката ."
ALE,2;03.12,ALE,da-aaa !,1,Да-ааа !,Да-ааа !,Да-ааа !
ALE,2;03.12,ALE,"mersi, gospodine !",2,"Мерси, господине !","Мерси , господине !","Мерси , господине !"
ALE,2;03.12,ALE,vyzax [: vyrzax] obuvkite .,2,Възаx [: вързаx] обувките .,Възаx обувките .,Вързаx обувките .
ALE,2;03.12,ALE,da ide [: jade] .,2,Да иде [: яде] .,Да иде .,Да яде .
ALE,2;03.12,ALE,"mamo, zakachi mi tija ochilca kakinite !",6,"Мамо, закачи ми тия очилца какините !","Мамо , закачи ми тия очилца какините !","Мамо , закачи ми тия очилца какините !"
ALE,2;03.12,ALE,"mamo, sha ja slozha na ushenceto .",6,"Мамо, ша я сложа на ушенцето .","Мамо , ша я сложа на ушенцето .","Мамо , ша я сложа на ушенцето ."
ALE,2;03.12,ALE,"mnogo ti se molja, kuchenceto mi !",6,"Много ти се моля, кученцето ми !","Много ти се моля , кученцето ми !","Много ти се моля , кученцето ми !"
ALE,2;03.12,ALE,"Tova choveche se kachilo na glavata na djado Sasho, da .",10,"Това човече се качило на главата на дядо сашо, да .","Това човече се качило на главата на дядо сашо , да .","Това човече се качило на главата на дядо Сашо , да ."
ALE,2;03.12,ALE,"teche, ti si edna carica .",5,"Тече, ти си една царица .","Тече , ти си една царица .","Тече , ти си една царица ."
ALE,2;03.12,ALE,kakvo pochva ?,2,Какво почва ?,Какво почва ?,Какво почва ?
ALE,2;03.12,ALE,da .,1,Да .,Да .,Да .
ALE,2;03.12,ALE,"mamo, to stana da gleda telavizija [: televizija] .",6,"Мамо, то стана да гледа телавизия [: телевизия] .","Мамо , то стана да гледа телавизия .","Мамо , то стана да гледа телевизия ."
ALE,2;03.12,ALE,pepeludki [: peperudki] .,1,Пепелудки [: пеперудки] .,Пепелудки .,Пеперудки .
ALE,2;03.12,ALE,da .,1,Да .,Да .,Да .
ALE,2;03.12,ALE,iskam Lambadata !,2,Искам ламбадата !,Искам ламбадата !,Искам ламбадата !
ALE,2;03.12,ALE,"kuchenceto mi, ela, ela, ela !",5,"Кученцето ми, ела, ела, ела !","Кученцето ми , ела , ела , ела !","Кученцето ми , ела , ела , ела !"
ALE,2;03.12,ALE,pak ima Aisha [: Alisa] .,3,Пак има аиша [: алиса] .,Пак има аиша .,Пак има Алиса .
ALE,2;03.12,ALE,kaka ne mi dava da sedna .,6,Кака не ми дава да седна .,Кака не ми дава да седна .,Кака не ми дава да седна .
ALE,2;03.12,ALE,njama da sa maxa ot vodata !,6,Няма да са маxа от водата !,Няма да са маxа от водата !,Няма да са маxа от водата !
ALE,2;03.12,ALE,da .,1,Да .,Да .,Да .
ALE,2;03.12,ALE,"ne, njama touta .",3,"Не, няма тоута .","Не , няма тоута .","Не , няма тоута ."
ALE,2;03.12,ALE,"da, da, zhyltichko e .",4,"Да, да, жълтичко е .","Да , да , жълтичко е .","Да , да , жълтичко е ."
ALE,2;03.12,ALE,"mamo, daj ja na mene taja obichka !",7,"Мамо, дай я на мене тая обичка !","Мамо , дай я на мене тая обичка !","Мамо , дай я на мене тая обичка !"
ALE,2;03.12,ALE,koj e na snimkata ?,4,Кой е на снимката ?,Кой е на снимката ?,Кой е на снимката ?
ALE,2;03.12,ALE,"mama Veli, tatko Mitko i Stefcheto .",6,"Мама вели, татко митко и стефчето .","Мама вели , татко митко и стефчето .","Мама вели , татко митко и стефчето ."
ALE,2;03.12,ALE,kakvo tova ?,2,Какво това ?,Какво това ?,Какво това ?
ALE,2;03.12,ALE,I shi ja zema [: vzema] u kyshti .,6,И ши я зема [: взема] у къщи .,И ши я зема у къщи .,И ши я взема у къщи .
ALE,2;03.12,ALE,oshte edno krachence shte mu slozha !,6,Още едно краченце ще му сложа !,Още едно краченце ще му сложа !,Още едно краченце ще му сложа !
ALE,2;03.12,ALE,ajde de si !,3,Айде де си !,Айде де си !,Айде де си !
ALE,2;03.12,ALE,kyde e Fredo ?,3,Къде е фредо ?,Къде е фредо ?,Къде е фредо ?
ALE,2;03.12,ALE,"mamo, mamo, pilencata vikat .",4,"Мамо, мамо, пиленцата викат .","Мамо , мамо , пиленцата викат .","Мамо , мамо , пиленцата викат ."
ALE,2;03.12,ALE,uchitelkata kyde e ?,3,Учителката къде е ?,Учителката къде е ?,Учителката къде е ?
ALE,2;03.12,ALE,ne .,1,Не .,Не .,Не .
ALE,2;03.12,ALE,I az sha slagam slynchice .,5,И аз ша слагам слънчице .,И аз ша слагам слънчице .,И аз ша слагам слънчице .
ALE,2;03.12,ALE,zapovjadaj !,1,Заповядай !,Заповядай !,Заповядай !
ALE,2;03.12,ALE,az si go zex [: vzex] .,4,Аз си го зеx [: взеx] .,Аз си го зеx .,Аз си го взеx .
ALE,2;03.12,ALE,njama stashno [: strashno] !,2,Няма сташно [: страшно] !,Няма сташно !,Няма страшно !
ALE,2;03.12,ALE,"njama da si ljagam, iskam taka da si legna na [: vyrxu] mamichka !",11,"Няма да си лягам, искам така да си легна на [: върxу] мамичка !","Няма да си лягам , искам така да си легна на мамичка !","Няма да си лягам , искам така да си легна върxу мамичка !"
ALE,2;03.12,ALE,dazhe gleda nasam !,3,Даже гледа насам !,Даже гледа насам !,Даже гледа насам !
ALE,2;03.12,ALE,"mamo, kaza xxx Lambadata .",3,"Мамо, каза xxx ламбадата .","Мамо , каза xxx ламбадата .","Мамо , каза xxx ламбадата ."
ALE,2;04.09,ALE,Sega sh sa kacha pri mama .,6,Сега ш са кача при мама .,Сега ш са кача при мама .,Сега ш са кача при мама .
ALE,2;04.09,ALE,sako [: svako] Nikolaj .,2,Сако [: свако] николай .,Сако николай .,Свако николай .
ALE,2;04.09,ALE,"kak pyk ne, tova e jabylki .",6,"Как пък не, това е ябълки .","Как пък не , това е ябълки .","Как пък не , това е ябълки ."
ALE,2;04.09,ALE,djado Sasho .,2,Дядо сашо .,Дядо сашо .,Дядо Сашо .
ALE,2;04.09,ALE,"mamo, iskam da risuvash Tryncho !",5,"Мамо, искам да рисуваш трънчо !","Мамо , искам да рисуваш трънчо !","Мамо , искам да рисуваш Трънчо !"
ALE,2;04.09,ALE,"mamo, te sa sybudixa, skaaxa [: skaraxa se] .",6,"Мамо, те са събудиxа, скааxа [: скараxа се] .","Мамо , те са събудиxа , скааxа .","Мамо , те са събудиxа , скараxа ."
ALE,2;04.09,ALE,Tova e uoty lili .,4,Това е уотъ лили .,Това е уотъ лили .,Това е уотъ лили .
ALE,2;04.09,ALE,enno ladchexxx .,2,Енно ладчеxxx .,Енно ладчеxxx .,Енно ладчеxxx .
ALE,2;04.09,ALE,na kostenulka .,2,На костенулка .,На костенулка .,На костенулка .
ALE,2;04.09,ALE,zjumbjul .,1,Зйумбйул .,Зйумбйул .,Зюмбюл .
ALE,2;04.09,ALE,"mamo, mamo !",2,"Мамо, мамо !","Мамо , мамо !","Мамо , мамо !"
ALE,2;04.09,ALE,zemi mama mjasto .,3,Земи мама място .,Земи мама място .,Земи мама място .
ALE,2;04.09,ALE,zmija .,1,Змия .,Змия .,Змия .
ALE,2;04.09,ALE,"Tova patenca, a tez sa gyski .",6,"Това патенца, а тез са гъски .","Това патенца , а тез са гъски .","Това патенца , а тез са гъски ."
ALE,2;04.09,ALE,"bebcheto padna sys koichkata [: kolichkata], mamo .",5,"Бебчето падна със коичката [: количката], мамо .","Бебчето падна със коичката , мамо .",Бебчето падна със количката мамо .
ALE,2;04.09,ALE,sukozemna zhaba .,2,Сукоземна жаба .,Сукоземна жаба .,Сукоземна жаба .
ALE,2;04.09,ALE,tigylche [: tigyrche] .,1,Тигълче [: тигърче] .,Тигълче .,Тигърче .
ALE,2;04.09,ALE,taja debelata ne mozhe .,4,Тая дебелата не може .,Тая дебелата не може .,Тая дебелата не може .
ALE,2;04.09,ALE,na edin kon .,3,На един кон .,На един кон .,На един кон .
ALE,2;04.09,ALE,"krem tova, kremche, kashkavalche .",4,"Крем това, кремче, кашкавалче .","Крем това , кремче , кашкавалче .","Крем това , кремче , кашкавалче ."
ALE,2;04.09,ALE,da .,1,Да .,Да .,Да .
ALE,2;04.09,ALE,edelvajs .,1,Еделвайс .,Еделвайс .,Еделвайс .
ALE,2;04.09,ALE,gybi li sa te ?,4,Гъби ли са те ?,Гъби ли са те ?,Гъби ли са те ?
ALE,2;04.09,ALE,Tova e jabylki .,3,Това е ябълки .,Това е ябълки .,Това е ябълки .
ALE,2;04.09,ALE,"daa, pishi, be .",3,"Даа, пиши, бе .","Даа , пиши , бе .","Даа , пиши , бе ."
ALE,2;04.09,ALE,kakaval .,1,Какавал .,Какавал .,Какавал .
ALE,2;04.09,ALE,eto go !,2,Ето го !,Ето го !,Ето го !
ALE,2;04.09,ALE,"mamo, taka ne pishi .",4,"Мамо, така не пиши .","Мамо , така не пиши .","Мамо , така не пиши ."
ALE,2;04.09,ALE,sidoled [: sladoled] .,1,Сидолед [: сладолед] .,Сидолед .,Сладолед .
ALE,2;04.09,ALE,"stefche, daj mi edno ximikal !",5,"Стефче, дай ми едно xимикал !","Стефче , дай ми едно xимикал !","Стефче , дай ми едно xимикал !"
ALE,2;04.09,ALE,"oshte trjabva, oshte ne, oshte ne sa, oshte ne e speklo [: opecheno/ne se e opeklo] !",14,"Още трябва, още не, още не са, още не е спекло [: опечено/не се е опекло] !","Още трябва , още не , още не са , още не е спекло !","Още трябва , още не , още не са , още не е спекло !"
ALE,2;04.09,ALE,flamingo .,1,Фламинго .,Фламинго .,Фламинго .
ALE,2;04.09,ALE,"pljus sedem, pljus, pljus devet, pljus shest, pljus chetirinaset .",9,"Плюс седем, плюс, плюс девет, плюс шест, плюс четиринасет .","Пльус седем , пльус , пльус девет , пльус шест , пльус четиринасет .","Плюс седем , плюс , плюс девет , плюс шест , плюс четиринасет ."
ALE,2;04.09,ALE,Tova e Kumba .,3,Това е кумба .,Това е кумба .,Това е Кумба .
ALE,2;04.09,ALE,patenca .,1,Патенца .,Патенца .,Патенца .
ALE,2;04.09,ALE,fruuts .,1,Фрууц .,Фрууц .,Фрууц .
ALE,2;04.09,ALE,momichence .,1,Момиченце .,Момиченце .,Момиченце .
ALE,2;04.09,ALE,da .,1,Да .,Да .,Да .
BOG,2;01.09,BOG,ne-e-e !,1,Не-е-е !,Не-е-е !,Не-е-е !
BOG,2;01.09,BOG,silop [: sirop] .,1,Силоп [: сироп] .,Силоп .,Сироп .
BOG,2;01.09,BOG,"+"" laloto dete, sennalo ta se stilo pot enno dyte +...",10,"+"" лалото дете, сеннало та се стило пот енно дъте +...",""" лалото дете , сеннало та се стило пот енно дъте . . ."," лалото дете , сеннало та се стило пот енно дъте . . ."
BOG,2;01.09,BOG,Tam mami sika [: sijka] tam pi [: spi] .,5,Там мами сика [: сийка] там пи [: спи] .,Там мами сика там пи .,Там мами сийка там спи .
BOG,2;01.09,BOG,mamo +...,2,Мамо +...,Мамо . . .,Мамо . . .
BOG,2;01.09,BOG,ne .,1,Не .,Не .,Не .
BOG,2;01.09,BOG,Tam maminka sika [: sijka] pi [: spi] .,4,Там маминка сика [: сийка] пи [: спи] .,Там маминка сика пи .,Там маминка сийка спи .
BOG,2;01.09,BOG,da .,1,Да .,Да .,Да .
BOG,2;01.12,BOG,da .,1,Да .,Да .,Да .
BOG,2;01.12,BOG,tejence [: telence] .,1,Тейенце [: теленце] .,Тейенце .,теленце .
BOG,2;01.12,BOG,oshe [: oshte] enna [: edna] mama kava [: krava] ?,4,Оше [: още] енна [: една] мама кава [: крава] ?,Оше енна мама кава ?,Още една мама крава ?
BOG,2;01.12,BOG,a pibee [: da priberem] .,3,А пибее [: да приберем] .,А пибее .,Да приберем .
BOG,2;01.12,BOG,da .,1,Да .,Да .,Да .
BOG,2;01.12,BOG,I malkite kotenca .,3,И малките котенца .,И малките котенца .,И малките котенца .
BOG,2;01.12,BOG,myiki [: mynichki] jebedita [: lebedcheta] .,2,Мъики [: мънички] йебедита [: лебедчета] .,Мъики йебедита .,Мънички лебедчета .
BOG,2;01.12,BOG,oshte !,1,Още !,Още !,Още !
BOG,2;01.12,BOG,++ be-e +.,1,++ бе-е +.,бе-е .,Бе-е .
BOG,2;01.12,BOG,lebed .,1,Лебед .,Лебед .,Лебед .
BOG,2;01.12,BOG,Tova ?,1,Това ?,Това ?,Това ?
BOG,2;01.12,BOG,da .,1,Да .,Да .,Да .
BOG,2;01.13,BOG,pi [: pri] dugite [: drugite] ikam [: iskam] !,3,Пи [: при] дугите [: другите] икам [: искам] !,Пи дугите икам !,При другите искам !
BOG,2;01.13,BOG,osa [: bosa] jeitka [: lelichka] .,2,Оса [: боса] йеитка [: леличка] .,Оса йеитка .,Боса леличка .
BOG,2;01.13,BOG,pinoko [: pinokio] .,1,Пиноко [: пинокио] .,Пиноко .,Пинокио .
BOG,2;01.13,BOG,pi [: pri] tjax .,2,Пи [: при] тяx .,Пи тяx .,При тяx .
BOG,2;01.13,BOG,nanjaj !,1,Наняй !,Наняй !,Наняй !
BOG,2;01.13,BOG,senichka [: syrnichka] .,1,Сеничка [: сърничка] .,Сеничка .,Сърничка .
BOG,2;01.13,BOG,ne mozhi .,2,Не можи .,Не можи .,Не можи .
BOG,2;01.13,BOG,"da, grux e !",3,"Да, груx е !","Да , груx е !","Да , груx е !"
BOG,2;01.13,BOG,shy ti dam !,3,Шъ ти дам !,Шъ ти дам !,Шъ ти дам !
BOG,2;01.13,BOG,++ otj kizhkata [: knizhkata] !,2,++ отй кижката [: книжката] !,отй кижката !,отй книжката !
BOG,2;01.13,BOG,da .,1,Да .,Да .,Да .
BOG,2;01.13,BOG,iska nanjam mamunata [: majmunata] .,3,Иска наням мамуната [: маймуната] .,Иска наням мамуната .,Иска наням маймуната .
BOG,2;01.13,BOG,daj !,1,Дай !,Дай !,Дай !
BOG,2;01.13,BOG,u-u !,1,У-у !,У-у !,У-у !
BOG,2;01.13,BOG,da .,1,Да .,Да .,Да .
BOG,2;01.13,BOG,oshte enna synichka [: syrnichka] .,3,Още енна съничка [: сърничка] .,Още енна съничка .,Още енна сърничка .
BOG,2;01.13,BOG,"na, mamo !",2,"На, мамо !","На , мамо !","На , мамо !"
BOG,2;01.13,BOG,Ima li peperudka na tazi kartinka ?,6,Има ли пеперудка на тази картинка ?,Има ли пеперудка на тази картинка ?,Има ли пеперудка на тази картинка ?
BOG,2;02.27,BOG,jejgedaj [: razgledaj] !,1,Йейгедай [: разгледай] !,Йейгедай !,Разгледай !
BOG,2;02.27,BOG,tuka maminka tuka !,3,Тука маминка тука !,Тука маминка тука !,Тука маминка тука !
BOG,2;02.27,BOG,sushalka [: slushalka] .,1,Сушалка [: слушалка] .,Сушалка .,Слушалка .
BOG,2;02.27,BOG,maminkee !,1,Маминкее !,Маминкее !,Маминкее !
BOG,2;02.27,BOG,"enno [: edno], enno [: edno], enno [: edno] neshto tuka .",5,"Енно [: едно], енно [: едно], енно [: едно] нещо тука .","Енно , енно , енно нещо тука .",Едно едно едно нещо тука .
BOG,2;02.27,BOG,"+, vyzhe .",1,"+, въже .",", въже .",", Въже ."
BOG,2;02.27,BOG,da .,1,Да .,Да .,Да .
BOG,2;02.27,BOG,tuka vyte [: vytre] !,2,Тука въте [: вътре] !,Тука въте !,Тука вътре !
BOG,2;03.00,BOG,tuka ikam [: iskam] tuka .,3,Тука икам [: искам] тука .,Тука икам тука .,Тука искам тука .
BOG,2;03.00,BOG,zaboja [: zabolja] go ?,2,Забоя [: заболя] го ?,Забоя го ?,Заболя го ?
BOG,2;03.00,BOG,"sobodno [: svobodno], sobodno [: svobodno], sobodno [: svobodno] .",3,"Сободно [: свободно], сободно [: свободно], сободно [: свободно] .","Сободно , сободно , сободно .",Свободно свободно свободно .
BOG,2;03.00,BOG,daj !,1,Дай !,Дай !,Дай !
BOG,2;03.00,BOG,gojama [: goljama] !,1,Гояма [: голяма] !,Гояма !,Голяма !
BOG,2;03.00,BOG,Tam nakyde [: njakyde] .,2,Там накъде [: някъде] .,Там накъде .,Там някъде .
BOG,2;03.00,BOG,ikam [: iskam] tuka nikam [: natiskam] !,3,Икам [: искам] тука никам [: натискам] !,Икам тука никам !,Искам тука натискам !
BOG,2;03.01,BOG,"au, davam !",2,"Ау, давам !","Ау , давам !","Ау , давам !"
BOG,2;03.01,BOG,mama da ja poslusha [: preslusha] !,4,Мама да я послуша [: преслуша] !,Мама да я послуша !,Мама да я преслуша !
BOG,2;03.01,BOG,I kukata [: kuklata] vyzva [: vryzva] .,3,И куката [: куклата] възва [: връзва] .,И куката възва .,И куклата връзва .
BOG,2;03.01,BOG,ichichki [: rychichki] .,1,Ичички [: ръчички] .,Ичички .,Ръчички .
BOG,2;03.01,BOG,Tam !,1,Там !,Там !,Там !
BOG,2;03.01,BOG,chetkata daj ja !,3,Четката дай я !,Четката дай я !,Четката дай я !
BOG,2;03.06,BOG,bavo [: bravo] !,1,Баво [: браво] !,Баво !,Браво !
BOG,2;03.06,BOG,"+, pystencheto [: prystencheto] !",1,"+, пъстенчето [: пръстенчето] !",", пъстенчето !",", Пръстенчето !"
BOG,2;03.06,BOG,la-la .,1,Ла-ла .,Ла-ла .,Ла-ла .
BOG,2;03.06,BOG,"ne, ne, ne, ne .",4,"Не, не, не, не .","Не , не , не , не .","Не , не , не , не ."
BOG,2;03.06,BOG,pusni gi tibite [: ribite] !,3,Пусни ги тибите [: рибите] !,Пусни ги тибите !,Пусни ги рибите !
BOG,2;03.12,BOG,"n [: ne] ikam [: iskam], mamo, dugoto [: drugite] d [: da] gi pibia [: pribira] vyta [: vytre] !",8,"Н [: не] икам [: искам], мамо, дугото [: другите] д [: да] ги пибиа [: прибира] въта [: вътре] !","Н икам , мамо , дугото д ги пибиа въта !","Не искам мамо , другите да ги прибира вътре !"
BOG,2;03.12,BOG,da ne bocka .,3,Да не боцка .,Да не боцка .,Да не боцка .
BOG,2;03.12,BOG,njama ja .,2,Няма я .,Няма я .,Няма я .
BOG,2;03.12,BOG,"ne, ikam [: iskam] go tova !",4,"Не, икам [: искам] го това !","Не , икам го това !","Не , искам го това !"
BOG,2;03.12,BOG,Tam .,1,Там .,Там .,Там .
BOG,2;04.05,BOG,oshte enna [: edna] kaka ikam [: iskam] !,4,Още енна [: една] кака икам [: искам] !,Още енна кака икам !,Още една кака искам !
BOG,2;04.05,BOG,panna [: padna] potokala [: portokala] .,2,Панна [: падна] потокала [: портокала] .,Панна потокала .,Падна портокала .
BOG,2;04.05,BOG,ikam [: iskam] jeshnici [: leshnici] .,2,Икам [: искам] йешници [: лешници] .,Икам йешници .,Искам лешници .
BOG,2;04.05,BOG,a [: na] tati bukikata [: bukvichkata] .,3,А [: на] тати букиката [: буквичката] .,А тати букиката .,На тати буквичката .
BOG,2;04.05,BOG,Tova e +/.,3,Това е +/.,Това е .,Това е .
BOG,2;04.05,BOG,"+, naisuva [: narisuva] pyscheto [: prystcheto] !",2,"+, наисува [: нарисува] пъсчето [: пръстчето] !",", наисува пъсчето !",", Нарисува пръстчето !"
BOG,2;04.05,BOG,iskam enno [: edno] eshniche [: vestniche] !,3,Искам енно [: едно] ешниче [: вестниче] !,Искам енно ешниче !,Искам едно вестниче !
BOG,2;04.05,BOG,tuka njama nishto tuka .,4,Тука няма нищо тука .,Тука няма нищо тука .,Тука няма нищо тука .
BOG,2;04.05,BOG,Tova e gigancho [: gligancho] .,3,Това е гиганчо [: глиганчо] .,Това е гиганчо .,Това е глиганчо .
BOG,2;04.05,BOG,koj zhivee ?,2,Кой живее ?,Кой живее ?,Кой живее ?
BOG,2;04.05,BOG,kova [: takova] .,1,Кова [: такова] .,Кова .,Такова .
BOG,2;04.05,BOG,Tova !,1,Това !,Това !,Това !
BOG,2;04.05,BOG,Jedi [: redi] +//.,2,Йеди [: реди] +//.,Йеди .,Реди .
BOG,2;04.05,BOG,az j kaax [: kazax] .,3,Аз й кааx [: казаx] .,Аз й кааx .,Аз й казаx .
BOG,2;04.05,BOG,ko [: kakvo] ima ?,2,Ко [: какво] има ?,Ко има ?,Какво има ?
BOG,2;04.11,BOG,baba meca zela [: vzela] chanta i lelja pepejanka [: pepeljanka]+/.,8,Баба меца зела [: взела] чанта и леля пепеянка [: пепелянка]+/.,Баба меца зела чанта и леля пепеянка .,Баба меца взела чанта и леля пепелянка
BOG,2;04.11,BOG,baba meca +...,3,Баба меца +...,Баба меца . . .,Баба меца . . .
BOG,2;04.11,BOG,slaga edin latik [: lastik] .,3,Слага един латик [: ластик] .,Слага един латик .,Слага един ластик .
BOG,2;04.11,BOG,na moeto [: moreto] .,2,На моето [: морето] .,На моето .,На морето .
BOG,2;04.11,BOG,ezeo [: ezero] vyv goa [: gorata] .,3,Езео [: езеро] във гоа [: гората] .,Езео във гоа .,Езеро във гората .
BOG,2;04.11,BOG,eto tova .,2,Ето това .,Ето това .,Ето това .
BOG,2;04.11,BOG,az .,1,Аз .,Аз .,Аз .
BOG,2;04.11,BOG,shapka .,1,Шапка .,Шапка .,Шапка .
ELI,1;01.07,ELI,pa-pa@o .,1,Па-па@о .,Па-па .,Па-па .
ELI,1;01.13,ELI,bau@o .,1,Бау@о .,Бау .,Бау .
ELI,1;01.19,ELI,ka-ka .,1,Ка-ка .,Ка-ка .,Ка-ка .
ELI,1;01.29,ELI,daj mi !,2,Дай ми !,Дай ми !,Дай ми !
ELI,1;02.08,ELI,bau-bau@o .,1,Бау-бау@о .,Бау-бау .,Бау-бау .
ELI,1;02.08,ELI,aj !,1,Ай !,Ай !,Ай !
ELI,1;02.08,ELI,ne .,1,Не .,Не .,Не .
ELI,1;02.16,ELI,"dedi, xxx .",1,"Деди, xxx .","Деди , xxx .","Деди , xxx ."
ELI,1;02.17,ELI,"dij, dij .",2,"Дий, дий .","Дий , дий .","Дий , дий ."
ELI,1;02.26,ELI,"brym, brym, brym .",3,"Бръм, бръм, бръм .","Бръм , бръм , бръм .","Бръм , бръм , бръм ."
ELI,1;02.28,ELI,a-u !,1,А-у !,А-у !,А-у !
ELI,1;03.02,ELI,ne .,1,Не .,Не .,Не .
ELI,1;03.10,ELI,da .,1,Да .,Да .,Да .
ELI,1;03.10,ELI,"a, a !",2,"А, а !","А , а !","А , а !"
ELI,1;05.10,ELI,baba .,1,Баба .,Баба .,Баба .
ELI,1;05.10,ELI,ne .,1,Не .,Не .,Не .
ELI,1;05.10,ELI,bu-u@o !,1,Бу-у@о !,Бу-у !,Бу-у !
ELI,1;05.18,ELI,koj ?,1,Кой ?,Кой ?,Кой ?
ELI,1;05.18,ELI,"Mimi, mimi .",2,"Мими, мими .","Мими , мими .","Мими , мими ."
ELI,1;05.18,ELI,tati .,1,Тати .,Тати .,Тати .
ELI,1;05.18,ELI,tati .,1,Тати .,Тати .,Тати .
ELI,1;05.18,ELI,ljulja@o .,1,Льуля@о .,Льуля .,Люля .
ELI,1;05.18,ELI,Viki .,1,Вики .,Вики .,Вики .
ELI,1;05.18,ELI,ljulja@o .,1,Льуля@о .,Льуля .,Люля .
ELI,1;05.18,ELI,tati .,1,Тати .,Тати .,Тати .
ELI,1;05.25,ELI,m-i-i-i@o .,1,М-и-и-и@о .,М-и-и-и .,М-и-и-и .
ELI,1;05.25,ELI,bati .,1,Бати .,Бати .,Бати .
ELI,1;05.25,ELI,letche [: samoletche] .,1,Летче [: самолетче] .,Летче .,Самолетче .
ELI,1;05.25,ELI,bati .,1,Бати .,Бати .,Бати .
ELI,1;06.04,ELI,bebete .,1,Бебете .,Бебете .,Бебете .
ELI,1;06.04,ELI,bebeta .,1,Бебета .,Бебета .,Бебета .
ELI,1;06.04,ELI,eto .,1,Ето .,Ето .,Ето .
ELI,1;06.04,ELI,bebete [: bebeta] .,1,Бебете [: бебета] .,Бебете .,Бебета .
ELI,1;06.04,ELI,az .,1,Аз .,Аз .,Аз .
ELI,1;06.04,ELI,"dij, dij .",2,"Дий, дий .","Дий , дий .","Дий , дий ."
ELI,1;06.09,ELI,daj [: vzemi] .,1,Дай [: вземи] .,Дай .,Вземи .
ELI,1;06.09,ELI,ne .,1,Не .,Не .,Не .
ELI,1;06.09,ELI,njama go .,2,Няма го .,Няма го .,Няма го .
ELI,1;06.09,ELI,mami .,1,Мами .,Мами .,Мами .
ELI,1;06.09,ELI,a-m .,1,А-м .,А-м .,А-м .
ELI,1;06.09,ELI,meche .,1,Мече .,Мече .,Мече .
ELI,1;06.09,ELI,kyv .,1,Къв .,Къв .,Къв .
ELI,1;06.17,ELI,"mamo, tati .",2,"Мамо, тати .","Мамо , тати .","Мамо , тати ."
ELI,1;06.17,ELI,djadi .,1,Дяди .,Дяди .,Дяди .
ELI,1;06.17,ELI,Tam .,1,Там .,Там .,Там .
ELI,1;06.17,ELI,tati .,1,Тати .,Тати .,Тати .
ELI,1;06.17,ELI,Tam .,1,Там .,Там .,Там .
ELI,1;06.17,ELI,"o-pa, ne .",2,"О-па, не .","О-па , не .","О-па , не ."
ELI,1;06.17,ELI,kole .,1,Коле .,Коле .,Коле .
ELI,1;06.17,ELI,ne .,1,Не .,Не .,Не .
ELI,1;06.17,ELI,Tam .,1,Там .,Там .,Там .
ELI,1;06.17,ELI,tati .,1,Тати .,Тати .,Тати .
ELI,1;06.17,ELI,Tam .,1,Там .,Там .,Там .
ELI,1;06.17,ELI,tol .,1,Тол .,Тол .,Тол .
ELI,1;06.21,ELI,"libi, libi [: ribi], libi [: ribi], libi [: ribi], libi [: ribi] .",5,"Либи, либи [: риби], либи [: риби], либи [: риби], либи [: риби] .","Либи , либи , либи , либи , либи .","Риби , риби , риби , риби , риби ."
ELI,1;06.21,ELI,mama .,1,Мама .,Мама .,Мама .
ELI,1;06.21,ELI,ne .,1,Не .,Не .,Не .
ELI,1;06.21,ELI,tao .,1,Тао .,Тао .,Тао .
ELI,1;06.21,ELI,"bau, bau, bau@o .",3,"Бау, бау, бау@о .","Бау , бау , бау .","Бау , бау , бау ."
ELI,1;06.21,ELI,"daj, daj .",2,"Дай, дай .","Дай , дай .","Дай , дай ."
ELI,1;06.21,ELI,a-m@o .,1,А-м@о .,А-м .,А-м .
ELI,1;06.21,ELI,bon .,1,Бон .,Бон .,Бон .
ELI,1;06.21,ELI,bon [: bonbon] .,1,Бон [: бонбон] .,Бон .,Бонбон .
ELI,1;06.21,ELI,libi [: ribi] .,1,Либи [: риби] .,Либи .,Риби .
ELI,1;06.21,ELI,Tama .,1,Тама .,Тама .,Тама .
ELI,1;07.03,ELI,"b-u, b-u .",2,"Б-у, б-у .","Б-у , б-у .","Б-у , б-у ."
ELI,1;07.03,ELI,Bebe .,1,Бебе .,Бебе .,Бебе .
ELI,1;07.03,ELI,lile [: eli] .,1,Лиле [: ели] .,Лиле .,Ели .
ELI,1;07.03,ELI,bau .,1,Бау .,Бау .,Бау .
ELI,1;07.03,ELI,babo .,1,Бабо .,Бабо .,Бабо .
ELI,1;07.03,ELI,baba .,1,Баба .,Баба .,Баба .
ELI,1;07.03,ELI,Bebe .,1,Бебе .,Бебе .,Бебе .
ELI,1;07.03,ELI,Tam .,1,Там .,Там .,Там .
ELI,1;07.03,ELI,Mimi .,1,Мими .,Мими .,Мими .
ELI,1;07.03,ELI,tozi .,1,Този .,Този .,Този .
ELI,1;07.03,ELI,e [: eto] kati .,2,Е [: ето] кати .,Е кати .,Ето кати .
ELI,1;07.03,ELI,a-u .,1,А-у .,А-у .,А-у .
ELI,1;07.03,ELI,Kati .,1,Кати .,Кати .,Кати .
ELI,1;07.03,ELI,babi .,1,Баби .,Баби .,Баби .
ELI,1;07.08,ELI,leli [: eli] .,1,Лели [: ели] .,Лели .,Ели .
ELI,1;07.08,ELI,a-m@o .,1,А-м@о .,А-м .,А-м .
ELI,1;07.08,ELI,tik@o [: chasovnik] .,1,Тик@о [: часовник] .,Тик .,Часовник .
ELI,1;07.08,ELI,"e, bebe .",2,"Е, бебе .","Е , бебе .","Е , бебе ."
ELI,1;07.08,ELI,tati .,1,Тати .,Тати .,Тати .
ELI,1;07.08,ELI,tati .,1,Тати .,Тати .,Тати .
ELI,1;07.08,ELI,mama .,1,Мама .,Мама .,Мама .
ELI,1;07.08,ELI,"e, e .",2,"Е, е .","Е , е .","Е , е ."
ELI,1;07.08,ELI,meche .,1,Мече .,Мече .,Мече .
ELI,1;07.08,ELI,Tam .,1,Там .,Там .,Там .
ELI,1;07.08,ELI,paljache .,1,Паляче .,Паляче .,Паляче .
ELI,1;07.08,ELI,tati .,1,Тати .,Тати .,Тати .
ELI,1;07.08,ELI,Tam .,1,Там .,Там .,Там .
ELI,1;07.13,ELI,"a-m@o, a-m@o, a-m@o .",3,"А-м@о, а-м@о, а-м@о .","А-м , а-м , а-м .","А-м , а-м , а-м ."
ELI,1;07.13,ELI,bami [: bambi] .,1,Бами [: бамби] .,Бами .,Бамби .
ELI,1;07.13,ELI,pak .,1,Пак .,Пак .,Пак .
ELI,1;07.13,ELI,libi [: ribi] .,1,Либи [: риби] .,Либи .,Риби .
ELI,1;07.13,ELI,mamo .,1,Мамо .,Мамо .,Мамо .
ELI,1;07.13,ELI,topki .,1,Топки .,Топки .,Топки .
ELI,1;07.13,ELI,ne .,1,Не .,Не .,Не .
ELI,1;07.13,ELI,topche .,1,Топче .,Топче .,Топче .
ELI,1;07.13,ELI,kuko .,1,Куко .,Куко .,Куко .
ELI,1;07.13,ELI,libite [: ribi] .,1,Либите [: риби] .,Либите .,Рибите .
ELI,1;07.13,ELI,Tam .,1,Там .,Там .,Там .
ELI,1;07.13,ELI,tati .,1,Тати .,Тати .,Тати .
ELI,1;07.13,ELI,djadi .,1,Дяди .,Дяди .,Дяди .
ELI,1;07.22,ELI,kole [: kola] .,1,Коле [: кола] .,Коле .,Кола .
ELI,1;07.22,ELI,tati .,1,Тати .,Тати .,Тати .
ELI,1;07.22,ELI,Tam .,1,Там .,Там .,Там .
ELI,1;07.22,ELI,panja .,1,Паня .,Паня .,Паня .
ELI,1;07.22,ELI,ne .,1,Не .,Не .,Не .
ELI,1;07.22,ELI,izh [: vizh] tam .,2,Иж [: виж] там .,Иж там .,Виж там .
ELI,1;07.22,ELI,mamo .,1,Мамо .,Мамо .,Мамо .
ELI,1;07.22,ELI,panja .,1,Паня .,Паня .,Паня .
ELI,1;07.22,ELI,tao [: chao] .,1,Тао [: чао] .,Тао .,Чао .
ELI,1;07.22,ELI,o-p !,1,О-п !,О-п !,О-п !
ELI,1;07.22,ELI,Tam .,1,Там .,Там .,Там .
SIM,1;01.28,SIM,A !,1,А !,А !,А !
SIM,1;01.28,SIM,"kom [: kompot], kom [: kompot] .",2,"Ком [: компот], ком [: компот] .","Ком , ком .","Компот , компот ."
SIM,1;01.28,SIM,kom [: kompot] !,1,Ком [: компот] !,Ком !,Компот !
SIM,1;01.28,SIM,kom [: kompot] !,1,Ком [: компот] !,Ком !,Компот !
SIM,1;02.25,SIM,tata [: chasha] .,1,Тата [: чаша] .,Тата .,Чаша .
SIM,1;02.28,SIM,"mookov [: morkov], mokov [: morkov], mokov [: morkov], mokov [: morkov], mokov [: morkov] .",5,"Мооков [: морков], моков [: морков], моков [: морков], моков [: морков], моков [: морков] .","Мооков , моков , моков , моков , моков .","Морков , морков , морков , морков , морков ."
SIM,1;04.14,SIM,"dee [: jade], dee [: jade], dee [: jade] .",3,"Дее [: яде], дее [: яде], дее [: яде] .","Дее , дее , дее .",Яде яде яде .
SIM,1;04.14,SIM,"cete [: cvete], cete [: cvete], cete [: cvete] .",3,"Цете [: цвете], цете [: цвете], цете [: цвете] .","Цете , цете , цете .","Цвете , цвете , цвете ."
SIM,1;04.14,SIM,"slon, slon, slon .",3,"Слон, слон, слон .","Слон , слон , слон .","Слон , слон , слон ."
SIM,1;04.14,SIM,"ako, ako !",2,"Ако, ако !","Ако , ако !","Ако , ако !"
SIM,1;04.14,SIM,"alo, alo !",2,"Ало, ало !","Ало , ало !","Ало , ало !"
SIM,1;04.14,SIM,"kuku [: kukurigu], kuku [: kukurigu] .",2,"Куку [: кукуригу], куку [: кукуригу] .","Куку , куку .",Кукуригу кукуригу .
SIM,1;04.14,SIM,pun [: sapun] !,1,Пун [: сапун] !,Пун !,Сапун !
SIM,1;04.14,SIM,mamee .,1,Мамее .,Мамее .,Мамее .
SIM,1;04.14,SIM,da .,1,Да .,Да .,Да .
SIM,1;04.14,SIM,"med, med, med .",3,"Мед, мед, мед .","Мед , мед , мед .","Мед , мед , мед ."
SIM,1;04.14,SIM,"alo, alo, alo, alo .",4,"Ало, ало, ало, ало .","Ало , ало , ало , ало .","Ало , ало , ало , ало ."
SIM,1;04.14,SIM,"Toon [: telefon], ton [: telefon] .",2,"Тоон [: телефон], тон [: телефон] .","Тоон , тон .","Телефон , телефон ."
SIM,1;04.14,SIM,"meche, meche, meche .",3,"Мече, мече, мече .","Мече , мече , мече .","Мече , мече , мече ."
SIM,1;04.19,SIM,pari .,1,Пари .,Пари .,Пари .
SIM,1;04.19,SIM,"ne ika [: ne iska], ne ika [: ne iska] .",6,"Не ика [: не иска], не ика [: не иска] .","Не ика , не ика .","Не иска , не иска ."
SIM,1;04.19,SIM,Mitsa [: vilitsa] .,1,Мица [: вилица] .,Мица .,Вилица .
SIM,1;04.19,SIM,"nani, nani, nani, nani .",4,"Нани, нани, нани, нани .","Нани , нани , нани , нани .","Нани , нани , нани , нани ."
SIM,1;04.19,SIM,"ljolio [: olio], mama .",2,"Льолио [: олио], мама .","Льолио , мама .",Олио мама .
SIM,1;04.19,SIM,"meche, meche .",2,"Мече, мече .","Мече , мече .","Мече , мече ."
SIM,1;04.19,SIM,dam .,1,Дам .,Дам .,Дам .
SIM,1;04.19,SIM,"mush, mush, mush .",3,"Муш, муш, муш .","Муш , муш , муш .","Муш , муш , муш ."
SIM,1;04.19,SIM,"moko [: mokro], moko [: mokro] .",2,"Моко [: мокро], моко [: мокро] .","Моко , моко .","Мокро , мокро ."
SIM,1;04.19,SIM,mmm .,1,Ммм .,Ммм .,Ммм .
SIM,1;04.19,SIM,"mach [: machkam], mach [: machkam], mach [: machkam], mach [: machkam] .",4,"Мач [: мачкам], мач [: мачкам], мач [: мачкам], мач [: мачкам] .","Мач , мач , мач , мач .","Мачкам , мачкам , мачкам , мачкам ."
SIM,1;04.19,SIM,mako [: mljako] ?,1,Мако [: мляко] ?,Мако ?,Мляко ?
SIM,1;04.19,SIM,kochi [: skochi] .,1,Кочи [: скочи] .,Кочи .,Скочи .
SIM,1;04.19,SIM,"tati, tati, tati, tati, tati !",5,"Тати, тати, тати, тати, тати !","Тати , тати , тати , тати , тати !","Тати , тати , тати , тати , тати !"
SIM,1;04.19,SIM,kache [: krache] .,1,Каче [: краче] .,Каче .,Краче .
SIM,1;04.19,SIM,"oki [: ochi], oki [: ochi], oki [: ochi] .",3,"Оки [: очи], оки [: очи], оки [: очи] .","Оки , оки , оки .","Очи , очи , очи ."
SIM,1;04.25,SIM,kaka .,1,Кака .,Кака .,Кака .
SIM,1;04.25,SIM,"psss, psss, psss .",3,"Пссс, пссс, пссс .","Пссс , пссс , пссс .","Пссс , пссс , пссс ."
SIM,1;04.25,SIM,tova e xelikopter .,3,Това е xеликоптер .,Това е xеликоптер .,Това е xеликоптер .
SIM,1;04.25,SIM,"chocho [: chicho], chocho [: chicho], chocho [: chicho] .",3,"Чочо [: чичо], чочо [: чичо], чочо [: чичо] .","Чочо , чочо , чочо .","Чичо , чичо , чичо ."
SIM,1;04.25,SIM,"pisi, piss, pisi .",3,"Писи, писс, писи .","Писи , писс , писи .","Писи , писс , писи ."
SIM,1;04.25,SIM,"psss, psss, psss .",3,"Пссс, пссс, пссс .","Пссс , пссс , пссс .","Пссс , пссс , пссс ."
SIM,1;04.25,SIM,"cici, cicii, cicii, cicii, cicii !",5,"Цици, циции, циции, циции, циции !","Цици , циции , циции , циции , циции !","Цици , циции , циции , циции , циции !"
SIM,1;04.25,SIM,"ela, ela, ela !",3,"Ела, ела, ела !","Ела , ела , ела !","Ела , ела , ела !"
SIM,1;04.25,SIM,"bebe, bebi !",2,"Бебе, беби !","Бебе , беби !","Бебе , беби !"
SIM,1;04.25,SIM,mynda [: myrda] batche [: bratche] .,2,Мънда [: мърда] батче [: братче] .,Мънда батче .,Мърда братче .
SIM,1;05.02,SIM,maach [: machkam] .,1,Маач [: мачкам] .,Маач .,Мачкам .
SIM,1;05.02,SIM,"Mona, Mona, Mona, Mona .",4,"Мона, мона, мона, мона .","Мона , мона , мона , мона .","Мона , Мона , Мона , Мона ."
SIM,1;05.02,SIM,"pisi [: spi si], pisi [: spi si] .",4,"Писи [: спи си], писи [: спи си] .","Писи , писи .","Спи , спи ."
SIM,1;05.02,SIM,tata [: vratata] tori [: zatvorena] .,2,Тата [: вратата] тори [: затворена] .,Тата тори .,Вратата затворена .
SIM,1;05.02,SIM,kaj [: kravi] .,1,Кай [: крави] .,Кай .,Крави .
SIM,1;05.02,SIM,"dam [: daj], dam [: daj], dam [: daj] .",3,"Дам [: дай], дам [: дай], дам [: дай] .","Дам , дам , дам .","Дай , дай , дай ."
SIM,1;05.02,SIM,"mako [: mljako], mako [: mljako] .",2,"Мако [: мляко], мако [: мляко] .","Мако , мако .","Мляко , мляко ."
SIM,1;05.02,SIM,puki [: kupi] .,1,Пуки [: купи] .,Пуки .,Купи .
SIM,1;05.02,SIM,mush !,1,Муш !,Муш !,Муш !
SIM,1;05.02,SIM,byka [: byrkam] .,1,Бъка [: бъркам] .,Бъка .,Бъркам .
SIM,1;05.02,SIM,"dam [: daj], dam [: daj], mamo !",3,"Дам [: дай], дам [: дай], мамо !","Дам , дам , мамо !","Дай , дай , мамо !"
SIM,1;05.02,SIM,SIM oboznachava kravata s onomatopejata muu .,6,Сим обозначава кравата с ономатопеята муу .,Сим обозначава кравата с ономатопеята муу ., invalid
SIM,1;05.02,SIM,daa !,1,Даа !,Даа !,Даа !
SIM,1;05.10,SIM,"bati, bati .",2,"Бати, бати .","Бати , бати .","Бати , бати ."
SIM,1;05.10,SIM,mamo ?,1,Мамо ?,Мамо ?,Мамо ?
SIM,1;05.10,SIM,"ozi [: rozi], ozi [: rozi] .",2,"Ози [: рози], ози [: рози] .","Ози , ози .","Рози , рози ."
SIM,1;05.10,SIM,moko [: mokro] .,1,Моко [: мокро] .,Моко .,мокро .
SIM,1;05.10,SIM,"chila [: ochila], chila [: ochila] .",2,"Чила [: очила], чила [: очила] .","Чила , чила .","Очила , очила ."
SIM,1;05.10,SIM,meche .,1,Мече .,Мече .,Мече .
SIM,1;05.10,SIM,"kola, kola, kola .",3,"Кола, кола, кола .","Кола , кола , кола .","Кола , кола , кола ."
SIM,1;05.16,SIM,"auuu, Moni chilata [: ochilata] .",3,"Аууу, мони чилата [: очилата] .","Аууу , мони чилата .","Аууу , Мони очилата ."
SIM,1;05.16,SIM,Monchii .,1,Мончии .,Мончии .,Мончии .
SIM,1;05.16,SIM,mamo !,1,Мамо !,Мамо !,Мамо !
SIM,1;05.16,SIM,mamo .,1,Мамо .,Мамо .,Мамо .
SIM,1;05.16,SIM,Moni !,1,Мони !,Мони !,Мони !
SIM,1;05.16,SIM,puka [: kupa] golama [: goljama] .,2,Пука [: купа] голама [: голяма] .,Пука голама .,Купа голяма .
SIM,1;05.16,SIM,"krija, krija .",2,"Крия, крия .","Крия , крия .","Крия , крия ."
SIM,1;05.18,SIM,"gyli, gyli .",2,"Гъли, гъли .","Гъли , гъли .","Гъли , гъли ."
SIM,1;05.18,SIM,"ezhe [: rezhe], ezhe [: rezhe], ezhe [: rezhe] .",3,"Еже [: реже], еже [: реже], еже [: реже] .","Еже , еже , еже .","Реже , реже , реже ."
SIM,1;05.18,SIM,"cici, cici !",2,"Цици, цици !","Цици , цици !","Цици , цици !"
SIM,1;05.18,SIM,mamo !,1,Мамо !,Мамо !,Мамо !
SIM,1;05.18,SIM,chisto .,1,Чисто .,Чисто .,Чисто .
SIM,1;05.18,SIM,auuu .,1,Аууу .,Аууу .,Аууу .
SIM,1;05.18,SIM,"ginge [: gyrne], gyre [: gyrne], gyre [: gyrne], gyre [: gyrne] .",4,"Гинге [: гърне], гъре [: гърне], гъре [: гърне], гъре [: гърне] .","Гинге , гъре , гъре , гъре .","Гърне , гърне , гърне , гърне ."
SIM,1;05.21,SIM,"tavi [: ostavi], tavi [: ostavi], tavi [: ostavi] .",3,"Тави [: остави], тави [: остави], тави [: остави] .","Тави , тави , тави .","Остави , остави , остави ."
SIM,1;05.21,SIM,leko .,1,Леко .,Леко .,Леко .
SIM,1;05.21,SIM,"pichi, pichi .",2,"Пичи, пичи .","Пичи , пичи .","Пичи , пичи ."
SIM,1;05.21,SIM,"dam [: daj], dam [: daj] .",2,"Дам [: дай], дам [: дай] .","Дам , дам .","Дай , дай ."
SIM,1;05.21,SIM,"taja, taja, taja .",3,"Тая, тая, тая .","Тая , тая , тая .","Тая , тая , тая ."
SIM,1;05.21,SIM,tori [: otvori] !,1,Тори [: отвори] !,Тори !,Отвори !
SIM,1;05.21,SIM,"am, am .",2,"Ам, ам .","Ам , ам .","Ам , ам ."
SIM,1;05.21,SIM,"pishe, pishe .",2,"Пише, пише .","Пише , пише .","Пише , пише ."
SIM,1;05.21,SIM,"mamo, mamo .",2,"Мамо, мамо .","Мамо , мамо .","Мамо , мамо ."
SIM,1;05.21,SIM,dam [: daj] .,1,Дам [: дай] .,Дам .,Дай .
SIM,1;05.21,SIM,"eto, kachi .",2,"Ето, качи .","Ето , качи .","Ето , качи ."
SIM,1;05.21,SIM,"djatu [: tjasno], djatu [: tjasno] .",2,"Дяту [: тясно], дяту [: тясно] .","Дяту , дяту .","Тясно , тясно ."
SIM,1;05.21,SIM,bira .,1,Бира .,Бира .,Бира .
SIM,1;05.21,SIM,"baga [: bjaga], baga [: bjaga], baga [: bjaga], baga [: bjaga] .",4,"Бага [: бяга], бага [: бяга], бага [: бяга], бага [: бяга] .","Бага , бага , бага , бага .","Бяга , бяга , бяга , бяга ."
SIM,1;06.06,SIM,"musha [: mushkame], mushame [: mushkame], mushame [: mushkame] .",3,"Муша [: мушкаме], мушаме [: мушкаме], мушаме [: мушкаме] .","Муша , мушаме , мушаме .","Мушкаме , мушкаме , мушкаме ."
SIM,1;06.06,SIM,"Moni, Moni, Moni, Moni .",4,"Мони, мони, мони, мони .","Мони , мони , мони , мони .","Мони , мони , мони , мони ."
SIM,1;06.06,SIM,"am, am, am, am, am !",5,"Ам, ам, ам, ам, ам !","Ам , ам , ам , ам , ам !","Ам , ам , ам , ам , ам !"
SIM,1;06.06,SIM,kolad [: shokolad] .,1,Колад [: шоколад] .,Колад .,Шоколад .
SIM,1;06.06,SIM,"tebe, tebe, tebe, tebe .",4,"Тебе, тебе, тебе, тебе .","Тебе , тебе , тебе , тебе .","Тебе , тебе , тебе , тебе ."
SIM,1;06.06,SIM,benka .,1,Бенка .,Бенка .,Бенка .
SIM,1;06.06,SIM,"Maus, Maus, Maus, Maus, Maus .",5,"Маус, маус, маус, маус, маус .","Маус , маус , маус , маус , маус .","Маус , маус , маус , маус , маус ."
SIM,1;06.06,SIM,"kotee, koteee !",2,"Котее, котеее !","Котее , котеее !","Котее , котеее !"
SIM,1;06.06,SIM,sax go [: strax go] .,3,Саx го [: страx го] .,Саx го .,Страx го .
SIM,1;06.06,SIM,am !,1,Ам !,Ам !,Ам !
SIM,1;06.06,SIM,"kusa, kusa .",2,"Куса, куса .","Куса , куса .","Куса , куса ."
SIM,1;06.06,SIM,"kѐto [: kracheto], kѐto [: kracheto] .",2,"Кѐто [: крачето], кѐто [: крачето] .","Кѐто , кѐто .","Крачето , крачето ."
SIM,1;06.06,SIM,iim [: zaviem] .,1,Иим [: завием] .,Иим .,Завием .
SIM,1;06.06,SIM,"kie [: krie], kie [: krie], kie [: krie], kie [: krie], kie [: krie], kie [: krie], kie [: krie] .",7,"Кие [: крие], кие [: крие], кие [: крие], кие [: крие], кие [: крие], кие [: крие], кие [: крие] .","Кие , кие , кие , кие , кие , кие , кие .","Крие , крие , крие , крие , крие , крие , крие ."
SIM,1;06.19,SIM,kote !,1,Коте !,Коте !,Коте !
SIM,1;06.19,SIM,mako [: mljako] .,1,Мако [: мляко] .,Мако .,Мляко .
SIM,1;06.19,SIM,"Ooo, oo .",2,"Ооо, оо .","Ооо , оо .","Ооо , оо ."
SIM,1;06.19,SIM,pakovka [: praskovka] .,1,Паковка [: прасковка] .,Паковка .,Прасковка .
SIM,1;06.19,SIM,"kotee, kotee, kotee .",3,"Котее, котее, котее .","Котее , котее , котее .","Котее , котее , котее ."
SIM,1;06.19,SIM,"bira, bira, bira .",3,"Бира, бира, бира .","Бира , бира , бира .","Бира , бира , бира ."
SIM,1;06.19,SIM,sleze .,1,Слезе .,Слезе .,Слезе .
SIM,1;06.27,SIM,pazh [: plazh] .,1,Паж [: плаж] .,Паж .,Плаж .
SIM,1;06.27,SIM,"baba, baba .",2,"Баба, баба .","Баба , баба .","Баба , баба ."
SIM,1;06.27,SIM,meto [: moreto] .,1,Мето [: морето] .,Мето .,Морето .
SIM,1;06.27,SIM,dado [: djado] .,1,Дадо [: дядо] .,Дадо .,Дядо .
SIM,1;06.27,SIM,eeeeeche [: oshte] !,1,Ееееече [: още] !,Ееееече !,Още !
SIM,1;06.27,SIM,daaaammmmm [: daj] !,1,Дааааммммм [: дай] !,Дааааммммм !,Дай !
SIM,1;06.27,SIM,kemcheto [: koremcheto] .,1,Кемчето [: коремчето] .,Кемчето .,Коремчето .
SIM,1;06.27,SIM,"kacheto [: kracheto], kacheee [: krache] .",2,"Качето [: крачето], качеее [: краче] .","Качето , качеее .","Крачето , краче ."
SIM,1;06.27,SIM,"mama, mama .",2,"Мама, мама .","Мама , мама .","Мама , мама ."
SIM,1;07.06,SIM,auuu !,1,Аууу !,Аууу !,Аууу !
SIM,1;07.06,SIM,mamo .,1,Мамо .,Мамо .,Мамо .
SIM,1;07.06,SIM,mamo .,1,Мамо .,Мамо .,Мамо .
SIM,1;07.06,SIM,bankija [: banskija] .,1,Банкия [: банския] .,Банкия .,Банския .
SIM,1;07.08,SIM,nasam .,1,Насам .,Насам .,Насам .
SIM,1;07.08,SIM,banita [: banica] .,1,Банита [: баница] .,Банита .,Баница .
SIM,1;07.08,SIM,"ljulkata, ljulkata, ljulkata .",3,"Льулката, льулката, льулката .","Льулката , льулката , льулката .","Люлката , люлката , люлката ."
SIM,1;07.08,SIM,ne .,1,Не .,Не .,Не .
SIM,1;07.08,SIM,auu !,1,Ауу !,Ауу !,Ауу !
SIM,1;07.08,SIM,"papi [: chorapi], papi [: chorapi] .",2,"Папи [: чорапи], папи [: чорапи] .","Папи , папи .","Чорапи , чорапи ."
SIM,1;07.08,SIM,"bishi [: byrshi], bishi [: byrshi] .",2,"Биши [: бърши], биши [: бърши] .","Биши , биши .","Бърши , бърши ."
SIM,1;07.08,SIM,kote .,1,Коте .,Коте .,Коте .
SIM,1;07.08,SIM,"chupi se, chupi se, chupi se .",6,"Чупи се, чупи се, чупи се .","Чупи се , чупи се , чупи се .","Чупи се , чупи се , чупи се ."
SIM,1;07.08,SIM,"bebe, bebe .",2,"Бебе, бебе .","Бебе , бебе .","Бебе , бебе ."
SIM,1;07.11,SIM,opaa !,1,Опаа !,Опаа !,Опаа !
SIM,1;07.11,SIM,buj [: obuj] !,1,Буй [: обуй] !,Буй !,Обуй !
SIM,1;07.11,SIM,mama .,1,Мама .,Мама .,Мама .
SIM,1;07.11,SIM,"opaa, opaa !",2,"Опаа, опаа !","Опаа , опаа !","Опаа , опаа !"
SIM,1;07.11,SIM,ljulkata !,1,Льулката !,Льулката !,Люлката !
SIM,1;07.11,SIM,ne .,1,Не .,Не .,Не .
SIM,1;07.11,SIM,"cvete, cvete, cvete, cvete .",4,"Цвете, цвете, цвете, цвете .","Цвете , цвете , цвете , цвете .","Цвете , цвете , цвете , цвете ."
SIM,1;07.11,SIM,"kysa, kysa .",2,"Къса, къса .","Къса , къса .","Къса , къса ."
SIM,1;07.18,SIM,"topkata stigne, opaa .",3,"Топката стигне, опаа .","Топката стигне , опаа .","Топката стигне , опаа ."
SIM,1;07.18,SIM,nata [: imenata] .,1,Ната [: имената] .,Ната .,Имената .
SIM,1;07.18,SIM,uee stiga stigna .,3,Уее стига стигна .,Уее стига стигна .,Уее стига стигна .
SIM,1;07.18,SIM,"purika [: purichka], purika [: purichka], purika [: purichka] .",3,"Пурика [: пуричка], пурика [: пуричка], пурика [: пуричка] .","Пурика , пурика , пурика .","Пуричка , пуричка , пуричка ."
SIM,1;07.19,SIM,"pavi [: pravi], pavi [: pravi], pavi [: pravi] .",3,"Пави [: прави], пави [: прави], пави [: прави] .","Пави , пави , пави .","Прави , прави , прави ."
SIM,1;07.19,SIM,shapkata .,1,Шапката .,Шапката .,Шапката .
SIM,1;07.19,SIM,"pavi [: pravi], pavi [: pravi] .",2,"Пави [: прави], пави [: прави] .","Пави , пави .","Прави , прави ."
SIM,1;07.19,SIM,"ax, tii !",2,"Аx, тии !","Аx , тии !","Аx , тии !"
SIM,1;07.19,SIM,stane .,1,Стане .,Стане .,Стане .
SIM,1;07.19,SIM,"kolko te obicham, tebe bicham [: obicham], bebicham [: obicham] .",6,"Колко те обичам, тебе бичам [: обичам], бебичам [: обичам] .","Колко те обичам , тебе бичам , бебичам .","Колко те обичам , тебе обичам , обичам ."
SIM,1;07.19,SIM,mishi [: mirishe] .,1,Миши [: мирише] .,Миши .,Мирише .
SIM,1;07.21,SIM,"aaaaa, darix se [: udarix se] !",4,"Ааааа, дариx се [: удариx се] !","Ааааа , дариx се !","Ааааа , удариx се !"
SIM,1;07.21,SIM,topkata .,1,Топката .,Топката .,Топката .
SIM,1;07.22,SIM,"duga [: druga], dugaaa [: druga], duga [: druga] .",3,"Дуга [: друга], дугааа [: друга], дуга [: друга] .","Дуга , дугааа , дуга .","Друга , друга , друга ."
SIM,1;07.22,SIM,"chila [: ochila], tati, tati, da [: na] tati .",5,"Чила [: очила], тати, тати, да [: на] тати .","Чила , тати , тати , да тати .","Очила тати , тати , на тати ."
SIM,1;07.22,SIM,"kyrpa, kyrpa .",2,"Кърпа, кърпа .","Кърпа , кърпа .","Кърпа , кърпа ."
SIM,1;07.23,SIM,"apche [: xapche], apche [: xapche], apche [: xapche], apche [: xapche] .",4,"Апче [: xапче], апче [: xапче], апче [: xапче], апче [: xапче] .","Апче , апче , апче , апче .","Хапче , xапче , xапче , xапче ."
SIM,1;07.23,SIM,"apche [: xapche], apche [: xapche] .",2,"Апче [: xапче], апче [: xапче] .","Апче , апче .","Хапче , xапче ."
SIM,1;07.23,SIM,xixixix .,1,Xиxиxиx .,Xиxиxиx .,Xиxиxиx .
SIM,1;07.23,SIM,dinja .,1,Диня .,Диня .,Диня .
SIM,1;07.23,SIM,bapche [: kebapche] .,1,Бапче [: кебапче] .,Бапче .,Кебапче .
SIM,1;07.24,SIM,kupi saap [: xljab] .,2,Купи саап [: xляб] .,Купи саап .,Купи xляб .
SIM,1;07.24,SIM,tam .,1,Там .,Там .,Там .
SIM,1;07.28,SIM,uina [: urina] .,1,Уина [: урина] .,Уина .,Урина .
SIM,1;07.28,SIM,tam .,1,Там .,Там .,Там .
SIM,1;07.28,SIM,kokluk [: bokluk] .,1,Коклук [: боклук] .,Коклук .,Боклук .
SIM,1;07.28,SIM,vika .,1,Вика .,Вика .,Вика .
SIM,1;07.28,SIM,ochi [: oshte] .,1,Очи [: още] .,Очи .,Още .
SIM,1;07.28,SIM,"mama, mama .",2,"Мама, мама .","Мама , мама .","Мама , мама ."
SIM,1;07.28,SIM,ako pyci [: prycka] .,2,Ако пъци [: пръцка] .,Ако пъци .,Ако пръцка .
SIM,1;07.28,SIM,"ochi [: oshte], ochi [: oshte] .",2,"Очи [: още], очи [: още] .","Очи , очи .","Още , още ."
SIM,1;07.28,SIM,merii [: nameri] baba .,2,Мерии [: намери] баба .,Мерии баба .,Намери баба .
SIM,1;07.28,SIM,"geda [: gleda], geda [: gleda] .",2,"Геда [: гледа], геда [: гледа] .","Геда , геда .","Гледа , гледа ."
SIM,1;08.01,SIM,za mama .,2,За мама .,За мама .,За мама .
SIM,1;08.01,SIM,capa bebeto .,2,Цапа бебето .,Цапа бебето .,Цапа бебето .
SIM,1;08.01,SIM,"momari [: komari], momari [: komari] apjat [: xapjat] .",3,"Момари [: комари], момари [: комари] апят [: xапят] .","Момари , момари апят .","Комари , комари xапят ."
SIM,1;08.01,SIM,"ops, ops .",2,"Опс, опс .","Опс , опс .","Опс , опс ."
SIM,1;08.01,SIM,"bebe dvete, dvete .",3,"Бебе двете, двете .","Бебе двете , двете .","Бебе двете , двете ."
SIM,1;08.06,SIM,"gledash, gledash .",2,"Гледаш, гледаш .","Гледаш , гледаш .","Гледаш , гледаш ."
SIM,1;08.06,SIM,kolata .,1,Колата .,Колата .,Колата .
SIM,1;08.06,SIM,saap [: xljab] .,1,Саап [: xляб] .,Саап .,Хляб .
SIM,1;08.06,SIM,xrani .,1,Xрани .,Xрани .,Xрани .
SIM,1;08.06,SIM,kusa .,1,Куса .,Куса .,Куса .
SIM,1;08.06,SIM,draskalo .,1,Драскало .,Драскало .,Драскало .
SIM,1;08.07,SIM,zdaveej [: zdravej] .,1,Здавеей [: здравей] .,Здавеей .,Здравей .
SIM,1;08.07,SIM,kola .,1,Кола .,Кола .,Кола .
SIM,1;08.07,SIM,mako [: mljako] .,1,Мако [: мляко] .,Мако .,Мляко .
SIM,1;08.07,SIM,golama [: goljama] .,1,Голама [: голяма] .,Голама .,Голяма .
SIM,1;08.07,SIM,"dupka, dupka .",2,"Дупка, дупка .","Дупка , дупка .","Дупка , дупка ."
SIM,1;08.07,SIM,"cuni [: celuni], mmua !",2,"Цуни [: целуни], ммуа !","Цуни , ммуа !",Целуни ммуа !
SIM,1;08.10,SIM,pycheto [: prystcheto] .,1,Пъчето [: пръстчето] .,Пъчето .,Пръстчето .
SIM,1;08.10,SIM,deno [: studeno] .,1,Дено [: студено] .,Дено .,Студено .
SIM,1;08.10,SIM,"pokite [: plochkite] deno [: studeno], deno [: studeno] .",3,"Поките [: плочките] дено [: студено], дено [: студено] .","Поките дено , дено .","Плочките студено , студено ."
SIM,1;08.10,SIM,"kamyk, kamyk, kamyk, kamyk, kamyk .",5,"Камък, камък, камък, камък, камък .","Камък , камък , камък , камък , камък .","Камък , камък , камък , камък , камък ."
SIM,1;08.11,SIM,"kuche, kuche, kuche dojde .",4,"Куче, куче, куче дойде .","Куче , куче , куче дойде .","Куче , куче , куче дойде ."
SIM,1;08.11,SIM,etite [: soletite] vzeme .,2,Етите [: солетите] вземе .,Етите вземе .,Солетите вземе .
SIM,1;08.11,SIM,pandelka .,1,Панделка .,Панделка .,Панделка .
SIM,1;08.12,SIM,prani .,1,Прани .,Прани .,Прани .
SIM,1;08.12,SIM,"Arina, Arina .",2,"Арина, арина .","Арина , арина .","Арина , арина ."
SIM,1;08.13,SIM,bymchi [: brymchi] kolata .,2,Бъмчи [: бръмчи] колата .,Бъмчи колата .,Бръмчи колата .
SIM,1;08.13,SIM,graka [: igrachka] .,1,Грака [: играчка] .,Грака .,Играчка .
SIM,1;08.13,SIM,dvete .,1,Двете .,Двете .,Двете .
SIM,1;08.13,SIM,"bymchi [: brymchi], bymchi [: brymchi] .",2,"Бъмчи [: бръмчи], бъмчи [: бръмчи] .","Бъмчи , бъмчи .","Бръмчи , бръмчи ."
SIM,1;08.13,SIM,Moni nosi .,2,Мони носи .,Мони носи .,Мони носи .
SIM,1;08.13,SIM,"kemish [: krenvirsh], kemish [: krenvirsh] .",2,"Кемиш [: кренвирш], кемиш [: кренвирш] .","Кемиш , кемиш .","Кренвирш , кренвирш ."
SIM,1;08.13,SIM,"more, more, more, more .",4,"Море, море, море, море .","Море , море , море , море .","Море , море , море , море ."
SIM,1;08.14,SIM,"digna [: vdigna], digna [: vdigna] .",2,"Дигна [: вдигна], дигна [: вдигна] .","Дигна , дигна .","Вдигна , вдигна ."
SIM,1;08.14,SIM,"ketchi [: buketche], ketchi [: buketche], ketchi [: buketche] .",3,"Кетчи [: букетче], кетчи [: букетче], кетчи [: букетче] .","Кетчи , кетчи , кетчи .","Букетче , букетче букетче ."
SIM,1;08.14,SIM,domatcheta cheri .,2,Доматчета чери .,Доматчета чери .,Доматчета чери .
SIM,1;08.14,SIM,mavaj [: vnimavaj] .,1,Мавай [: внимавай] .,Мавай .,Внимавай .
SIM,1;08.14,SIM,doda [: voda] tuk .,2,Дода [: вода] тук .,Дода тук .,Вода тук .
SIM,1;08.14,SIM,opa .,1,Опа .,Опа .,Опа .
SIM,1;08.17,SIM,byshi [: byrshe] .,1,Бъши [: бърше] .,Бъши .,Бърше .
SIM,1;08.17,SIM,maxa .,1,Маxа .,Маxа .,Маxа .
SIM,1;08.17,SIM,sichkite [: vsichkite] .,1,Сичките [: всичките] .,Сичките .,Всичките .
SIM,1;08.17,SIM,"licata [: vilicata] Moni, licata [: vilicata] Moni .",4,"Лицата [: вилицата] мони, лицата [: вилицата] мони .","Лицата мони , лицата мони .","Вилицата Мони , вилицата Мони ."
SIM,1;08.17,SIM,"masata, masata .",2,"Масата, масата .","Масата , масата .","Масата , масата ."
SIM,1;08.17,SIM,banjata .,1,Банята .,Банята .,Банята .
SIM,1;08.17,SIM,"dexite [: drexite], dexite [: drexite] Moni .",3,"Деxите [: дреxите], деxите [: дреxите] мони .","Деxите , деxите мони .","Дреxите , дреxите Мони ."
SIM,1;08.17,SIM,spiram .,1,Спирам .,Спирам .,Спирам .
SIM,1;08.22,SIM,xaresa .,1,Xареса .,Xареса .,Xареса .
SIM,1;08.22,SIM,"bebe, bebe, bebe, bebe, bebe .",5,"Бебе, бебе, бебе, бебе, бебе .","Бебе , бебе , бебе , бебе , бебе .","Бебе , бебе , бебе , бебе , бебе ."
SIM,1;08.22,SIM,kyde si .,2,Къде си .,Къде си .,Къде си .
SIM,1;08.22,SIM,"bebe, bebi .",2,"Бебе, беби .","Бебе , беби .","Бебе , беби ."
SIM,1;08.22,SIM,gluata [: glavata] .,1,Глуата [: главата] .,Глуата .,главата .
SIM,1;08.22,SIM,gleda .,1,Гледа .,Гледа .,Гледа .
SIM,1;08.22,SIM,bodi .,1,Боди .,Боди .,Боди .
SIM,1;08.22,SIM,mush .,1,Муш .,Муш .,Муш .
SIM,1;08.22,SIM,"duke, duke, duke, duke .",4,"Дуке, дуке, дуке, дуке .","Дуке , дуке , дуке , дуке .","Дуке , дуке , дуке , дуке ."
SIM,1;08.24,SIM,vujcho .,1,Вуйчо .,Вуйчо .,Вуйчо .
SIM,1;08.24,SIM,www .,0,Www .,Www ., invalid .
SIM,1;08.26,SIM,"bube, bube, bube, bube .",4,"Бубе, бубе, бубе, бубе .","Бубе , бубе , бубе , бубе .","Бубе , бубе , бубе , бубе ."
SIM,1;08.26,SIM,aka .,1,Ака .,Ака .,Ака .
SIM,1;08.26,SIM,bebcho .,1,Бебчо .,Бебчо .,Бебчо .
SIM,1;09.02,SIM,boc .,1,Боц .,Боц .,Боц .
SIM,1;09.02,SIM,"tvori [: otvori], tvori [: otvori] .",2,"Твори [: отвори], твори [: отвори] .","Твори , твори .","Отвори , отвори ."
SIM,1;09.02,SIM,"bebi, bebcho, bebcho .",3,"Беби, бебчо, бебчо .","Беби , бебчо , бебчо .","Беби , бебчо , бебчо ."
SIM,1;09.02,SIM,zemi [: vzemi] goto [: legloto] .,2,Земи [: вземи] гото [: леглото] .,Земи гото .,Вземи леглото .
SIM,1;09.02,SIM,"bija mama, tati .",3,"Бия мама, тати .","Бия мама , тати .","Бия мама , тати ."
SIM,1;09.02,SIM,pisanka .,1,Писанка .,Писанка .,Писанка .
SIM,1;09.02,SIM,"capalo [: izcapalo], capalo [: izcapalo], capa .",3,"Цапало [: изцапало], цапало [: изцапало], цапа .","Цапало , цапало , цапа .","Изцапало , изцапало , цапа ."
SIM,1;09.02,SIM,ikam [: iskam] kichka [: rychichka] .,2,Икам [: искам] кичка [: ръчичка] .,Икам кичка .,Искам ръчичка .
SIM,1;09.02,SIM,vlezem kochim [: skochim] .,2,Влезем кочим [: скочим] .,Влезем кочим .,Влезем скочим .
SIM,1;09.02,SIM,etesh [: metesh] tam .,2,Етеш [: метеш] там .,Етеш там .,Метеш там .
SIM,1;09.02,SIM,gushi .,1,Гуши .,Гуши .,Гуши .
SIM,1;09.02,SIM,mine dupkata .,2,Мине дупката .,Мине дупката .,Мине дупката .
SIM,1;09.02,SIM,"tam, tam vidim tam .",4,"Там, там видим там .","Там , там видим там .","Там , там видим там ."
SIM,1;09.02,SIM,"a, mama stesna [: stresna] mama .",4,"А, мама стесна [: стресна] мама .","А , мама стесна мама .","А , мама стресна мама ."
SIM,1;09.03,SIM,igraeme [: igraem] .,1,Играеме [: играем] .,Играеме .,Играем .
SIM,1;09.03,SIM,"mami, mami .",2,"Мами, мами .","Мами , мами .","Мами , мами ."
SIM,1;09.03,SIM,vujcho .,1,Вуйчо .,Вуйчо .,Вуйчо .
SIM,1;09.03,SIM,morkovi .,1,Моркови .,Моркови .,Моркови .
SIM,1;09.03,SIM,"kuche, kote .",2,"Куче, коте .","Куче , коте .","Куче , коте ."
SIM,1;09.03,SIM,"dugo, dugo, dugo, dugo .",4,"Дуго, дуго, дуго, дуго .","Дуго , дуго , дуго , дуго .","Дуго , дуго , дуго , дуго ."
SIM,1;09.03,SIM,tova e zeleno .,3,Това е зелено .,Това е зелено .,Това е зелено .
SIM,1;09.03,SIM,sinjo .,1,Синьо .,Синьо .,Синьо .
SIM,1;09.03,SIM,Monito jade .,2,Монито яде .,Монито яде .,Монито яде .
SIM,1;09.03,SIM,pusna mama .,2,Пусна мама .,Пусна мама .,Пусна мама .
SIM,1;09.04,SIM,"vzeme glavikata [: glavichkata], slozhi tuka .",4,"Вземе главиката [: главичката], сложи тука .","Вземе главиката , сложи тука .",Вземе главичката сложи тука .
SIM,1;09.04,SIM,kasiva [: krasiva] .,1,Касива [: красива] .,Касива .,Красива .
SIM,1;09.04,SIM,kolata vyrvi .,2,Колата върви .,Колата върви .,Колата върви .
SIM,1;09.04,SIM,slozhi glavikata [: glavichkata] .,2,Сложи главиката [: главичката] .,Сложи главиката .,Сложи главичката .
SIM,1;09.05,SIM,"kyde si, kyde si ?",4,"Къде си, къде си ?","Къде си , къде си ?","Къде си , къде си ?"
SIM,1;09.05,SIM,Kasjo [: Krasjo] .,1,Касйо [: красйо] .,Касйо .,Красйо .
SIM,1;09.05,SIM,ikam [: iskam] .,1,Икам [: искам] .,Икам .,Искам .
SIM,1;09.05,SIM,tati .,1,Тати .,Тати .,Тати .
SIM,1;09.05,SIM,"samo, ne .",2,"Само, не .","Само , не .","Само , не ."
SIM,1;09.12,SIM,uhuuu .,1,Ухууу .,Ухууу .,Ухууу .
SIM,1;09.12,SIM,otivame vynka .,2,Отиваме вънка .,Отиваме вънка .,Отиваме вънка .
SIM,1;09.16,SIM,shtipa .,1,Щипа .,Щипа .,Щипа .
SIM,1;09.16,SIM,pystite [: prystite] pavi [: pravi] mnogo krasivi .,4,Пъстите [: пръстите] пави [: прави] много красиви .,Пъстите пави много красиви .,Пръстите прави много красиви .
SIM,1;09.16,SIM,mami .,1,Мами .,Мами .,Мами .
SIM,1;09.16,SIM,Kaljancho [: Kalojancho] .,1,Калянчо [: калоянчо] .,Калянчо .,Калоянчо .
SIM,1;09.16,SIM,chicho Ogi .,2,Чичо оги .,Чичо оги .,Чичо Оги .
SIM,1;09.16,SIM,mama mazhe .,2,Мама маже .,Мама маже .,Мама маже .
SIM,1;09.16,SIM,butam .,1,Бутам .,Бутам .,Бутам .
SIM,1;09.16,SIM,Kaljancho [: Kalojancho] suchi .,2,Калянчо [: калоянчо] сучи .,Калянчо сучи .,Калоянчо сучи .
SIM,1;09.16,SIM,"keks, keks .",2,"Кекс, кекс .","Кекс , кекс .","Кекс , кекс ."
SIM,1;09.16,SIM,pytate [: prystite] pavi [: pravi] pytate [: prystite] .,3,Пътате [: пръстите] пави [: прави] пътате [: пръстите] .,Пътате пави пътате .,Пръстите прави пръстите .
SIM,1;09.16,SIM,chicho .,1,Чичо .,Чичо .,Чичо .
SIM,1;09.16,SIM,"jaketo, jaketo, jaketo .",3,"Якето, якето, якето .","Якето , якето , якето .","Якето , якето , якето ."
SIM,1;09.16,SIM,nesi [: zanese] mivkata .,2,Неси [: занесе] мивката .,Неси мивката .,Занесе мивката .
SIM,1;09.16,SIM,Maja .,1,Мая .,Мая .,Мая .
SIM,1;09.17,SIM,"mama, dam, dam, dam, dam .",5,"Мама, дам, дам, дам, дам .","Мама , дам , дам , дам , дам .","Мама , дам , дам , дам , дам ."
SIM,1;09.17,SIM,"daleche, daleche, daleche .",3,"Далече, далече, далече .","Далече , далече , далече .","Далече , далече , далече ."
SIM,1;09.17,SIM,abota [: rabota] .,1,Абота [: работа] .,Абота .,Работа .
SIM,1;09.17,SIM,kirani sa [: lakirani] sa .,3,Кирани са [: лакирани] са .,Кирани са са .,Лакирани са .
SIM,1;09.17,SIM,"ne, ne .",2,"Не, не .","Не , не .","Не , не ."
SIM,1;09.17,SIM,"nata [: ednata], nata [: ednata] njama ja .",4,"Ната [: едната], ната [: едната] няма я .","Ната , ната няма я .","Едната , едната няма я ."
SIM,1;09.17,SIM,vino .,1,Вино .,Вино .,Вино .
SIM,1;09.17,SIM,kolad [: shokolad] .,1,Колад [: шоколад] .,Колад .,Шоколад .
SIM,1;09.17,SIM,bykame [: byrkame] .,1,Бъкаме [: бъркаме] .,Бъкаме .,Бъркаме .
SIM,1;09.17,SIM,"nimka [: snimka], pavi [: pravi] nimka [: snimka], pavi [: pravi] nimka [: snimka] .",5,"Нимка [: снимка], пави [: прави] нимка [: снимка], пави [: прави] нимка [: снимка] .","Нимка , пави нимка , пави нимка .","Снимка , прави снимка , прави снимка ."
SIM,1;09.17,SIM,"chilata [: ochilata] Moni tidem [: otidem], chilata [: ochilata] .",4,"Чилата [: очилата] мони тидем [: отидем], чилата [: очилата] .","Чилата мони тидем , чилата .","Очилата Мони отидем , очилата ."
SIM,1;09.17,SIM,dugoto [: drugoto] .,1,Дугото [: другото] .,Дугото .,Другото .
SIM,1;09.17,SIM,"ljulkata, ljulkata .",2,"Льулката, льулката .","Льулката , льулката .","Люлката , люлката ."
SIM,1;09.17,SIM,pandelka .,1,Панделка .,Панделка .,Панделка .
SIM,1;09.17,SIM,kalinkite slozhix kalinkite .,3,Калинките сложиx калинките .,Калинките сложиx калинките .,Калинките сложиx калинките .
SIM,1;09.17,SIM,Milkata .,1,Милката .,Милката .,Милката .
SIM,1;09.21,SIM,cheloto .,1,Челото .,Челото .,Челото .
SIM,1;09.21,SIM,grae tezi gaki [: igrachki] .,3,Грае тези гаки [: играчки] .,Грае тези гаки .,Грае тези играчки .
SIM,1;09.21,SIM,"goni, goni, kachi sokovo [: visokoto] .",4,"Гони, гони, качи соково [: високото] .","Гони , гони , качи соково .","Гони , гони , качи високото ."
SIM,1;09.21,SIM,"tuka, tuka dyzhi [: dyrzhi] .",3,"Тука, тука дъжи [: държи] .","Тука , тука дъжи .","Тука , тука държи ."
SIM,1;09.21,SIM,kolata .,1,Колата .,Колата .,Колата .
SIM,1;09.21,SIM,tefona [: telefona] pusna Moni .,3,Тефона [: телефона] пусна мони .,Тефона пусна мони .,Телефона пусна Мони .
SIM,1;09.21,SIM,"kochim [: skochim], kochim [: skochim] vynka [: vyn] .",3,"Кочим [: скочим], кочим [: скочим] вънка [: вън] .","Кочим , кочим вънка ."Скочим , скочим вън .
SIM,1;09.21,SIM,"ljulja [: ljulee] mama, ljulja [: ljulee] mama .",4,"Льуля [: льулее] мама, льуля [: льулее] мама .","Льуля мама , льуля мама .","Люлее мама , люлее мама ."
SIM,1;09.21,SIM,"zajcheto bjalo, zajcheto bjalo, zajcheto bjalo .",6,"Зайчето бяло, зайчето бяло, зайчето бяло .","Зайчето бяло , зайчето бяло , зайчето бяло .","Зайчето бяло , зайчето бяло , зайчето бяло ."
SIM,1;09.21,SIM,"brymchi, brymchi .",2,"Бръмчи, бръмчи .","Бръмчи , бръмчи .","Бръмчи , бръмчи ."
SIM,1;09.21,SIM,baba .,1,Баба .,Баба .,Баба .
SIM,1;09.21,SIM,sedni dugija [: drugija] Moni .,3,Седни дугия [: другия] мони .,Седни дугия мони .,Седни другия Мони .
SIM,1;09.21,SIM,"ux, goljamo nosi mama .",4,"Уx, голямо носи мама .","Уx , голямо носи мама .","Уx , голямо носи мама ."
SIM,1;09.21,SIM,tvorim [: otvorim] .,1,Творим [: отворим] .,Творим .,Отворим .
SIM,1;09.21,SIM,"aaa, Moni, Moni .",3,"Ааа, мони, мони .","Ааа , мони , мони .","Ааа , Мони , Мони ."
SIM,1;09.21,SIM,"mama kopchee [: zakopchee], mama, mama, mama kopchee [: zakopchee] .",6,"Мама копчее [: закопчее], мама, мама, мама копчее [: закопчее] .","Мама копчее , мама , мама , мама копчее .","Мама закопчее , мама , мама , мама закопчее ."
SIM,1;09.21,SIM,Moni blechena [: oblechena] mama .,3,Мони блечена [: облечена] мама .,Мони блечена мама .,Мони облечена мама .
SIM,1;09.23,SIM,"kako kasiva [: krasiva], kasiva [: krasiva] .",3,"Како касива [: красива], касива [: красива] .","Како касива , касива .","Како красива , красива ."
SIM,1;09.24,SIM,baba njama ja .,3,Баба няма я .,Баба няма я .,Баба няма я .
SIM,1;09.24,SIM,"vzema, vzema, vzema .",3,"Взема, взема, взема .","Взема , взема , взема .","Взема , взема , взема ."
SIM,1;09.24,SIM,"uh, trudno, uh, trudno .",4,"Ух, трудно, ух, трудно .","Ух , трудно , ух , трудно .","Ух , трудно , ух , трудно ."
SIM,1;09.25,SIM,"ljagash, bebcho .",2,"Лягаш, бебчо .","Лягаш , бебчо .","Лягаш , бебчо ."
SIM,1;09.25,SIM,kupi mama maslinka .,3,Купи мама маслинка .,Купи мама маслинка .,Купи мама маслинка .
SIM,1;09.25,SIM,dyzhi [: dyrzhi] bebcheto .,2,Дъжи [: държи] бебчето .,Дъжи бебчето .,Държи бебчето .
SIM,1;09.25,SIM,"ax, tozi, tozi, tozi .",4,"Аx, този, този, този .","Аx , този , този , този .","Аx , този , този , този ."
SIM,1;09.25,SIM,"a, tati .",2,"А, тати .","А , тати .","А , тати ."
SIM,1;09.25,SIM,ne tezi .,2,Не тези .,Не тези .,Не тези .
SIM,1;09.29,SIM,"gyrmi, gyrmi .",2,"Гърми, гърми .","Гърми , гърми .","Гърми , гърми ."
SIM,1;09.29,SIM,"balona, balona .",2,"Балона, балона .","Балона , балона .","Балона , балона ."
SIM,1;09.29,SIM,abudi se [: sybudi se] .,3,Абуди се [: събуди се] .,Абуди се .,Събуди се .
SIM,1;10.01,SIM,nimki [: snimki] .,1,Нимки [: снимки] .,Нимки .,Снимки .
SIM,1;10.01,SIM,"kako, dobo [: dobro] utro, kako .",4,"Како, добо [: добро] утро, како .","Како , добо утро , како .","Како , добро утро , како ."
SIM,1;10.01,SIM,vino .,1,Вино .,Вино .,Вино .
SIM,1;10.01,SIM,"pusnem, pusnem, pusnem .",3,"Пуснем, пуснем, пуснем .","Пуснем , пуснем , пуснем .","Пуснем , пуснем , пуснем ."
SIM,1;10.01,SIM,ikam [: iskam] .,1,Икам [: искам] .,Икам .,искам .
SIM,1;10.01,SIM,"am, am, ne .",3,"Ам, ам, не .","Ам , ам , не .","Ам , ам , не ."
SIM,1;10.01,SIM,"a gybcheta [: na grybcheta], davaj .",4,"А гъбчета [: на гръбчета], давай .","А гъбчета , давай .",На гръбчета давай .
SIM,1;10.01,SIM,"ne, tvoeto, mama .",3,"Не, твоето, мама .","Не , твоето , мама .","Не , твоето , мама ."
SIM,1;10.03,SIM,mama pija .,2,Мама пия .,Мама пия .,Мама пия .
SIM,1;10.03,SIM,"daj, mamo apim [: lepim] .",3,"Дай, мамо апим [: лепим] .","Дай , мамо апим .","Дай , мамо лепим ."
SIM,1;10.03,SIM,vzema .,1,Взема .,Взема .,Взема .
SIM,1;10.03,SIM,"apim [: lepim] bujkata [: obuvkata], daj mamo .",4,"Апим [: лепим] буйката [: обувката], дай мамо .","Апим буйката , дай мамо .","Лепим обувката , дай мамо ."
SIM,1;10.07,SIM,ikam [: iskam] telona [: telefona] .,2,Икам [: искам] телона [: телефона] .,Икам телона .,Искам телефона .
SIM,1;10.07,SIM,telona [: telefona] gledam nimki [: snimki] kak nimiti [: snimate] trimata .,6,Телона [: телефона] гледам нимки [: снимки] как нимити [: снимате] тримата .,Телона гледам нимки как нимити тримата .,Телефона гледам снимки как снимате тримата .
SIM,1;10.07,SIM,"Mausa, ee, Mausa [: Miki Maus] .",4,"Мауса, ее, мауса [: мики маус] .","Мауса , ее , мауса .","Мауса , мики маус ."
SIM,1;10.07,SIM,"babo, doda [: voda], babo, doda [: voda], babo, doda [: voda], babo, doda [: voda] .",8,"Бабо, дода [: вода], бабо, дода [: вода], бабо, дода [: вода], бабо, дода [: вода] .","Бабо , дода , бабо , дода , бабо , дода , бабо , дода .","Бабо , вода бабо , вода бабо , вода бабо , вода ."
SIM,1;10.07,SIM,njama mama polon [: pantalon] .,3,Няма мама полон [: панталон] .,Няма мама полон .,Няма мама панталон .
SIM,1;10.07,SIM,papi [: chorapi] .,1,Папи [: чорапи] .,Папи .,Чорапи .
SIM,1;10.08,SIM,daj topkata a [: da] ritam kache [: krache] .,5,Дай топката а [: да] ритам каче [: краче] .,Дай топката а ритам каче .,Дай топката да ритам краче .
SIM,1;10.08,SIM,"baba, baba .",2,"Баба, баба .","Баба , баба .","Баба , баба ."
SIM,1;10.09,SIM,"sednah tuka, sedna tuka .",4,"Седнах тука, седна тука .","Седнах тука , седна тука .","Седнах тука , седна тука ."
SIM,1;10.10,SIM,vino .,1,Вино .,Вино .,Вино .
SIM,1;10.10,SIM,chashata malkata .,2,Чашата малката .,Чашата малката .,Чашата малката .
SIM,1;10.10,SIM,ednoto drugo pija chashata malkata .,5,Едното друго пия чашата малката .,Едното друго пия чашата малката .,Едното друго пия чашата малката .
SIM,1;10.12,SIM,"xvyrlja, xvyrlja v kosha, mirishe akoto .",6,"Xвърля, xвърля в коша, мирише акото .","Xвърля , xвърля в коша , мирише акото .","Xвърля , xвърля в коша , мирише акото ."
SIM,1;10.12,SIM,"tati, chuk chuk .",3,"Тати, чук чук .","Тати , чук чук .","Тати , чук чук ."
SIM,1;10.12,SIM,"davaj, bebcho, a [: na] gryb .",4,"Давай, бебчо, а [: на] гръб .","Давай , бебчо , а гръб .","Давай , бебчо , на гръб ."
SIM,1;10.12,SIM,gledam drugata ana [: strana] .,3,Гледам другата ана [: страна] .,Гледам другата ана .,Гледам другата страна .
SIM,1;10.12,SIM,ligavja plache .,2,Лигавя плаче .,Лигавя плаче .,Лигавя плаче .
SIM,1;10.13,SIM,"kyde bagash [: bjagash], bebcho ?",3,"Къде багаш [: бягаш], бебчо ?","Къде багаш , бебчо ?",Къде бягаш бебчо ?
SIM,1;10.13,SIM,bija .,1,Бия .,Бия .,Бия .
SIM,1;10.13,SIM,a bija shamari .,3,А бия шамари .,А бия шамари .,А бия шамари .
SIM,1;10.13,SIM,kopcha [: razkopcha] ti bodito .,3,Копча [: разкопча] ти бодито .,Копча ти бодито .,разкопча ти бодито .
SIM,1;10.14,SIM,kafe .,1,Кафе .,Кафе .,Кафе .
SIM,1;10.14,SIM,gledam kyde kacha .,3,Гледам къде кача .,Гледам къде кача .,Гледам къде кача .
SIM,1;10.16,SIM,koteto sh risuvam .,3,Котето ш рисувам .,Котето ш рисувам .,Котето ш рисувам .
SIM,1;10.16,SIM,"akrija [: skrija], che tazi mnogo mrysna e .",6,"Акрия [: скрия], че тази много мръсна е .","Акрия , че тази много мръсна е .","Скрия , че тази много мръсна е ."
SIM,1;10.16,SIM,"djadoto kril [: skril], djadoto kril [: skril], djadoto .",5,"Дядото крил [: скрил], дядото крил [: скрил], дядото .","Дядото крил , дядото крил , дядото .","Дядото скрил , дядото скрил , дядото ."
SIM,1;10.16,SIM,eto go balana [: banana] .,3,Ето го балана [: банана] .,Ето го балана .,Ето го банана .
SIM,1;10.16,SIM,"bebe, buzki i ushi dyrpam .",5,"Бебе, бузки и уши дърпам .","Бебе , бузки и уши дърпам .","Бебе , бузки и уши дърпам ."
SIM,1;10.16,SIM,akrija [: skrija] chista slamka .,3,Акрия [: скрия] чиста сламка .,Акрия чиста сламка .,Скрия чиста сламка .
SIM,1;10.17,SIM,dugata [: drugata] ana [: strana] .,2,Дугата [: другата] ана [: страна] .,Дугата ана .,Другата страна .
SIM,1;10.17,SIM,"ela tuka, mamo, ela tuka, mamo .",6,"Ела тука, мамо, ела тука, мамо .","Ела тука , мамо , ела тука , мамо .","Ела тука , мамо , ела тука , мамо ."
SIM,1;10.22,SIM,"mami, sedni, mami, sedni, mami .",5,"Мами, седни, мами, седни, мами .","Мами , седни , мами , седни , мами .","Мами , седни , мами , седни , мами ."
SIM,1;10.22,SIM,pampito [: pampersa] xvyrlja kosha .,3,Пампито [: памперса] xвърля коша .,Пампито xвърля коша .,Памперса xвърля коша .
SIM,1;10.22,SIM,na baba tefona [: telefona] .,3,На баба тефона [: телефона] .,На баба тефона .,На баба телефона .
SIM,1;10.23,SIM,"bebe, bebe, bebe .",3,"Бебе, бебе, бебе .","Бебе , бебе , бебе .","Бебе , бебе , бебе ."
SIM,1;10.23,SIM,dugata [: drugata] a [: da] vidja .,3,Дугата [: другата] а [: да] видя .,Дугата а видя .,Другата да видя .
SIM,1;10.23,SIM,"a moga [: ne moga] tvoja, tvoja, tvoja .",6,"А мога [: не мога] твоя, твоя, твоя .","А мога твоя , твоя , твоя .","Не мога твоя , твоя , твоя ."
SIM,1;10.27,SIM,"vzema, vzema shte suchi tuk koremcheto a Moni .",8,"Взема, взема ще сучи тук коремчето а мони .","Взема , взема ще сучи тук коремчето а мони .","Взема , взема ще сучи тук коремчето а мони ."
SIM,1;10.27,SIM,"buu, bu, buu .",3,"Буу, бу, буу .","Буу , бу , буу .","Буу , бу , буу ."
SIM,1;10.27,SIM,guuush .,1,Гуууш .,Гуууш .,Гуууш .
SIM,1;10.27,SIM,"shte buja [: sybuja], shte sybuja, mamo .",5,"Ще буя [: събуя], ще събуя, мамо .","Ще буя , ще събуя , мамо .","Ще събуя ще събуя , мамо ."
SIM,1;10.29,SIM,bebcho pinka [: spinka] .,2,Бебчо пинка [: спинка] .,Бебчо пинка .,Бебчо спинка .
SIM,1;11.02,SIM,tidem [: otidem] a gazina [: magazina] kupi neshto .,5,Тидем [: отидем] а газина [: магазина] купи нещо .,Тидем а газина купи нещо .,Отидем а магазина купи нещо .
SIM,1;11.02,SIM,"slozha a pyt [: za izpyt] orexche, a pyt [: za izpyt] slozha orexche .",10,"Сложа а път [: за изпът] ореxче, а път [: за изпът] сложа ореxче .","Сложа а път ореxче , а път сложа ореxче .","Сложа за изпът ореxче , за изпът сложа ореxче ."
SIM,1;11.02,SIM,vizh opravish kolelata a gloto [: legloto] .,5,Виж оправиш колелата а глото [: леглото] .,Виж оправиш колелата а глото .,Виж оправиш колелата а леглото .
SIM,1;11.02,SIM,"taka blicham [: oblicham] jake, odeno [: studeno], odeno [: studeno] .",5,"Така бличам [: обличам] яке, одено [: студено], одено [: студено] .","Така бличам яке , одено , одено .","Така обличам яке , студено , студено ."
SIM,1;11.02,SIM,"vzimam kolikata [: kolichkata] a ulicata, vzimam kolikata [: kolichkata] a ulicata .",8,"Взимам коликата [: количката] а улицата, взимам коликата [: количката] а улицата .","Взимам коликата а улицата , взимам коликата а улицата .","Взимам количката а улицата , взимам количката а улицата ."
SIM,1;11.02,SIM,"mamo az a vyrna Kaljancho a slusha [: ne slusha], Kaljancho a slusha [: ne slusha], Kaljancho a slusha [: ne slusha] veche .",17,"Мамо аз а върна калянчо а слуша [: не слуша], калянчо а слуша [: не слуша], калянчо а слуша [: не слуша] вече .","Мамо аз а върна калянчо а слуша , калянчо а слуша , калянчо а слуша вече .","Мамо аз а върна калянчо не слуша , калянчо не слуша , калянчо не слуша вече ."
SIM,1;11.04,SIM,dve .,1,Две .,Две .,Две .
SIM,1;11.04,SIM,slozha med a tikvata .,4,Сложа мед а тиквата .,Сложа мед а тиквата .,Сложа мед а тиквата .
SIM,1;11.04,SIM,"a munka [: majmunka], a munka [: majmunka] .",4,"А мунка [: маймунка], а мунка [: маймунка] .","А мунка , а мунка .","А маймунка , а маймунка ."
SIM,1;11.04,SIM,"mamo, drypni kapacheto obadish na vujcho njakoj pytja .",8,"Мамо, дръпни капачето обадиш на вуйчо някой пътя .","Мамо , дръпни капачето обадиш на вуйчо някой пътя .","Мамо , дръпни капачето обадиш на вуйчо някой пътя ."
SIM,1;11.04,SIM,vzema mama shtipkata .,3,Взема мама щипката .,Взема мама щипката .,Взема мама щипката .
SIM,1;11.04,SIM,"mamo, sedni, mamo, sedni tuk .",5,"Мамо, седни, мамо, седни тук .","Мамо , седни , мамо , седни тук .","Мамо , седни , мамо , седни тук ."
SIM,1;11.04,SIM,tidem [: otidem] .,1,Тидем [: отидем] .,Тидем .,Отидем .
SIM,1;11.04,SIM,"aaa, aaa .",2,"Ааа, ааа .","Ааа , ааа .","Ааа , ааа ."
SIM,1;11.04,SIM,malko pija dodichka [: vodichka] .,3,Малко пия додичка [: водичка] .,Малко пия додичка .,Малко пия водичка .
SIM,1;11.04,SIM,"tidem [: otidem] vyrvim, vyrvim .",3,"Тидем [: отидем] вървим, вървим .","Тидем вървим , вървим .","Отидем вървим , вървим ."
SIM,1;11.04,SIM,a njakoj .,2,А някой .,А някой .,А някой .
SIM,1;11.04,SIM,baba pinka [: spinka] a Kaljancho .,4,Баба пинка [: спинка] а калянчо .,Баба пинка а калянчо .,Баба спинка а калянчо .
SIM,1;11.04,SIM,a med .,2,А мед .,А мед .,А мед .
SIM,1;11.07,SIM,"gotova mi na bebcho kolichkite, shte butame kolichkite a bebetata .",10,"Готова ми на бебчо количките, ще бутаме количките а бебетата .","Готова ми на бебчо количките , ще бутаме количките а бебетата .","Готова ми на бебчо количките , ще бутаме количките а бебетата ."
SIM,1;11.07,SIM,"mama, mama .",2,"Мама, мама .","Мама , мама .","Мама , мама ."
SIM,1;11.07,SIM,"buux, buux .",2,"Бууx, бууx .","Бууx , бууx .","Бууx , бууx ."
SIM,1;11.07,SIM,"ne mi sa mesteni, edinija mesten, mesteni .",7,"Не ми са местени, единия местен, местени .","Не ми са местени , единия местен , местени .","Не ми са местени , единия местен , местени ."
SIM,1;11.07,SIM,"gali, gali, gali, gali .",4,"Гали, гали, гали, гали .","Гали , гали , гали , гали .","Гали , гали , гали , гали ."
SIM,1;11.07,SIM,"az skocha, ne .",3,"Аз скоча, не .","Аз скоча , не .","Аз скоча , не ."
SIM,1;11.08,SIM,shapka .,1,Шапка .,Шапка .,Шапка .
SIM,1;11.08,SIM,malko .,1,Малко .,Малко .,Малко .
SIM,1;11.08,SIM,"tazi i mama vizhda konja, kravata, kravata, krava .",8,"Тази и мама вижда коня, кравата, кравата, крава .","Тази и мама вижда коня , кравата , кравата , крава .","Тази и мама вижда коня , кравата , кравата , крава ."
SIM,1;11.08,SIM,a petel .,2,А петел .,А петел .,А петел .
SIM,1;11.08,SIM,"mravka, mravka, mravka .",3,"Мравка, мравка, мравка .","Мравка , мравка , мравка .","Мравка , мравка , мравка ."
SIM,1;11.08,SIM,"zhylydki [: zhylydi], zhylydki [: zhylydi], zhylydki [: zhylydi] .",3,"Жълъдки [: жълъди], жълъдки [: жълъди], жълъдки [: жълъди] .","Жълъдки , жълъдки , жълъдки .","Жълъди , жълъди ,жълъди ."
SIM,1;11.14,SIM,"na masata ostavja malko, malko ostavja a masata igrachkata .",9,"На масата оставя малко, малко оставя а масата играчката .","На масата оставя малко , малко оставя а масата играчката .","На масата оставя малко , малко оставя а масата играчката ."
SIM,1;11.14,SIM,"bebcho obyrne a grybche, az obyrnax a gryb .",8,"Бебчо обърне а гръбче, аз обърнаx а гръб .","Бебчо обърне а гръбче , аз обърнаx а гръб .","Бебчо обърне а гръбче , аз обърнаx а гръб ."
SIM,1;11.14,SIM,montiram [: remontiram] masata .,2,Монтирам [: ремонтирам] масата .,Монтирам масата .,Ремонтирам масата .
SIM,1;11.14,SIM,"gushi, gushi, bebcho, gushi, gushi .",5,"Гуши, гуши, бебчо, гуши, гуши .","Гуши , гуши , бебчо , гуши , гуши .","Гуши , гуши , бебчо , гуши , гуши ."
SIM,1;11.14,SIM,a gubim .,2,А губим .,А губим .,А губим .
SIM,1;11.14,SIM,"mama snima, mama snima, mama snima .",6,"Мама снима, мама снима, мама снима .","Мама снима , мама снима , мама снима .","Мама снима , мама снима , мама снима ."
SIM,1;11.18,SIM,zavij me s djaloto [: odealoto] sama .,5,Завий ме с дялото [: одеалото] сама .,Завий ме с дялото сама .,Завий ме с одеалото сама .
SIM,1;11.18,SIM,bebcho chorapi e .,3,Бебчо чорапи е .,Бебчо чорапи е .,Бебчо чорапи е .
SIM,1;11.18,SIM,djado gore ostana .,3,Дядо горе остана .,Дядо горе остана .,Дядо горе остана .
SIM,1;11.19,SIM,"okoj se [: uspokoj se] Kaljanche, okoj se [: uspokoj se] Kaljanche .",8,"Окой се [: успокой се] калянче, окой се [: успокой се] калянче .","Окой се калянче , окой се калянче .","успокой се Калянче , успокой се Калянче ."
SIM,1;11.19,SIM,samo sprjal samichyk .,3,Само спрял самичък .,Само спрял самичък .,Само спрял самичък .
SIM,1;11.19,SIM,"Kancho [: Kalojancho], Kaljancho [: Kalojancho] .",2,"Канчо [: калоянчо], калянчо [: калоянчо] .","Канчо , калянчо .","Калоянчо , Калоянчо ."
SIM,1;11.23,SIM,baba noktite .,2,Баба ноктите .,Баба ноктите .,Баба ноктите .
SIM,1;11.23,SIM,"xajde putince [: prystchence] myrdame svalim gi, svalim gi putinceta [: prystchenceta] s Muma Lisa [: Kuma Lisa] .",12,"Xайде путинце [: пръстченце] мърдаме свалим ги, свалим ги путинцета [: пръстченцета] с мума лиса [: кума лиса] .","Xайде путинце мърдаме свалим ги , свалим ги путинцета с мума лиса .","Xайде пръстченце мърдаме свалим ги , свалим ги пръстченцета с Кума Лиса ."
SIM,2;00.00,SIM,"chuk, chuk, chuk, chuk .",4,"Чук, чук, чук, чук .","Чук , чук , чук , чук .","Чук , чук , чук , чук ."
SIM,2;00.00,SIM,"bagam [: bjagam] kuklata, bagam [: bjagam] kuklata silno .",5,"Багам [: бягам] куклата, багам [: бягам] куклата силно .","Багам куклата , багам куклата силно .","Бягам куклата , бягам куклата силно ."
SIM,2;00.00,SIM,oshte edin pyt bagam [: bjagam] .,4,Още един път багам [: бягам] .,Още един път багам .,Още един път бягам .
SIM,2;00.00,SIM,toj stava a dve godinki Kaljancho [: Kalojancho] stava .,7,Той става а две годинки калянчо [: калоянчо] става .,Той става а две годинки калянчо става .,Той става а две годинки Калоянчо става .
SIM,2;00.01,SIM,"torbikata [: torbichkata], mam .",2,"Торбиката [: торбичката], мам .","Торбиката , мам .","Торбичката , мам ."
SIM,2;00.06,SIM,"gori pekata [: pechkata], gori pekata [: pechkata] .",4,"Гори пеката [: печката], гори пеката [: печката] .","Гори пеката , гори пеката .","Гори печката , гори печката ."
SIM,2;00.06,SIM,Kaljancho [: Kalojancho] byrka ushenceto .,3,Калянчо [: калоянчо] бърка ушенцето .,Калянчо бърка ушенцето .,Калоянчо бърка ушенцето .
SIM,2;00.06,SIM,Kaljancho [: Kalojancho] a mozhe a gyrnence .,5,Калянчо [: калоянчо] а може а гърненце .,Калянчо а може а гърненце .,Калоянчо а може а гърненце .
SIM,2;00.06,SIM,Kaljancho [: Kalojancho] dryzhi pada .,3,Калянчо [: калоянчо] дръжи пада .,Калянчо дръжи пада .,Калоянчо дръжи пада .
SIM,2;00.06,SIM,Kaljancho [: Kalojancho] zavija gonkata [: cheloto] .,3,Калянчо [: калоянчо] завия гонката [: челото] .,Калянчо завия гонката .,Калоянчо завия челото .
SIM,2;00.06,SIM,njama a vzimam a Kaljancho [: Kalojancho] igrachkata .,6,Няма а взимам а калянчо [: калоянчо] играчката .,Няма а взимам а калянчо играчката .,Няма а взимам а Калоянчо играчката .
SIM,2;00.06,SIM,dava xrana jade Kaljancho [: Kalojancho] .,4,Дава xрана яде калянчо [: калоянчо] .,Дава xрана яде калянчо .,Дава xрана яде калоянчо .
SIM,2;00.06,SIM,mnogo vkusni kekschetata .,3,Много вкусни кексчетата .,Много вкусни кексчетата .,Много вкусни кексчетата .
SIM,2;00.06,SIM,Kaljancho [: Kalojancho] vyrne posle vyrne a Simonchi .,6,Калянчо [: калоянчо] върне после върне а симончи .,Калянчо върне после върне а симончи .,Калоянчо върне после върне а симончи .
SIM,2;00.09,SIM,"Kaljanchi, eto igraesh .",3,"Калянчи, ето играеш .","Калянчи , ето играеш .","Калянчи , ето играеш ."
SIM,2;00.09,SIM,iskash li Kaljanche a peja ?,5,Искаш ли калянче а пея ?,Искаш ли калянче а пея ?,Искаш ли калянче а пея ?
SIM,2;00.09,SIM,Kaljancho [: Kalojancho] pylzish .,2,Калянчо [: калоянчо] пълзиш .,Калянчо пълзиш .,Калоянчо пълзиш .
SIM,2;00.18,SIM,"mjau, mjau, kotence, xajde da igraem, xajde igraem.",8,"Мяу, мяу, котенце, xайде да играем, xайде играем.","Мяу , мяу , котенце , xайде да играем , xайде играем .","Мяу , мяу , котенце , xайде да играем , xайде играем ."
SIM,2;00.20,SIM,ljavo.,1,Ляво.,Ляво .,Ляво .
SIM,2;00.20,SIM,"KalJancho [: KaloJancho], priJaten den, KalJancho [: KaloJancho].",4,"Калянчо [: калоянчо], приятен ден, калянчо [: калоянчо].","Калянчо , приятен ден , калянчо .","Калоянчо , приятен ден ,Калоянчо"
SIM,2;00.20,SIM,"mamo, pri [: spri] telefoncheto.",3,"Мамо, при [: спри] телефончето.","Мамо , при телефончето .","Мамо , спри телефончето ."
SIM,2;00.23,SIM,achistix [: izchistix] go.,2,Ачистиx [: изчистиx] го.,Ачистиx го .,Изчистиx го .
SIM,2;00.23,SIM,"mama, chisto, chisto e, chisto e.",6,"Мама, чисто, чисто е, чисто е.","Мама , чисто , чисто е , чисто е .","Мама , чисто , чисто е , чисто е ."
SIM,2;00.23,SIM,mamo.,1,Мамо.,Мамо .,Мамо .
SIM,2;00.23,SIM,"mamo, daj mi metlata i tam lopatkata a [: da] meta.",9,"Мамо, дай ми метлата и там лопатката а [: да] мета.","Мамо , дай ми метлата и там лопатката а мета .","Мамо , дай ми метлата и там лопатката да мета ."
SIM,2;00.24,SIM,"mamo, boli me kracheto, mamo.",5,"Мамо, боли ме крачето, мамо.","Мамо , боли ме крачето , мамо .","Мамо , боли ме крачето , мамо ."
SIM,2;00.24,SIM,kakata.,1,Каката.,Каката .,Каката .
SIM,2;00.24,SIM,kazax bu a [: na] Kaljanche [: Kalojanche].,4,Казаx бу а [: на] калянче [: калоянче].,Казаx бу а калянче .,Казаx бу на калоянче .
SIM,2;00.26,SIM,"mamo, snimaj me.",3,"Мамо, снимай ме.","Мамо , снимай ме .","Мамо , снимай ме ."
SIM,2;00.26,SIM,snimka a [: na] Kaljancho [: Kalojancho].,3,Снимка а [: на] калянчо [: калоянчо].,Снимка а калянчо .,Снимка на калоянчо
SIM,2;00.26,SIM,tova e apjutyr [: kompjutyr].,3,Това е апйутър [: компйутър].,Това е апйутър .,Това е компютър
SIM,2;01.05,SIM,"mamo, njama maj snjag.",4,"Мамо, няма май сняг.","Мамо , няма май сняг .","Мамо , няма май сняг ."
SIM,2;01.05,SIM,kotetata chakat.,2,Котетата чакат.,Котетата чакат .,Котетата чакат .
SIM,2;01.06,SIM,"mamo, muzikata kyde e, muzikata?",5,"Мамо, музиката къде е, музиката?","Мамо , музиката къде е , музиката ?","Мамо , музиката къде е , музиката ?"
SIM,2;01.06,SIM,posle pak.,2,После пак.,После пак .,После пак .
SIM,2;01.06,SIM,KalJancho [: Kalojancho] apinka [: naspinka].,2,Калянчо [: калоянчо] апинка [: наспинка].,Калянчо апинка .,Калоянчо наспинка .
SIM,2;01.06,SIM,goli kachetata [: krachetata].,2,Голи качетата [: крачетата].,Голи качетата .,Голи крачетата
SIM,2;01.06,SIM,vljaza otishlo v gorata.,4,Вляза отишло в гората.,Вляза отишло в гората .,Вляза отишло в гората .
SIM,2;01.06,SIM,posle trite stanalo.,3,После трите станало.,После трите станало .,После трите станало .
SIM,2;01.06,SIM,malki prasenca i vylka v gorata.,6,Малки прасенца и вълка в гората.,Малки прасенца и вълка в гората .,Малки прасенца и вълка в гората .
SIM,2;01.10,SIM,"mamo, krachencata.",2,"Мамо, краченцата.","Мамо , краченцата .","Мамо , краченцата ."
SIM,2;01.10,SIM,a chukame dupkata.,3,А чукаме дупката.,А чукаме дупката .,А чукаме дупката .
SIM,2;01.10,SIM,"ikam [: iskam] a [: na] stolcheto, mamo.",4,"Икам [: искам] а [: на] столчето, мамо.","Икам а столчето , мамо .","Искам на столчето , мамо ."
SIM,2;01.10,SIM,pusni muzika.,2,Пусни музика.,Пусни музика .,Пусни музика .
SIM,2;01.10,SIM,mnogo a boli nego.,4,Много а боли него.,Много а боли него .,Много а боли него .
SIM,2;01.12,SIM,"Kaljanchence [: Kalojanchence], ej bebe.",3,"Калянченце [: калоянченце], ей бебе.","Калянченце , ей бебе .","Калоянченце , ей бебе ."
SIM,2;01.12,SIM,malka ribka pej.,3,Малка рибка пей.,Малка рибка пей .,Малка рибка пей .
SIM,2;01.12,SIM,na kola.,2,На кола.,На кола .,На кола .
SIM,2;01.12,SIM,Kaljanche [: Kalojanche].,1,Калянче [: калоянче].,Калянче .,Калоянче
SIM,2;01.12,SIM,tova e rozovo.,3,Това е розово.,Това е розово .,Това е розово .
SIM,2;01.12,SIM,"Kaljanche [: Kalojanche], Kaljanche [: Kalojanche].",2,"Калянче [: калоянче], калянче [: калоянче].","Калянче , калянче .","Калоянче , Калоянче ." 
SIM,2;01.12,SIM,ami jakoto jakence.,3,Ами якото якенце.,Ами якото якенце .,Ами якото якенце .
SIM,2;01.12,SIM,"mazha, mazha, Kaljancho [: Kalojancho].",3,"Мажа, мажа, калянчо [: калоянчо].","Мажа , мажа , калянчо .","Мажа , мажа , калоянчо"
SIM,2;01.19,SIM,nosa.,1,Носа.,Носа .,Носа .
SIM,2;01.23,SIM,"nashata pokrivka, mamo, e zavita.",5,"Нашата покривка, мамо, е завита.","Нашата покривка , мамо , е завита .","Нашата покривка , мамо , е завита ."
SIM,2;01.25,SIM,"banka, banka.",2,"Банка, банка.","Банка , банка .","Банка , банка ."
SIM,2;01.25,SIM,eto go.,2,Ето го.,Ето го .,Ето го .
SIM,2;01.25,SIM,Kaljancho [: Kalojancho] zaspa li?,3,Калянчо [: калоянчо] заспа ли?,Калянчо заспа ли ?,Калоянчо заспа ли ?
SIM,2;01.25,SIM,"tova e kuche, mamo.",4,"Това е куче, мамо.","Това е куче , мамо .","Това е куче , мамо ."
SIM,2;01.25,SIM,zashie mama koncheta.,3,Зашие мама кончета.,Зашие мама кончета .,Зашие мама кончета .
SIM,2;01.25,SIM,"baba i mama jade zele, tati jade zele.",8,"Баба и мама яде зеле, тати яде зеле.","Баба и мама яде зеле , тати яде зеле .","Баба и мама яде зеле , тати яде зеле ."
SIM,2;02.06,SIM,vlakcheto kachish.,2,Влакчето качиш.,Влакчето качиш .,Влакчето качиш .
SIM,2;02.06,SIM,Kaljancho [: Kalojancho] pravja brr ushite.,4,Калянчо [: калоянчо] правя брр ушите.,Калянчо правя брр ушите .,Калоянчо правя брр ушите .
SIM,2;02.06,SIM,Kaljancho [: Kalojancho] tuk da xvanesh tam.,5,Калянчо [: калоянчо] тук да xванеш там.,Калянчо тук да xванеш там .,Калоянчо тук да xванеш там .
SIM,2;02.06,SIM,"tam, dve kotenca ima.",4,"Там, две котенца има.","Там , две котенца има .","Там , две котенца има ."
SIM,2;02.06,SIM,ot baba.,2,От баба.,От баба .,От баба .
SIM,2;02.06,SIM,ikash [: iskash] li?,2,Икаш [: искаш] ли?,Икаш ли ?,Искаш ли ?
SIM,2;02.07,SIM,drugija chorap gladja.,3,Другия чорап гладя.,Другия чорап гладя .,Другия чорап гладя .
SIM,2;02.07,SIM,"mamo, az slozha na tati bukvata.",6,"Мамо, аз сложа на тати буквата.","Мамо , аз сложа на тати буквата .","Мамо , аз сложа на тати буквата ."
SIM,2;02.07,SIM,kato shapka.,2,Като шапка.,Като шапка .,Като шапка .
SIM,2;02.07,SIM,"gladi, gladi, gladi.",3,"Глади, глади, глади.","Глади , глади , глади .","Глади , глади , глади ."
SIM,2;02.07,SIM,na Ani.,2,На ани.,На ани .,На Ани .
SIM,2;02.07,SIM,"gladi, gladi, gladi.",3,"Глади, глади, глади.","Глади , глади , глади .","Глади , глади , глади ."
SIM,2;02.07,SIM,"kyde mi e stolcheto, baba.",5,"Къде ми е столчето, баба.","Къде ми е столчето , баба .","Къде ми е столчето , баба ."
SIM,2;02.07,SIM,ikam [: iskam] malka muzika.,3,Икам [: искам] малка музика.,Икам малка музика .,Искам малка музика .
SIM,2;02.14,SIM,"au, tezi chorapi mnogo krasivi sa!",6,"Ау, тези чорапи много красиви са!","Ау , тези чорапи много красиви са !","Ау , тези чорапи много красиви са !"
SIM,2;02.14,SIM,"tova e kachence [: krachence] i drugoto kachence [: krachence], eto go.",8,"Това е каченце [: краченце] и другото каченце [: краченце], ето го.","Това е каченце и другото каченце , ето го .","Това е краченце и другото краченце , ето го ."
SIM,2;02.14,SIM,eee!,1,Еее!,Еее !,Еее !
SIM,2;02.14,SIM,studeno li e?,2,Студено ли е?,Студено ли е ?,Студено ли е ?
SIM,2;02.14,SIM,obuvame na Kaljancho [: Kalojancho] gashtnik [: chorapogashtnik].,4,Обуваме на калянчо [: калоянчо] гащник [: чорапогащник].,Обуваме на калянчо гащник .,Обуваме на Калоянчо чорапогащник
SIM,2;02.14,SIM,"zakleshtix, da.",2,"Заклещиx, да.","Заклещиx , да .","Заклещиx , да ."
SIM,2;02.15,SIM,"Kalojancho, Kalojancho, Kalojancho, Kalojancho, Kalojancho, Kalojancho.",6,"Калоянчо, калоянчо, калоянчо, калоянчо, калоянчо, калоянчо.","Калоянчо , калоянчо , калоянчо , калоянчо , калоянчо , калоянчо .","Калоянчо , калоянчо , калоянчо , калоянчо , калоянчо , калоянчо ."
SIM,2;02.15,SIM,"mamo, daj mi vilika [: vilichka].",4,"Мамо, дай ми вилика [: виличка].","Мамо , дай ми вилика .","Мамо , дай ми виличка"
SIM,2;02.15,SIM,"mama, ikam [: iskam] kartofite.",3,"Мама, икам [: искам] картофите.","Мама , икам картофите .","Мама , искам картофите ."
SIM,2;02.15,SIM,kachencata [: krachencata].,1,Каченцата [: краченцата].,Каченцата .,Краченцата
SIM,2;02.15,SIM,"zaedno i dolu, i dolu kachi shkafa.",7,"Заедно и долу, и долу качи шкафа.","Заедно и долу , и долу качи шкафа .","Заедно и долу , и долу качи шкафа ."
SIM,2;02.15,SIM,"daj mi kartofite, babo.",4,"Дай ми картофите, бабо.","Дай ми картофите , бабо .","Дай ми картофите , бабо ."
SIM,2;02.15,SIM,"mamo, mama.",2,"Мамо, мама.","Мамо , мама .","Мамо , мама ."
SIM,2;02.15,SIM,"tate, tate.",2,"Тате, тате.","Тате , тате .","Тате , тате ."
SIM,2;02.15,SIM,xajde da otivame gore.,4,Xайде да отиваме горе.,Xайде да отиваме горе .,Xайде да отиваме горе .
SIM,2;02.15,SIM,"mamo, iskam [: iskam], mamo.",3,"Мамо, искам [: искам], мамо.","Мамо , искам , мамо .","Мамо , искам мамо ."
SIM,2;02.15,SIM,"a, padnala vilichkata kakaoto.",4,"А, паднала виличката какаото.","А , паднала виличката какаото .","А , паднала виличката какаото ."
SIM,2;02.15,SIM,fytata.,1,Фътата.,Фътата .,Фътата .
SIM,2;02.17,SIM,"mamo, tuka slozha otdolu.",4,"Мамо, тука сложа отдолу.","Мамо , тука сложа отдолу .","Мамо , тука сложа отдолу ."
SIM,2;02.17,SIM,Kalojancho vizh.,2,Калоянчо виж.,Калоянчо виж .,Калоянчо виж .
SIM,2;02.17,SIM,"shte dojde, mamo, edin chichko.",5,"Ще дойде, мамо, един чичко.","Ще дойде , мамо , един чичко .","Ще дойде , мамо , един чичко ."
SIM,2;02.17,SIM,"ostavja, che puka toz golemija detenceto ima.",7,"Оставя, че пука тоз големия детенцето има.","Оставя , че пука тоз големия детенцето има .","Оставя , че пука тоз големия детенцето има ."
SIM,2;02.17,SIM,bija kachencata [: krachencata].,2,Бия каченцата [: краченцата].,Бия каченцата .,Бия краченцата
SIM,2;02.17,SIM,dvata pampersa.,2,Двата памперса.,Двата памперса .,Двата памперса .
SIM,2;02.19,SIM,"mamo, slozhi go stolcheto.",4,"Мамо, сложи го столчето.","Мамо , сложи го столчето .","Мамо , сложи го столчето ."
SIM,2;02.19,SIM,ikash [: iskash] li gola?,3,Икаш [: искаш] ли гола?,Икаш ли гола ?,Искаш ли гола ?
SIM,2;02.19,SIM,"dryzh go, dryzh go.",4,"Дръж го, дръж го.","Дръж го , дръж го .","Дръж го , дръж го ."
SIM,2;02.19,SIM,"ne, vilika [: vilichka], ne, vilika [: vilichka].",4,"Не, вилика [: виличка], не, вилика [: виличка].","Не , вилика , не , вилика .","Не , виличка , не , виличка"
SIM,2;02.19,SIM,na Kalojancho davam az.,4,На калоянчо давам аз.,На калоянчо давам аз .,На калоянчо давам аз .
SIM,2;02.19,SIM,vzemi go.,2,Вземи го.,Вземи го .,Вземи го .
SIM,2;02.19,SIM,ikam [: iskam] amkam [: da izjam] kartofite.,4,Икам [: искам] амкам [: да изям] картофите.,Икам амкам картофите .,Искам амкам картофите .
SIM,2;02.19,SIM,pij.,1,Пий.,Пий .,Пий .
SIM,2;02.20,SIM,zeleno.,1,Зелено.,Зелено .,Зелено .
SIM,2;02.20,SIM,jade mi samo prystite.,4,Яде ми само пръстите.,Яде ми само пръстите .,Яде ми само пръстите .
SIM,2;02.20,SIM,"ej, dudu, ne taka dudu.",5,"Ей, дуду, не така дуду.","Ей , дуду , не така дуду .","Ей , дуду , не така дуду ."
SIM,2;02.21,SIM,az ne davam!,3,Аз не давам!,Аз не давам !,Аз не давам !
SIM,2;02.21,SIM,"da, be, da.",3,"Да, бе, да.","Да , бе , да .","Да , бе , да ."
SIM,2;02.21,SIM,pusni go.,2,Пусни го.,Пусни го .,Пусни го .
SIM,2;02.21,SIM,karam Kalojancho!,2,Карам калоянчо!,Карам калоянчо !,Карам калоянчо !
SIM,2;03.00,SIM,"stresna se Kalojancho, stresna se Kalojancho.",6,"Стресна се калоянчо, стресна се калоянчо.","Стресна се калоянчо , стресна се калоянчо .","Стресна се калоянчо , стресна се калоянчо ."
SIM,2;03.00,SIM,ljuli vynka.,2,Льули вънка.,Льули вънка .,Люли вънка .
SIM,2;03.00,SIM,"bij, bij, bijj!",3,"Бий, бий, бийй!","Бий , бий , бийй !","Бий , бий , бийй !"
SIM,2;03.00,SIM,az vzema suxarcheto.,3,Аз взема суxарчето.,Аз взема суxарчето .,Аз взема суxарчето .
SIM,2;03.00,SIM,tam Dzhesa vyrzana.,3,Там джеса вързана.,Там джеса вързана .,Там джеса вързана .
SIM,2;03.00,SIM,kazhi am.,2,Кажи ам.,Кажи ам .,Кажи ам .
SIM,2;03.00,SIM,dyrpam ushite!,2,Дърпам ушите!,Дърпам ушите !,Дърпам ушите !
SIM,2;03.14,SIM,"pusni me, KaloJancho.",3,"Пусни ме, калоянчо.","Пусни ме , калоянчо .","Пусни ме , калоянчо ."
SIM,2;03.14,SIM,KaloJancho!,1,Калоянчо!,Калоянчо !,Калоянчо !
SIM,2;03.16,SIM,ne dava tam li malka.,5,Не дава там ли малка.,Не дава там ли малка .,Не дава там ли малка .
SIM,2;03.16,SIM,shte dojda pri Kalojancho.,4,Ще дойда при калоянчо.,Ще дойда при калоянчо .,Ще дойда при калоянчо .
SIM,2;03.16,SIM,svyrshili.,1,Свършили.,Свършили .,Свършили .
SIM,2;03.16,SIM,az sym goljama.,3,Аз съм голяма.,Аз съм голяма .,Аз съм голяма .
SIM,2;03.16,SIM,"pravJa na mama gudju, gudju, gudju.",6,"Правя на мама гудду, гудду, гудду.","Правя на мама гудду , гудду , гудду .","Правя на мама гудю , гую , гудю ."
SIM,2;03.16,SIM,"eto, naxrani se.",3,"Ето, наxрани се.","Ето , наxрани се .","Ето , наxрани се ."
SIM,2;03.16,SIM,tova e dryzhka za topki.,5,Това е дръжка за топки.,Това е дръжка за топки .,Това е дръжка за топки .
SIM,2;03.16,SIM,"aj, bokluci.",2,"Ай, боклуци.","Ай , боклуци .","Ай , боклуци ."
SIM,2;03.16,SIM,toj ne gi lapa golemi.,5,Той не ги лапа големи.,Той не ги лапа големи .,Той не ги лапа големи .
SIM,2;03.17,SIM,"oooo oranzhevo nebeto, oranzhevo nebeto.",5,"Оооо оранжево небето, оранжево небето.","Оооо оранжево небето , оранжево небето .","Оооо оранжево небето , оранжево небето ."
SIM,2;03.17,SIM,ikam [: iskam] na mojto.,3,Икам [: искам] на мойто.,Икам на мойто .,Искам на мойто .
SIM,2;03.26,SIM,eto.,1,Ето.,Ето .,Ето .
SIM,2;03.26,SIM,tozi.,1,Този.,Този .,Този .
SIM,2;03.26,SIM,shte pija taka.,3,Ще пия така.,Ще пия така .,Ще пия така .
SIM,2;03.26,SIM,shte namerja tvoeto jake.,4,Ще намеря твоето яке.,Ще намеря твоето яке .,Ще намеря твоето яке .
SIM,2;03.26,SIM,da.,1,Да.,Да .,Да .
SIM,2;03.26,SIM,rykava.,1,Ръкава.,Ръкава .,Ръкава .
SIM,2;04.00,SIM,tja e tam gore baba.,5,Тя е там горе баба.,Тя е там горе баба .,Тя е там горе баба .
SIM,2;04.00,SIM,"ajde, migaj, migaj.",3,"Айде, мигай, мигай.","Айде , мигай , мигай .","Айде , мигай , мигай ."
SIM,2;04.00,SIM,"az sym s mizhama [: pizhama], mama e s mizhama [: pizhama].",8,"Аз съм с мижама [: пижама], мама е с мижама [: пижама].","Аз съм с мижама , мама е с мижама .","Аз съм с пижама , мама е с пижама"
SIM,2;04.04,SIM,cheren.,1,Черен.,Черен .,Черен .
SIM,2;04.04,SIM,pjurence.,1,Пйуренце.,Пйуренце .,Пйуренце .
SIM,2;04.04,SIM,v momenta tyrsja knizhkata.,4,В момента търся книжката.,В момента търся книжката .,В момента търся книжката .
SIM,2;04.14,SIM,cjala ptichka.,2,Цяла птичка.,Цяла птичка .,Цяла птичка .
SIM,2;04.14,SIM,bati Plamen.,2,Бати пламен.,Бати пламен .,Бати Пламен .
SIM,2;04.15,SIM,"traktor, traktor.",2,"Трактор, трактор.","Трактор , трактор .","Трактор , трактор ."
SIM,2;04.15,SIM,te sa tri.,3,Те са три.,Те са три .,Те са три .
SIM,2;04.15,SIM,"edno, dve, tri, osem.",4,"Едно, две, три, осем.","Едно , две , три , осем .","Едно , две , три , осем ."
SIM,2;04.15,SIM,tova e traktor.,3,Това е трактор.,Това е трактор .,Това е трактор .
SIM,2;04.19,SIM,mi tja si pinka [: spinka] tuka.,5,Ми тя си пинка [: спинка] тука.,Ми тя си пинка тука .,Ми тя си спинка тука .
SIM,2;04.19,SIM,nali i na lizora [: televizora] ima dyrveta?,6,Нали и на лизора [: телевизора] има дървета?,Нали и на лизора има дървета ?,Нали и на телевизора има дървета ?
SIM,2;04.19,SIM,mnogo e mrysen sapuna.,4,Много е мръсен сапуна.,Много е мръсен сапуна .,Много е мръсен сапуна .
SIM,2;04.19,SIM,"sega ne amkam gybki, ama tati izjada [: izjade] edna gybka.",9,"Сега не амкам гъбки, ама тати изяда [: изяде] една гъбка.","Сега не амкам гъбки , ама тати изяда една гъбка .","Сега не амкам гъбки , ама тати изяде една гъбка ."
SIM,2;04.19,SIM,ikash [: iskash] li malko da pipna?,5,Икаш [: искаш] ли малко да пипна?,Икаш ли малко да пипна ?,Искаш ли малко да пипна ?
SIM,2;04.19,SIM,"pavish [: pravish] gi kato Mira, pavish [: pravish] gi kato Mira taka.",9,"Павиш [: правиш] ги като мира, павиш [: правиш] ги като мира така.","Павиш ги като мира , павиш ги като мира така .","правиш ги като Мира , правиш ги като Мира така ."
SIM,2;04.23,SIM,ne ikam [: ne iskam].,3,Не икам [: не искам].,Не икам .,Не искам
SIM,2;04.23,SIM,shte mi slozhim.,3,Ще ми сложим.,Ще ми сложим .,Ще ми сложим .
SIM,2;04.23,SIM,s mishleto.,2,С мишлето.,С мишлето .,С мишлето .
SIM,2;05.01,SIM,edin moliv.,2,Един молив.,Един молив .,Един молив .
SIM,2;05.01,SIM,"ajde, Kalojancho, ajde!",3,"Айде, калоянчо, айде!","Айде , калоянчо , айде !","Айде , Калоянчо , айде !"
SIM,2;05.01,SIM,kola.,1,Кола.,Кола .,Кола .
SIM,2;05.01,SIM,shte vzema onezi.,3,Ще взема онези.,Ще взема онези .,Ще взема онези .
SIM,2;05.03,SIM,"Kalojancho, stoj!",2,"Калоянчо, стой!","Калоянчо , стой !","Калоянчо , стой !"
SIM,2;05.03,SIM,Kalojancho.,1,Калоянчо.,Калоянчо .,Калоянчо .
SIM,2;05.03,SIM,"ikam [: iskam], ikam [: iskam] da vlezja [: vljaza] Kaljancho kolichkata.",6,"Икам [: искам], икам [: искам] да влезя [: вляза] калянчо количката.","Икам , икам да влезя калянчо количката .","Искам , искам да вляза калянчо количката ."
SIM,2;05.03,SIM,toj e mojto prijatelche!,4,Той е мойто приятелче!,Той е мойто приятелче !,Той е мойто приятелче !
SIM,2;05.03,SIM,mnogo mynichka.,2,Много мъничка.,Много мъничка .,Много мъничка .
SIM,2;05.03,SIM,"mamo, mamo, slozhi tuj tuka.",5,"Мамо, мамо, сложи туй тука.","Мамо , мамо , сложи туй тука .","Мамо , мамо , сложи туй тука ."
SIM,2;05.21,SIM,"kolichkata mu na Kalojancho priberi ja, shte vleze koteto v neja.",11,"Количката му на калоянчо прибери я, ще влезе котето в нея.","Количката му на калоянчо прибери я , ще влезе котето в нея .","Количката му на калоянчо прибери я , ще влезе котето в нея ."
SIM,2;05.21,SIM,da.,1,Да.,Да .,Да .
SIM,2;05.21,SIM,ajde!,1,Айде!,Айде !,Айде !
SIM,2;05.21,SIM,"da xodim [: razxodim] malko bebeto, to ne zaspa, kato go razxodix dolu.",11,"Да xодим [: разxодим] малко бебето, то не заспа, като го разxодиx долу.","Да xодим малко бебето , то не заспа , като го разxодиx долу .","Да разxодим малко бебето , то не заспа , като го разxодиx долу ."
SIM,2;05.21,SIM,a sega drugoto ptiche.,4,А сега другото птиче.,А сега другото птиче .,А сега другото птиче .
SIM,2;05.21,SIM,a tova e ptiche.,4,А това е птиче.,А това е птиче .,А това е птиче .
SIM,2;05.21,SIM,"tazi e goljamata, tazi e malkata.",6,"Тази е голямата, тази е малката.","Тази е голямата , тази е малката .","Тази е голямата , тази е малката ."
SIM,2;05.22,SIM,mama e zagubila Monchi.,4,Мама е загубила мончи.,Мама е загубила мончи .,Мама е загубила мНнчи .
SIM,2;05.22,SIM,"Kalojancho, Moni.",2,"Калоянчо, мони.","Калоянчо , мони .","Калоянчо , Мони ."
SIM,2;05.22,SIM,Moni kara kolichkata.,3,Мони кара количката.,Мони кара количката .,Мони кара количката .
SIM,2;05.22,SIM,tova e tati.,3,Това е тати.,Това е тати .,Това е тати .
SIM,2;05.22,SIM,ikam [: iskam] da go pusna.,4,Икам [: искам] да го пусна.,Икам да го пусна .,Искам да го пусна .
SIM,2;05.22,SIM,zagubila Monchi.,2,Загубила мончи.,Загубила мончи .,Загубила Мончи .
SIM,2;05.22,SIM,"Kalojancho, Moni.",2,"Калоянчо, мони.","Калоянчо , мони .","Калоянчо , Мони ."
SIM,2;05.22,SIM,bebeto za Kalojachno.,3,Бебето за калоячно.,Бебето за калоячно .,Бебето за Калоячно .
SIM,2;05.22,SIM,koj e tova bebe?,4,Кой е това бебе?,Кой е това бебе ?,Кой е това бебе ?
SIM,2;05.22,SIM,Monchito pravi brashno.,3,Мончито прави брашно.,Мончито прави брашно .,Мончито прави брашно .
SIM,2;05.22,SIM,"Monchi jade ljutenica, no njama salfetka Moni.",7,"Мончи яде льутеница, но няма салфетка мони.","Мончи яде льутеница , но няма салфетка мони .","Мончи яде лютеница , но няма салфетка Мони ."
SIM,2;05.22,SIM,pijat mljako Kalojancho i Moni.,5,Пият мляко калоянчо и мони.,Пият мляко калоянчо и мони .,Пият мляко Калоянчо и Мони .
SIM,2;05.28,SIM,bratche.,1,Братче.,Братче .,Братче .
SIM,2;05.28,SIM,stignalo e drugoto topche po zemjata.,6,Стигнало е другото топче по земята.,Стигнало е другото топче по земята .,Стигнало е другото топче по земята .
SIM,2;05.28,SIM,toj e po-goljam.,3,Той е по-голям.,Той е по-голям .,Той е по-голям .
SIM,2;05.28,SIM,chetiri.,1,Четири.,Четири .,Четири .
SIM,2;05.28,SIM,tova ne e mishena.,4,Това не е мишена.,Това не е мишена .,Това не е мишена .
SIM,2;05.28,SIM,"uh, njama da ja stigna!",5,"Ух, няма да я стигна!","Ух , няма да я стигна !","Ух , няма да я стигна !"
SIM,2;05.28,SIM,"sega drugata, sega drugata.",4,"Сега другата, сега другата.","Сега другата , сега другата .","Сега другата , сега другата ."
SIM,2;05.28,SIM,da si vzemem chadyra.,4,Да си вземем чадъра.,Да си вземем чадъра .,Да си вземем чадъра .
SIM,2;05.28,SIM,da ne ni zavali dyzhda.,5,Да не ни завали дъжда.,Да не ни завали дъжда .,Да не ни завали дъжда .
SIM,2;05.28,SIM,bydi tu ju [: byrdej tu ju].,5,Бъди ту йу [: бърдей ту йу].,Бъди ту йу .,Бърдей ту йу
SIM,2;05.28,SIM,dolu spinka.,2,Долу спинка.,Долу спинка .,Долу спинка .
SIM,2;05.28,SIM,izobshto.,1,Изобщо.,Изобщо .,Изобщо .
SIM,2;05.29,SIM,mnogo gi xaresax.,3,Много ги xаресаx.,Много ги xаресаx .,Много ги xаресаx .
SIM,2;05.29,SIM,"vizh, na mama bukvata!",4,"Виж, на мама буквата!","Виж , на мама буквата !","Виж , на мама буквата !"
SIM,2;05.29,SIM,veche moga da skysam.,4,Вече мога да скъсам.,Вече мога да скъсам .,Вече мога да скъсам .
SIM,2;05.29,SIM,"pandelka, no e chasovnik.",4,"Панделка, но е часовник.","Панделка , но е часовник .","Панделка , но е часовник ."
SIM,2;05.29,SIM,tova godina li e?,3,Това година ли е?,Това година ли е ?,Това година ли е ?
SIM,2;05.29,SIM,"toj e, toj e studen.",5,"Той е, той е студен.","Той е , той е студен .","Той е , той е студен ."
SIM,2;05.29,SIM,mnoogo goljama!,2,Мноого голяма!,Мноого голяма !,Мноого голяма !
SIM,2;05.29,SIM,"no narisuvax ej taka guma, ej taka guma.",8,"Но нарисуваx ей така гума, ей така гума.","Но нарисуваx ей така гума , ей така гума .","Но нарисуваx ей така гума , ей така гума ."
SIM,2;06.00,SIM,"ko [: kakvo] pajsh [: pravish], babo, na telefona?",5,"Ко [: какво] пайш [: правиш], бабо, на телефона?","Ко пайш , бабо , на телефона ?","Какво правиш бабо , на телефона ?"
SIM,2;06.00,SIM,"nali znaesh, che ikam [: iskam] da narisuvash edna mynichka kyshtichka.",9,"Нали знаеш, че икам [: искам] да нарисуваш една мъничка къщичка.","Нали знаеш , че икам да нарисуваш една мъничка къщичка .","Нали знаеш , че искам да нарисуваш една мъничка къщичка ."
SIM,2;06.00,SIM,vyrvja leko.,2,Вървя леко.,Вървя леко .,Вървя леко .
SIM,2;06.00,SIM,"mamo, kyde e baba Keti?",5,"Мамо, къде е баба кети?","Мамо , къде е баба кети ?","Мамо , къде е баба кети ?"
SIM,2;06.00,SIM,da kupi i da donese tati.,6,Да купи и да донесе тати.,Да купи и да донесе тати .,Да купи и да донесе тати .
SIM,2;06.00,SIM,mojta chantichka nali ima molivi?,5,Мойта чантичка нали има моливи?,Мойта чантичка нали има моливи ?,Мойта чантичка нали има моливи ?
SIM,2;06.00,SIM,shte se vyrna.,3,Ще се върна.,Ще се върна .,Ще се върна .
SIM,2;06.00,SIM,"krykche, krygche.",2,"Кръкче, кръгче.","Кръкче , кръгче .","Кръгче , кръгче ."
SIM,2;06.00,SIM,malka.,1,Малка.,Малка .,Малка .
SIM,2;06.00,SIM,s tvojata kola li?,4,С твоята кола ли?,С твоята кола ли ?,С твоята кола ли ?
SIM,2;06.00,SIM,kotenceto vika na rozhden den da otidem na Kalojancho.,9,Котенцето вика на рожден ден да отидем на калоянчо.,Котенцето вика на рожден ден да отидем на калоянчо .,Котенцето вика на рожден ден да отидем на Калоянчо .
SIM,2;06.00,SIM,obadil mi se.,3,Обадил ми се.,Обадил ми се .,Обадил ми се .
SIM,2;06.01,SIM,shte si legna.,3,Ще си легна.,Ще си легна .,Ще си легна .
SIM,2;06.02,SIM,"ne, pravja ja s +...",5,"Не, правя я с +...","Не , правя я с . . .","Не , правя я с ххх "
SIM,2;06.02,SIM,ja da vidja dali e mokro tova.,7,Я да видя дали е мокро това.,Я да видя дали е мокро това .,Я да видя дали е мокро това .
SIM,2;06.02,SIM,shetam.,1,Шетам.,Шетам .,Шетам .
SIM,2;06.02,SIM,"mamo, kyde e drugija kon?",5,"Мамо, къде е другия кон?","Мамо , къде е другия кон ?","Мамо , къде е другия кон ?"
SIM,2;06.02,SIM,"mamo, kyde e drugija kon?",5,"Мамо, къде е другия кон?","Мамо , къде е другия кон ?","Мамо , къде е другия кон ?"
SIM,2;06.02,SIM,shte izchistja pod masata.,4,Ще изчистя под масата.,Ще изчистя под масата .,Ще изчистя под масата .
SIM,2;06.02,SIM,"ne, ne e gotovo veche.",5,"Не, не е готово вече.","Не , не е готово вече .","Не , не е готово вече ."
SIM,2;06.02,SIM,"mamo, kyde e drugija kon?",5,"Мамо, къде е другия кон?","Мамо , къде е другия кон ?","Мамо , къде е другия кон ?"
SIM,2;06.02,SIM,"eto taka, s, s, s.",5,"Ето така, с, с, с.","Ето така , с , с , с .","Ето така , с , с , с ."
SIM,2;06.02,SIM,Kalojancho redi bukvichkite.,3,Калоянчо реди буквичките.,Калоянчо реди буквичките .,Калоянчо реди буквичките .
SIM,2;06.03,SIM,"da, pimpesa [: princesa] sym.",3,"Да, пимпеса [: принцеса] съм.","Да , пимпеса съм .","Да , принцеса съм ."
SIM,2;06.09,SIM,"vzex mnogo morkovi, za da gi jadem.",7,"Взеx много моркови, за да ги ядем.","Взеx много моркови , за да ги ядем .","Взеx много моркови , за да ги ядем ."
SIM,2;06.09,SIM,samo morkovi.,2,Само моркови.,Само моркови .,Само моркови .
SIM,2;06.09,SIM,kato formichka.,2,Като формичка.,Като формичка .,Като формичка .
SIM,2;06.09,SIM,"o, ne mozhe.",3,"О, не може.","О , не може .","О , не може ."
SIM,2;06.09,SIM,"mamo, maxni vodata, zashtoto shte ja nastypja.",7,"Мамо, маxни водата, защото ще я настъпя.","Мамо , маxни водата , защото ще я настъпя .","Мамо , маxни водата , защото ще я настъпя ."
SIM,2;06.09,SIM,"mamo, bip, bip.",3,"Мамо, бип, бип.","Мамо , бип , бип .","Мамо , бип , бип ."
SIM,2;06.14,SIM,cherveni.,1,Червени.,Червени .,Червени .
SIM,2;06.14,SIM,moga da si vzema balon.,5,Мога да си взема балон.,Мога да си взема балон .,Мога да си взема балон .
SIM,2;06.14,SIM,mojto bebe pyk!,3,Мойто бебе пък!,Мойто бебе пък !,Мойто бебе пък !
SIM,2;06.14,SIM,"Kalojancho, zaspivaj.",2,"Калоянчо, заспивай.","Калоянчо , заспивай .","Калоянчо , заспивай ."
SIM,2;06.14,SIM,kyde e moJa pantalon?,4,Къде е моя панталон?,Къде е моя панталон ?,Къде е моя панталон ?
SIM,2;06.14,SIM,sys sini li sa?,4,Със сини ли са?,Със сини ли са ?,Със сини ли са ?
SIM,2;06.14,SIM,"po rykata, mamo.",3,"По ръката, мамо.","По ръката , мамо .","По ръката , мамо ."
SIM,2;06.14,SIM,mojta kosa li e?,3,Мойта коса ли е?,Мойта коса ли е ?,Мойта коса ли е ?
SIM,2;06.14,SIM,mamoo!,1,Мамоо!,Мамоо !,Мамоо !
SIM,2;06.14,SIM,"milichyk, milichyk!",2,"Миличък, миличък!","Миличък , миличък !","Миличък , миличък !"
SIM,2;06.14,SIM,s puxchetata.,2,С пуxчетата.,С пуxчетата .,С пуxчетата .
SIM,2;06.14,SIM,gush!,1,Гуш!,Гуш !,Гуш !
SIM,2;06.18,SIM,"da mu e napylni s xrana na toz Kalojancho, da mu se napylni.",13,"Да му е напълни с xрана на тоз калоянчо, да му се напълни.","Да му е напълни с xрана на тоз калоянчо , да му се напълни .","Да му е напълни с xрана на тоз Калоянчо , да му се напълни ."
SIM,2;06.18,SIM,vsichki plachat.,2,Всички плачат.,Всички плачат .,Всички плачат .
SIM,2;06.18,SIM,da sa se udarili i da plachat.,7,Да са се ударили и да плачат.,Да са се ударили и да плачат .,Да са се ударили и да плачат .
SIM,2;06.18,SIM,"az ja otgriznax, tja e za nego.",7,"Аз я отгризнаx, тя е за него.","Аз я отгризнаx , тя е за него .","Аз я отгризнаx , тя е за него ."
SIM,2;06.19,SIM,bjalata mi e dolu.,4,Бялата ми е долу.,Бялата ми е долу .,Бялата ми е долу .
SIM,2;06.19,SIM,ako ima njakoj prystencheta shte gi dada [: dam].,7,Ако има някой пръстенчета ще ги дада [: дам].,Ако има някой пръстенчета ще ги дада .,Ако има някой пръстенчета ще ги дам .
SIM,2;06.19,SIM,"zalepva mi krachenceto, zalepva mi krachenceto.",6,"Залепва ми краченцето, залепва ми краченцето.","Залепва ми краченцето , залепва ми краченцето .","Залепва ми краченцето , залепва ми краченцето ."
SIM,2;06.19,SIM,tja shte pee li?,4,Тя ще пее ли?,Тя ще пее ли ?,Тя ще пее ли ?
SIM,2;06.19,SIM,ikam [: iskam] da mi pomognesh.,4,Икам [: искам] да ми помогнеш.,Икам да ми помогнеш .,Искам да ми помогнеш .
SIM,2;06.19,SIM,te sa mynichki.,3,Те са мънички.,Те са мънички .,Те са мънички .
SIM,2;06.19,SIM,"az imam, imam pandelki.",4,"Аз имам, имам панделки.","Аз имам , имам панделки .","Аз имам , имам панделки ."
SIM,2;06.21,SIM,i po rycete.,3,И по ръцете.,И по ръцете .,И по ръцете .
SIM,2;06.21,SIM,i tam po mishnicite.,4,И там по мишниците.,И там по мишниците .,И там по мишниците .
SIM,2;06.21,SIM,mojto!,1,Мойто!,Мойто !,Мойто !
SIM,2;06.21,SIM,"mamo, tova e piano.",4,"Мамо, това е пиано.","Мамо , това е пиано .","Мамо , това е пиано ."
SIM,2;06.21,SIM,ikam [: iskam] da go pipna parfjuma.,5,Икам [: искам] да го пипна парфйума.,Икам да го пипна парфйума .,искам да го пипна парфюма .
SIM,2;06.21,SIM,"chak po mishnicite, po mishnicite.",5,"Чак по мишниците, по мишниците.","Чак по мишниците , по мишниците .","Чак по мишниците , по мишниците ."
SIM,2;06.24,SIM,za mama i tatko.,4,За мама и татко.,За мама и татко .,За мама и татко .
SIM,2;06.24,SIM,mama dyrzhi baloni.,3,Мама държи балони.,Мама държи балони .,Мама държи балони .
SIM,2;06.24,SIM,apenija [: uprazhnenija].,1,Апения [: упражнения].,Апения .,Упражнения
SIM,2;06.24,SIM,toj e vnimatelen.,3,Той е внимателен.,Той е внимателен .,Той е внимателен .
SIM,2;06.24,SIM,"az ja tyrsja, tyrsja ja.",5,"Аз я търся, търся я.","Аз я търся , търся я .","Аз я търся , търся я ."
SIM,2;06.26,SIM,ne moga.,2,Не мога.,Не мога .,Не мога .
SIM,2;06.26,SIM,abe kazax li ti da ne vzimash drugoto.,8,Абе казаx ли ти да не взимаш другото.,Абе казаx ли ти да не взимаш другото .,Абе казаx ли ти да не взимаш другото .
SIM,2;06.26,SIM,ne mozhe.,2,Не може.,Не може .,Не може .
SIM,2;06.26,SIM,"na objad, da, na objad.",5,"На обяд, да, на обяд.","На обяд , да , на обяд .","На обяд , да , на обяд ."
SIM,2;06.26,SIM,shte dam.,2,Ще дам.,Ще дам .,Ще дам .
SIM,2;06.26,SIM,ne iskash li?,3,Не искаш ли?,Не искаш ли ?,Не искаш ли ?
SIM,2;06.26,SIM,shte se vyrne s nejnija dzhip.,6,Ще се върне с нейния джип.,Ще се върне с нейния джип .,Ще се върне с нейния джип .
SIM,2;06.26,SIM,izlizame.,1,Излизаме.,Излизаме .,Излизаме .
SIM,2;06.26,SIM,shte moga da si vlezja [: vljaza] na dylbokoto.,7,Ще мога да си влезя [: вляза] на дълбокото.,Ще мога да си влезя на дълбокото .,Ще мога да си вляза на дълбокото .
SIM,2;06.26,SIM,"ej onova, be, ej!",4,"Ей онова, бе, ей!","Ей онова , бе , ей !","Ей онова , бе , ей !"
SIM,2;07.00,SIM,zashto mu izpi vodata?,4,Защо му изпи водата?,Защо му изпи водата ?,Защо му изпи водата ?
SIM,2;07.00,SIM,da stoi da ne sa mu mrysni krakata.,8,Да стои да не са му мръсни краката.,Да стои да не са му мръсни краката .,Да стои да не са му мръсни краката .
SIM,2;07.00,SIM,iskam da mu gi vzemesh.,5,Искам да му ги вземеш.,Искам да му ги вземеш .,Искам да му ги вземеш .
SIM,2;07.00,SIM,"zashto slozhi sapun, mamo?",4,"Защо сложи сапун, мамо?","Защо сложи сапун , мамо ?","Защо сложи сапун , мамо ?"
SIM,2;07.03,SIM,Kalojancho!,1,Калоянчо!,Калоянчо !,Калоянчо !
SIM,2;07.03,SIM,a tvojta ne si ja izcapala.,6,А твойта не си я изцапала.,А твойта не си я изцапала .,А твойта не си я изцапала .
SIM,2;07.03,SIM,oblechi mi tova.,3,Облечи ми това.,Облечи ми това .,Облечи ми това .
SIM,2;07.07,SIM,"po-leko, po-leko, po-leko.",3,"По-леко, по-леко, по-леко.","По-леко , по-леко , по-леко .","По-леко , по-леко , по-леко ."
SIM,2;07.07,SIM,s djado i s baba.,5,С дядо и с баба.,С дядо и с баба .,С дядо и с баба .
SIM,2;07.19,SIM,"ima si kotence, ima si kotence.",6,"Има си котенце, има си котенце.","Има си котенце , има си котенце .","Има си котенце , има си котенце ."
SIM,2;07.19,SIM,zashto veche ne stava?,4,Защо вече не става?,Защо вече не става ?,Защо вече не става ?
SIM,2;07.19,SIM,ej tam ima aki do kuchenceto.,6,Ей там има аки до кученцето.,Ей там има аки до кученцето .,Ей там има аки до кученцето .
SIM,2;07.19,SIM,ima li oshte banan v kyshti?,6,Има ли още банан в къщи?,Има ли още банан в къщи ?,Има ли още банан в къщи ?
SIM,2;07.19,SIM,juxu!,1,Йуxу!,Йуxу !,Юxу !
SIM,2;07.19,SIM,"ikam [: iskam] onazi, ikam [: iskam] onazi.",4,"Икам [: искам] онази, икам [: искам] онази.","Икам онази , икам онази .","Искам онази , искам онази ."
SIM,2;07.19,SIM,veche nJama da prodavam.,4,Вече няма да продавам.,Вече няма да продавам .,Вече няма да продавам .
SIM,2;07.19,SIM,eto parichkata ti.,3,Ето паричката ти.,Ето паричката ти .,Ето паричката ти .
SIM,2;07.19,SIM,iskash li?,2,Искаш ли?,Искаш ли ?,Искаш ли ?
SIM,2;07.19,SIM,studeno mi na krachencata.,4,Студено ми на краченцата.,Студено ми на краченцата .,Студено ми на краченцата .
SIM,2;07.20,SIM,to tam mu njama oblegalka.,5,То там му няма облегалка.,То там му няма облегалка .,То там му няма облегалка .
SIM,2;07.20,SIM,mi da.,2,Ми да.,Ми да .,Ми да .
SIM,2;07.22,SIM,"a, ej tam, vidjax.",4,"А, ей там, видяx.","А , ей там , видяx .","А , ей там , видяx ."
SIM,2;07.22,SIM,az sym cjalata naxapana.,4,Аз съм цялата наxапана.,Аз съм цялата наxапана .,Аз съм цялата наxапана .
SIM,2;07.22,SIM,na koj e toz xipotam [: xipopotam] i mishkata?,7,На кой е тоз xипотам [: xипопотам] и мишката?,На кой е тоз xипотам и мишката ?,На кой е тоз xипопотам и мишката ?
SIM,2;07.22,SIM,na men fibichkata.,3,На мен фибичката.,На мен фибичката .,На мен фибичката .
SIM,2;07.22,SIM,"onova, deto se mazhem, deto se mazhem.",7,"Онова, дето се мажем, дето се мажем.","Онова , дето се мажем , дето се мажем .","Онова , дето се мажем , дето се мажем ."
SIM,2;07.22,SIM,namazax si.,2,Намазаx си.,Намазаx си .,Намазаx си .
SIM,2;07.22,SIM,"namerix edna fibichka, mozhe bi padnala.",6,"Намериx една фибичка, може би паднала.","Намериx една фибичка , може би паднала .","Намериx една фибичка , може би паднала ."
SIM,2;07.27,SIM,toj me buta.,3,Той ме бута.,Той ме бута .,Той ме бута .
SIM,2;07.27,SIM,"kogato pravjat gluposti, az gi karam da otivat na pejkata.",10,"Когато правят глупости, аз ги карам да отиват на пейката.","Когато правят глупости , аз ги карам да отиват на пейката .","Когато правят глупости , аз ги карам да отиват на пейката ."
SIM,2;07.28,SIM,shte davam na Graciela i na bati.,7,Ще давам на грациела и на бати.,Ще давам на грациела и на бати .,Ще давам на Грациела и на бати .
SIM,2;07.29,SIM,az shte ti slozha oshte.,5,Аз ще ти сложа още.,Аз ще ти сложа още .,Аз ще ти сложа още .
SIM,2;07.29,SIM,ikam [: iskam] da imam trotinetka.,4,Икам [: искам] да имам тротинетка.,Икам да имам тротинетка .,Искам да имам тротинетка .
SIM,2;07.29,SIM,"s vodichka go izmix, che tova e mnogo mrysno.",9,"С водичка го измиx, че това е много мръсно.","С водичка го измиx , че това е много мръсно .","С водичка го измиx , че това е много мръсно ."
SIM,2;07.29,SIM,ej!,1,Ей!,Ей !,Ей !
SIM,2;07.29,SIM,ima edna gyba tam vyv vodata.,6,Има една гъба там във водата.,Има една гъба там във водата .,Има една гъба там във водата .
SIM,2;07.29,SIM,ami.,1,Ами.,Ами .,Ами .
SIM,2;07.29,SIM,az si izpix vodata.,4,Аз си изпиx водата.,Аз си изпиx водата .,Аз си изпиx водата .
SIM,2;07.29,SIM,petyka shte xodim na svatba.,5,Петъка ще xодим на сватба.,Петъка ще xодим на сватба .,Петъка ще xодим на сватба .
SIM,2;07.29,SIM,ami tati.,2,Ами тати.,Ами тати .,Ами тати .
SIM,2;08.05,SIM,nie si igraem.,3,Ние си играем.,Ние си играем .,Ние си играем .
SIM,2;08.05,SIM,ikash [: iskash] da go zanesem v drugata staja?,7,Икаш [: искаш] да го занесем в другата стая?,Икаш да го занесем в другата стая ?,Искаш да го занесем в другата стая ?
SIM,2;08.05,SIM,"bebi, bebi, bebi, vzemi si go, ajde.",7,"Беби, беби, беби, вземи си го, айде.","Беби , беби , беби , вземи си го , айде .","Беби , беби , беби , вземи си го , айде ."
SIM,2;08.06,SIM,"az si slozhix edno stolche, ej tova, zashtoto Kalojancho sjadashe na nego stolche.",13,"Аз си сложиx едно столче, ей това, защото калоянчо сядаше на него столче.","Аз си сложиx едно столче , ей това , защото калоянчо сядаше на него столче .","Аз си сложиx едно столче , ей това , защото Калоянчо сядаше на него столче ."
SIM,2;08.06,SIM,tuk e s malkoto slynce.,5,Тук е с малкото слънце.,Тук е с малкото слънце .,Тук е с малкото слънце .
SIM,2;08.06,SIM,"eto, kostenurke.",2,"Ето, костенурке.","Ето , костенурке .","Ето , костенурке ."
SIM,2;08.06,SIM,da.,1,Да.,Да .,Да .
SIM,2;08.06,SIM,"vizh, vizh, vizh!",3,"Виж, виж, виж!","Виж , виж , виж !","Виж , виж , виж !"
SIM,2;08.16,SIM,eto taka se pie.,4,Ето така се пие.,Ето така се пие .,Ето така се пие .
SIM,2;08.16,SIM,az imam i az ot takava chasha.,7,Аз имам и аз от такава чаша.,Аз имам и аз от такава чаша .,Аз имам и аз от такава чаша .
SIM,2;08.16,SIM,"ikash li da se sybuem na legloto, che stava mnogo toplo?",11,"Икаш ли да се събуем на леглото, че става много топло?","Икаш ли да се събуем на леглото , че става много топло ?","Икаш ли да се събуем на леглото , че става много топло ?"
SIM,2;08.16,SIM,"mamo, daj mi i na men da pijna.",8,"Мамо, дай ми и на мен да пийна.","Мамо , дай ми и на мен да пийна .","Мамо , дай ми и на мен да пийна ."
SIM,2;08.16,SIM,mamo.,1,Мамо.,Мамо .,Мамо .
SIM,2;08.16,SIM,"na tvojto ima, ima, ima ej takova konche.",8,"На твойто има, има, има ей такова конче.","На твойто има , има , има ей такова конче .","На твойто има , има , има ей такова конче ."
SIM,2;08.16,SIM,"vizh, edno, dve, tri.",4,"Виж, едно, две, три.","Виж , едно , две , три .","Виж , едно , две , три ."
SIM,2;08.16,SIM,rusalkata i tja ima kopchence.,5,Русалката и тя има копченце.,Русалката и тя има копченце .,Русалката и тя има копченце .
SIM,2;08.18,SIM,"eto, ej takava slyncheva formichka.",5,"Ето, ей такава слънчева формичка.","Ето , ей такава слънчева формичка .","Ето , ей такава слънчева формичка ."
SIM,2;08.18,SIM,"ej taka se buta, buta se.",6,"Ей така се бута, бута се.","Ей така се бута , бута се .","Ей така се бута , бута се ."
SIM,2;08.19,SIM,kyde mi e ximikala?,4,Къде ми е xимикала?,Къде ми е xимикала ?,Къде ми е xимикала ?
SIM,2;08.19,SIM,da.,1,Да.,Да .,Да .
SIM,2;08.19,SIM,az shte jada [: jam] do nego.,5,Аз ще яда [: ям] до него.,Аз ще яда до него .,Аз ще ям до него .
SIM,2;08.19,SIM,pix siropche samichka.,3,Пиx сиропче самичка.,Пиx сиропче самичка .,Пиx сиропче самичка .
SIM,2;08.28,SIM,da.,1,Да.,Да .,Да .
SIM,2;08.28,SIM,kakvo se chuva?,3,Какво се чува?,Какво се чува ?,Какво се чува ?
SIM,2;08.28,SIM,kyde e moja balon?,4,Къде е моя балон?,Къде е моя балон ?,Къде е моя балон ?
SIM,2;08.28,SIM,iskam domat.,2,Искам домат.,Искам домат .,Искам домат .
SIM,2;08.28,SIM,az si go xranja go da stane goljamo momche!,9,Аз си го xраня го да стане голямо момче!,Аз си го xраня го да стане голямо момче !,Аз си го xраня го да стане голямо момче !
SIM,2;08.29,SIM,taka ne se slaga.,4,Така не се слага.,Така не се слага .,Така не се слага .
SIM,2;08.29,SIM,"slagaj, slagaj.",2,"Слагай, слагай.","Слагай , слагай .","Слагай , слагай ."
SIM,2;08.29,SIM,"i mu slagame pampers, za da xvane pishito.",8,"И му слагаме памперс, за да xване пишито.","И му слагаме памперс , за да xване пишито .","И му слагаме памперс , за да xване пишито ."
SIM,2;08.29,SIM,kyde sa moite dreshki?,4,Къде са моите дрешки?,Къде са моите дрешки ?,Къде са моите дрешки ?
SIM,2;09.09,SIM,"ne, az prispivam kukli, che mnogo im se spi.",9,"Не, аз приспивам кукли, че много им се спи.","Не , аз приспивам кукли , че много им се спи .","Не , аз приспивам кукли , че много им се спи ."
SIM,2;09.09,SIM,tazi si prilichat na Maca i na Vanja.,8,Тази си приличат на маца и на ваня.,Тази си приличат на маца и на ваня .,Тази си приличат на Маца и на Ваня .
SIM,2;09.09,SIM,kakto si prilichat.,3,Както си приличат.,Както си приличат .,Както си приличат .
SIM,2;09.09,SIM,az taka gi prispivam.,4,Аз така ги приспивам.,Аз така ги приспивам .,Аз така ги приспивам .
SIM,2;09.10,SIM,"metla, metlata.",2,"Метла, метлата.","Метла , метлата .","Метла , метлата ."
SIM,2;09.10,SIM,tova pak na tati.,4,Това пак на тати.,Това пак на тати .,Това пак на тати .
SIM,2;09.10,SIM,"vizhdam, che e izcapala.",4,"Виждам, че е изцапала.","Виждам , че е изцапала .","Виждам , че е изцапала ."
SIM,2;09.10,SIM,vizh taka.,2,Виж така.,Виж така .,Виж така .
SIM,2;09.10,SIM,"mamo, iskam povechko.",3,"Мамо, искам повечко.","Мамо , искам повечко .","Мамо , искам повечко ."
SIM,2;09.12,SIM,ami shte go probvame li ot tuk?,7,Ами ще го пробваме ли от тук?,Ами ще го пробваме ли от тук ?,Ами ще го пробваме ли от тук ?
SIM,2;09.12,SIM,"toj mi legna na rychichkata, legna mi na rychichkata.",9,"Той ми легна на ръчичката, легна ми на ръчичката.","Той ми легна на ръчичката , легна ми на ръчичката .","Той ми легна на ръчичката , легна ми на ръчичката ."
SIM,2;09.12,SIM,ej taka go vdigash i sliza nadolu problema ti.,9,Ей така го вдигаш и слиза надолу проблема ти.,Ей така го вдигаш и слиза надолу проблема ти .,Ей така го вдигаш и слиза надолу проблема ти .
SIM,2;09.12,SIM,"pregramkata [: pregradata] i tuk mozhe da se sleze, no pregramkata [: pregradata] se obryshta.",11,"Преграмката [: преградата] и тук може да се слезе, но преграмката [: преградата] се обръща.","Преграмката и тук може да се слезе , но преграмката се обръща .","Преградата и тук може да се слезе , но преградата се обръща ."
SIM,2;09.12,SIM,tja ne mozhe da pluva.,5,Тя не може да плува.,Тя не може да плува .,Тя не може да плува .
SIM,2;09.12,SIM,"iskash li da se izpravish, iskash li da se izpravish i da izlezem vytre?",14,"Искаш ли да се изправиш, искаш ли да се изправиш и да излезем вътре?","Искаш ли да се изправиш , искаш ли да се изправиш и да излезем вътре ?","Искаш ли да се изправиш , искаш ли да се изправиш и да излезем вътре ?"
SIM,2;09.12,SIM,spinka mi se.,3,Спинка ми се.,Спинка ми се .,Спинка ми се .
SIM,2;09.12,SIM,"zimata moja shte mine, zimata.",5,"Зимата моя ще мине, зимата.","Зимата моя ще мине , зимата .","Зимата моя ще мине , зимата ."
SIM,2;09.18,SIM,"ne, na mama zarjadnoto!",4,"Не, на мама зарядното!","Не , на мама зарядното !","Не , на мама зарядното !"
SIM,2;09.18,SIM,zashto imam bodi?,3,Защо имам боди?,Защо имам боди ?,Защо имам боди ?
SIM,2;09.18,SIM,kato Kaljancho.,2,Като калянчо.,Като калянчо .,Като калянчо .
SIM,2;09.18,SIM,vizh go s kakvo si igrae.,6,Виж го с какво си играе.,Виж го с какво си играе .,Виж го с какво си играе .
SIM,2;09.20,SIM,snimaj ni.,2,Снимай ни.,Снимай ни .,Снимай ни .
SIM,2;09.20,SIM,shte ti ja dam navyn.,5,Ще ти я дам навън.,Ще ти я дам навън .,Ще ти я дам навън .
SIM,2;09.20,SIM,"kato izlezesh navyn, shte ti ja dam.",7,"Като излезеш навън, ще ти я дам.","Като излезеш навън , ще ти я дам .","Като излезеш навън , ще ти я дам ."
SIM,2;09.20,SIM,"mamo, snimaj ni.",3,"Мамо, снимай ни.","Мамо , снимай ни .","Мамо , снимай ни ."
SIM,2;09.24,SIM,"kogato debne edna muxa, kogato debne edna muxa, kogato debne shte ja ubija.",13,"Когато дебне една муxа, когато дебне една муxа, когато дебне ще я убия.","Когато дебне една муxа , когато дебне една муxа , когато дебне ще я убия .","Когато дебне една муxа , когато дебне една муxа , когато дебне ще я убия ."
SIM,2;09.24,SIM,"ajde da se ljuljame, ajde da se ljuljame.",8,"Айде да се льуляме, айде да се льуляме.","Айде да се льуляме , айде да се льуляме .","Айде да се люляме , айде да се люляме ."
SIM,2;09.24,SIM,zashto slagash sos na kartofite?,5,Защо слагаш сос на картофите?,Защо слагаш сос на картофите ?,Защо слагаш сос на картофите ?
SIM,2;09.26,SIM,"i posle shte se izmija, mamo.",6,"И после ще се измия, мамо.","И после ще се измия , мамо .","И после ще се измия , мамо ."
SIM,2;09.26,SIM,ne pileshka.,2,Не пилешка.,Не пилешка .,Не пилешка .
SIM,2;09.26,SIM,"mamo, plashtam.",2,"Мамо, плащам.","Мамо , плащам .","Мамо , плащам ."
SIM,2;10.02,SIM,"goljamo bebe, ej, goljamo bebe, goljamo bebe.",7,"Голямо бебе, ей, голямо бебе, голямо бебе.","Голямо бебе , ей , голямо бебе , голямо бебе .","Голямо бебе , ей , голямо бебе , голямо бебе ."
SIM,2;10.02,SIM,imash odealoto na Kalojan.,4,Имаш одеалото на калоян.,Имаш одеалото на калоян .,Имаш одеалото на калоян .
SIM,2;10.02,SIM,vsichki se gushkame.,3,Всички се гушкаме.,Всички се гушкаме .,Всички се гушкаме .
SIM,2;10.03,SIM,ne xaresvam.,2,Не xаресвам.,Не xаресвам .,Не xаресвам .
SIM,2;10.03,SIM,krava.,1,Крава.,Крава .,Крава .
SIM,2;10.03,SIM,"shte mu go namerja, shte mu go namerja.",8,"Ще му го намеря, ще му го намеря.","Ще му го намеря , ще му го намеря .","Ще му го намеря , ще му го намеря ."
SIM,2;10.03,SIM,kyde e kucheto?,3,Къде е кучето?,Къде е кучето ?,Къде е кучето ?
SIM,2;10.03,SIM,"kyde e kucheto, kyde e kucheto?",6,"Къде е кучето, къде е кучето?","Къде е кучето , къде е кучето ?","Къде е кучето , къде е кучето ?"
SIM,2;10.03,SIM,na shtyrkela.,2,На щъркела.,На щъркела .,На щъркела .
SIM,2;10.03,SIM,"aa, vizh!",2,"Аа, виж!","Аа , виж !","Аа , виж !"
SIM,2;10.03,SIM,"da gi sybuvam golemi, golemi.",5,"Да ги събувам големи, големи.","Да ги събувам големи , големи .","Да ги събувам големи , големи ."
SIM,2;10.03,SIM,cherpja.,1,Черпя.,Черпя .,Черпя .
SIM,2;10.03,SIM,"na masata shte pokanim Kalojancho, na masata shte pokanim.",9,"На масата ще поканим калоянчо, на масата ще поканим.","На масата ще поканим калоянчо , на масата ще поканим .","На масата ще поканим Калоянчо , на масата ще поканим ."
SIM,2;10.04,SIM,obyrkax gi dumichkite.,3,Объркаx ги думичките.,Объркаx ги думичките .,Объркаx ги думичките .
SIM,2;10.04,SIM,koj chasovnik?,2,Кой часовник?,Кой часовник ?,Кой часовник ?
SIM,2;10.04,SIM,dve pak.,2,Две пак.,Две пак .,Две пак .
SIM,2;10.04,SIM,koga?,1,Кога?,Кога ?,Кога ?
SIM,2;10.04,SIM,tuka.,1,Тука.,Тука .,Тука .
SIM,2;10.04,SIM,"dve, mamo.",2,"Две, мамо.","Две , мамо .","Две , мамо ."
SIM,2;10.04,SIM,shto [: zashto] njama dostatychno mjasto?,4,Що [: защо] няма достатъчно място?,Що няма достатъчно място ?,Защо няма достатъчно място ?
SIM,2;10.04,SIM,za tjax xora.,3,За тяx xора.,За тяx xора .,За тяx xора .
SIM,2;10.07,SIM,toj ne e obljakan [: oblechen].,4,Той не е облякан [: облечен].,Той не е облякан .,Той не е облечен
SIM,2;10.07,SIM,koj?,1,Кой?,Кой ?,Кой ?
SIM,2;10.07,SIM,"ne, iska sok.",3,"Не, иска сок.","Не , иска сок .","Не , иска сок ."
SIM,2;10.09,SIM,zashtoto mrysno.,2,Защото мръсно.,Защото мръсно .,Защото мръсно .
SIM,2;10.09,SIM,da.,1,Да.,Да .,Да .
SIM,2;10.09,SIM,taka li?,2,Така ли?,Така ли ?,Така ли ?
SIM,2;10.09,SIM,"bebe, ela pri men!",4,"Бебе, ела при мен!","Бебе , ела при мен !","Бебе , ела при мен !"
SIM,2;10.09,SIM,sega shte vidim.,3,Сега ще видим.,Сега ще видим .,Сега ще видим .
SIM,2;10.09,SIM,"am, am, am.",3,"Ам, ам, ам.","Ам , ам , ам .","Ам , ам , ам ."
SIM,2;10.09,SIM,"ne, toj mi se padna.",5,"Не, той ми се падна.","Не , той ми се падна .","Не , той ми се падна ."
SIM,2;10.09,SIM,koshcheto.,1,Кошчето.,Кошчето .,Кошчето .
SIM,2;10.09,SIM,"Kalojane, gushni me!",3,"Калояне, гушни ме!","Калояне , гушни ме !","Калояне , гушни ме !"
SIM,2;10.09,SIM,mi mozhe bi e xaxikopter [: xelikopter].,5,Ми може би е xаxикоптер [: xеликоптер].,Ми може би е xаxикоптер .,Ми може би е xеликоптер
SIM,2;11.19,SIM,ne malkata e ot Sliven.,5,Не малката е от сливен.,Не малката е от сливен .,Не малката е от сливен .
SIM,2;11.19,SIM,Kalojan go nauchix da govori.,5,Калоян го научиx да говори.,Калоян го научиx да говори .,Калоян го научиx да говори .
SIM,2;11.19,SIM,"ne, blizalkata.",2,"Не, близалката.","Не , близалката .","Не , близалката ."
SIM,2;11.19,SIM,"da si gi vizhdam, che zapretni mi rykava.",8,"Да си ги виждам, че запретни ми ръкава.","Да си ги виждам , че запретни ми ръкава .","Да си ги виждам , че запретни ми ръкава ."
SIM,2;11.19,SIM,slozhi mi ja da ne si razvalja pricheskata.,8,Сложи ми я да не си разваля прическата.,Сложи ми я да не си разваля прическата .,Сложи ми я да не си разваля прическата .
SIM,2;11.22,SIM,dobre de.,2,Добре де.,Добре де .,Добре де .
SIM,2;11.22,SIM,"tam ima igrachki, ne mozhesh da mislish, che tova e pytja.",11,"Там има играчки, не можеш да мислиш, че това е пътя.","Там има играчки , не можеш да мислиш , че това е пътя .","Там има играчки , не можеш да мислиш , че това е пътя ."
SIM,2;11.22,SIM,"tova kyde shte go slozhim, tova kyde shte go slozhim?",10,"Това къде ще го сложим, това къде ще го сложим?","Това къде ще го сложим , това къде ще го сложим ?","Това къде ще го сложим , това къде ще го сложим ?"
SIM,2;11.22,SIM,tazi zakuska e za baba i djado.,7,Тази закуска е за баба и дядо.,Тази закуска е за баба и дядо .,Тази закуска е за баба и дядо .
SIM,2;11.22,SIM,shte ima.,2,Ще има.,Ще има .,Ще има .
SIM,2;11.22,SIM,i trjabva dazhe da e.,5,И трябва даже да е.,И трябва даже да е .,И трябва даже да е .
SIM,2;11.22,SIM,drugite parchenca ne znam kyde sa.,6,Другите парченца не знам къде са.,Другите парченца не знам къде са .,Другите парченца не знам къде са .
SIM,2;11.22,SIM,tova shte go sgotvja.,4,Това ще го сготвя.,Това ще го сготвя .,Това ще го сготвя .
SIM,2;11.22,SIM,tova e mojta chashka.,4,Това е мойта чашка.,Това е мойта чашка .,Това е мойта чашка .
SIM,2;11.22,SIM,kogato tati si dojde ot cexa.,6,Когато тати си дойде от цеxа.,Когато тати си дойде от цеxа .,Когато тати си дойде от цеxа .
SIM,2;11.22,SIM,vsichko go slagam v xladilnika malko da se zamrazi.,9,Всичко го слагам в xладилника малко да се замрази.,Всичко го слагам в xладилника малко да се замрази .,Всичко го слагам в xладилника малко да се замрази .
SIM,2;11.22,SIM,az go slozhix v xladilnika.,5,Аз го сложиx в xладилника.,Аз го сложиx в xладилника .,Аз го сложиx в xладилника .
SIM,2;11.22,SIM,kyde e drugija patladzhan?,4,Къде е другия патладжан?,Къде е другия патладжан ?,Къде е другия патладжан ?
SIM,2;11.22,SIM,kato lyzhichkata.,2,Като лъжичката.,Като лъжичката .,Като лъжичката .
SIM,2;11.22,SIM,"ajde, siropche.",2,"Айде, сиропче.","Айде , сиропче .","Айде , сиропче ."
SIM,2;11.24,SIM,"v studenoto vreme, ama me puskash, koeto me xape i taka.",11,"В студеното време, ама ме пускаш, което ме xапе и така.","В студеното време , ама ме пускаш , което ме xапе и така .","В студеното време , ама ме пускаш , което ме xапе и така ."
SIM,2;11.24,SIM,az bjax v rodilnija dom.,5,Аз бяx в родилния дом.,Аз бяx в родилния дом .,Аз бяx в родилния дом .
SIM,2;11.24,SIM,"a pyk, kogato ne igraja, ne e xubav sport.",9,"А пък, когато не играя, не е xубав спорт.","А пък , когато не играя , не е xубав спорт .","А пък , когато не играя , не е xубав спорт ."
SIM,2;11.29,SIM,"zajcho bajcho, zajcho bajcho.",4,"Зайчо байчо, зайчо байчо.","Зайчо байчо , зайчо байчо .","Зайчо байчо , зайчо байчо ."
SIM,2;11.29,SIM,vsichko vi razkazax na prikazkata.,5,Всичко ви разказаx на приказката.,Всичко ви разказаx на приказката .,Всичко ви разказаx на приказката .
SIM,2;11.29,SIM,e shto [: zashto] ne razbra?,4,Е що [: защо] не разбра?,Е що не разбра ?,Е защо не разбра ?
SIM,2;11.29,SIM,tja mozhe li da si vzeme balonche?,7,Тя може ли да си вземе балонче?,Тя може ли да си вземе балонче ?,Тя може ли да си вземе балонче ?
SIM,3;00.01,SIM,"aau, au, au.",3,"Аау, ау, ау.","Аау , ау , ау .","Аау , ау , ау ."
SIM,3;00.01,SIM,njama baterija.,2,Няма батерия.,Няма батерия .,Няма батерия .
SIM,3;00.01,SIM,"mamo, iskam da pusna vlaka na relsite.",7,"Мамо, искам да пусна влака на релсите.","Мамо , искам да пусна влака на релсите .","Мамо , искам да пусна влака на релсите ."
SIM,3;01.00,SIM,"Kalojancho, Kalojancho!",2,"Калоянчо, калоянчо!","Калоянчо , калоянчо !","Калоянчо , Калоянчо !"
SIM,3;01.00,SIM,az se izmorix da cheta.,5,Аз се измориx да чета.,Аз се измориx да чета .,Аз се измориx да чета .
TEF,1;03.11,TEF,njam-njam-njam .,1,Ням-ням-ням .,Ням-ням-ням .,Ням-ням-ням .
TEF,1;03.11,TEF,ama .,1,Ама .,Ама .,Ама .
TEF,1;06.22,TEF,da .,1,Да .,Да .,Да .
TEF,1;06.22,TEF,am-am-am !,1,Ам-ам-ам !,Ам-ам-ам !,Ам-ам-ам !
TEF,1;06.22,TEF,da .,1,Да .,Да .,Да .
TEF,1;06.22,TEF,ajde !,1,Айде !,Айде !,Айде !
TEF,1;06.22,TEF,vova [: voda] .,1,Вова [: вода] .,Вова .,Вода .
TEF,1;06.22,TEF,da .,1,Да .,Да .,Да .
TEF,1;08.00,TEF,Bebe .,1,Бебе .,Бебе .,Бебе .
TEF,1;08.00,TEF,da .,1,Да .,Да .,Да .
TEF,1;08.00,TEF,nani .,1,Нани .,Нани .,Нани .
TEF,1;08.00,TEF,"papa, papa .",2,"Папа, папа .","Папа , папа .","Папа , папа ."
TEF,1;08.00,TEF,gool !,1,Гоол !,Гоол !,Гоол !
TEF,1;08.00,TEF,pate .,1,Пате .,Пате .,Пате .
TEF,1;08.00,TEF,elja !,1,Еля !,Еля !,Еля !
TEF,1;08.00,TEF,kxy-kxy .,1,Кxъ-кxъ .,Кxъ-кxъ .,Кxъ-кxъ .
TEF,1;08.00,TEF,tja .,1,Тя .,Тя .,Тя .
TEF,1;08.00,TEF,daj !,1,Дай !,Дай !,Дай !
TEF,1;08.00,TEF,titam [: slusham] .,1,Титам [: слушам] .,Титам .,Слушам .
TEF,1;08.00,TEF,da .,1,Да .,Да .,Да .
TEF,1;08.00,TEF,mojajaja .,1,Мояяя .,Мояяя .,Мояяя .
TEF,1;08.00,TEF,dadu !,1,Даду !,Даду !,Даду !
TEF,1;08.00,TEF,ujcho [: vujcho] .,1,Уйчо [: вуйчо] .,Уйчо .,Вуйчо .
TEF,1;08.00,TEF,skok !,1,Скок !,Скок !,Скок !
TEF,1;08.00,TEF,"tate, ela !",2,"Тате, ела !","Тате , ела !","Тате , ела !"
TEF,1;11.04,TEF,saduana .,1,Садуана .,Садуана .,Садуана .
TEF,1;11.04,TEF,da .,1,Да .,Да .,Да .
TEF,1;11.04,TEF,njama !,1,Няма !,Няма !,Няма !
TEF,1;11.04,TEF,jejnata [: leshnicheta] .,1,Йейната [: лешничета] .,Йейната .,Лешничета .
TEF,1;11.04,TEF,tolcheto !,1,Толчето !,Толчето !,Толчето !
TEF,1;11.04,TEF,uva [: risuva] .,1,Ува [: рисува] .,Ува .,Рисува .
TEF,1;11.04,TEF,tvoja !,1,Твоя !,Твоя !,Твоя !
TEF,1;11.04,TEF,tolcheto !,1,Толчето !,Толчето !,Толчето !
TEF,1;11.04,TEF,tuka senni jeja !,3,Тука сенни йея !,Тука сенни йея !,Тука сенни йея !
TEF,1;11.04,TEF,pava .,1,Пава .,Пава .,Пава .
TEF,1;11.04,TEF,nizhkata [: knizhkata] .,1,Нижката [: книжката] .,Нижката .,Книжката .
TEF,1;11.04,TEF,oshche konche .,2,Ошче конче .,Ошче конче .,Ошче конче .
TEF,1;11.04,TEF,"senna, senna [: da sedna] .",3,"Сенна, сенна [: да седна] .","Сенна , сенна .","Седна , седна ."
TEF,1;11.04,TEF,njama .,1,Няма .,Няма .,Няма .
TEF,1;11.04,TEF,cete [: cvete] .,1,Цете [: цвете] .,Цете .,Цвете .
TEF,1;11.04,TEF,pet'o .,1,Пет'о .,Пет'о .,Петьо .
TEF,1;11.04,TEF,sino [: silno] .,1,Сино [: силно] .,Сино .,силно .
TEF,1;11.04,TEF,njama .,1,Няма .,Няма .,Няма .
TEF,1;11.04,TEF,baba !,1,Баба !,Баба !,Баба !
TEF,1;11.04,TEF,Ima gada [: nagrada] .,2,Има гада [: награда] .,Има гада .,Има награда .
TEF,1;11.04,TEF,ajde pie doda !,3,Айде пие дода !,Айде пие дода !,Айде пие дода !
TEF,1;11.04,TEF,Tam .,1,Там .,Там .,Там .
TEF,1;11.04,TEF,dudata .,1,Дудата .,Дудата .,Дудата .
TEF,1;11.04,TEF,papam kova [: takova] !,2,Папам кова [: такова] !,Папам кова !,Папам такова !
TEF,1;11.04,TEF,bebeto .,1,Бебето .,Бебето .,Бебето .
TEF,1;11.04,TEF,baba kafeto !,2,Баба кафето !,Баба кафето !,Баба кафето !
TEF,1;11.04,TEF,"ajde, dugata, babo !",3,"Айде, дугата, бабо !","Айде , дугата , бабо !","Айде , дугата , бабо !"
TEF,1;11.04,TEF,oshchi [: oshte] .,1,Ошчи [: още] .,Ошчи .,още .
TEF,1;11.04,TEF,senica [: stresnica] .,1,Сеница [: стресница] .,Сеница .,Стресница .
TEF,1;11.04,TEF,tuka !,1,Тука !,Тука !,Тука !
TEF,1;11.04,TEF,ti tani .,2,Ти тани .,Ти тани .,Ти тани .
TEF,1;11.04,TEF,caata [: decata] .,1,Цаата [: децата] .,Цаата .,Децата .
TEF,1;11.04,TEF,pej-pej .,1,Пей-пей .,Пей-пей .,Пей-пей .
TEF,1;11.04,TEF,eto aptito [: xapcheto] !,2,Ето аптито [: xапчето] !,Ето аптито !,Ето xапчето !
TEF,1;11.04,TEF,senni !,1,Сенни !,Сенни !,Сенни !
TEF,1;11.08,TEF,djado Valjo losh !,3,Дядо вальо лош !,Дядо вальо лош !,Дядо Вальо лош !
TEF,1;11.25,TEF,ej tam efona [: telefona] !,3,Ей там ефона [: телефона] !,Ей там ефона !,Ей там телефона !
TEF,1;11.25,TEF,papa bikite [: shte papam/iskam da papam ot biskvitkite] !,7,Папа биките [: ще папам/искам да папам от бисквитките] !,Папа биките !,Папам бисквитките !
TEF,1;11.25,TEF,senni !,1,Сенни !,Сенни !,Сенни !
TEF,1;11.25,TEF,tuka .,1,Тука .,Тука .,Тука .
TEF,1;11.25,TEF,senni !,1,Сенни !,Сенни !,Сенни !
TEF,1;11.25,TEF,bekam [: byrkam] .,1,Бекам [: бъркам] .,Бекам .,Бъркам .
TEF,1;11.25,TEF,supa .,1,Супа .,Супа .,Супа .
TEF,1;11.25,TEF,mojto !,1,Мойто !,Мойто !,Мойто !
TEF,1;11.25,TEF,daj-daj !,1,Дай-дай !,Дай-дай !,Дай-дай !
TEF,1;11.25,TEF,povjadaj !,1,Повядай !,Повядай !,Повядай !
TEF,1;11.25,TEF,daj mi !,2,Дай ми !,Дай ми !,Дай ми !
TEF,1;11.25,TEF,da .,1,Да .,Да .,Да .
TEF,1;11.25,TEF,oshte mako [: malko] pish !,3,Още мако [: малко] пиш !,Още мако пиш !,Още малко пиш !
TEF,1;11.25,TEF,myinka [: mandarinka] .,1,Мъинка [: мандаринка] .,Мъинка .,Мандаринка .
TEF,1;11.25,TEF,eto ja .,2,Ето я .,Ето я .,Ето я .
TEF,1;11.25,TEF,tetito !,1,Тетито !,Тетито !,Тетито !
TEF,1;11.25,TEF,sino [: silno] .,1,Сино [: силно] .,Сино .,Силно .
TEF,1;11.25,TEF,daj !,1,Дай !,Дай !,Дай !
TEF,1;11.25,TEF,Tova tuka !,2,Това тука !,Това тука !,Това тука !
TEF,1;11.25,TEF,boi sa [: borjat se] .,3,Бои са [: борят се] .,Бои са .,Борят се .
TEF,1;11.25,TEF,mauka [: malka] .,1,Маука [: малка] .,Маука .,Малка .
TEF,1;11.25,TEF,tetito .,1,Тетито .,Тетито .,Тетито .
TEF,1;11.25,TEF,cata [: za decata] .,2,Цата [: за децата] .,Цата .,Децата .
TEF,1;11.25,TEF,ej tuka !,2,Ей тука !,Ей тука !,Ей тука !
TEF,1;11.25,TEF,Tana [: stana] !,1,Тана [: стана] !,Тана !,Стана !
TEF,1;11.25,TEF,mama Mimi .,2,Мама мими .,Мама мими .,Мама Мими .
TEF,1;11.25,TEF,toa okoladcheta [: tova shkoladcheta] ?,3,Тоа околадчета [: това школадчета] ?,Тоа околадчета ?,Това школадчета ?
TEF,1;11.25,TEF,tio [: chisto] e .,2,Тио [: чисто] е .,Тио е .,Чисто е .
TEF,1;11.25,TEF,tetito !,1,Тетито !,Тетито !,Тетито !
TEF,1;11.25,TEF,boni [: bonboni] .,1,Бони [: бонбони] .,Бони .,Бонбони .
TEF,1;11.25,TEF,dete [: dvete] .,1,Дете [: двете] .,Дете .,Двете .
TEF,1;11.25,TEF,gajmi [: shte/da igraem] .,2,Гайми [: ще/да играем] .,Гайми ., Играем .
TEF,1;11.25,TEF,Tona [: da/shte otvorja] koladche [: shokoladche] .,3,Тона коладче ., Отворя шоколадче .
TEF,1;11.25,TEF,tuka .,1,Тука .,Тука .,Тука .
TEF,1;11.25,TEF,toa [: tova] !,1,Тоа [: това] !,Тоа !,Това !
TEF,1;11.25,TEF,budi .,1,Буди .,Буди .,Буди .
TEF,1;11.25,TEF,daj nochi [: nozhche] !,2,Дай ночи [: ножче] !,Дай ночи !,Дай ножче !
TEF,1;11.25,TEF,chupi .,1,Чупи .,Чупи .,Чупи .
TEF,2;00.09,TEF,"te moki, moki, moki [: mokri] .",4,"Те моки, моки, моки [: мокри] .","Те моки , моки , моки .","Те мокри , мокри , мокри ."
TEF,2;00.09,TEF,djado Maz j [: ja] mei [: nameri] .,4,Дядо маз й [: я] меи [: намери] .,Дядо маз й меи .,Дядо маз я намери .
TEF,2;00.09,TEF,ikam [: iskam] gaja [: da igraja] !,3,Икам [: искам] гая [: да играя] !,Икам гая !,Искам играя !
TEF,2;00.09,TEF,losho .,1,Лошо .,Лошо .,Лошо .
TEF,2;00.09,TEF,tez pinkame tez .,3,Тез пинкаме тез .,Тез пинкаме тез .,Тез пинкаме тез .
TEF,2;00.09,TEF,tetito .,1,Тетито .,Тетито .,Тетито .
TEF,2;00.09,TEF,eto dodata [: vodata] !,2,Ето додата [: водата] !,Ето додата !,Ето водата !
TEF,2;00.09,TEF,n [: ne] moga !,2,Н [: не] мога !,Н мога !,Не мога !
TEF,2;00.09,TEF,pet .,1,Пет .,Пет .,Пет .
TEF,2;00.09,TEF,daj necho !,2,Дай нечо !,Дай нечо !,Дай нечо !
TEF,2;00.09,TEF,baba kaa [: kara se] .,3,Баба каа [: кара се] .,Баба каа .,Баба кара .
TEF,2;00.09,TEF,djado Maz gubil [: izgubil] bonite .,4,Дядо маз губил [: изгубил] боните .,Дядо маз губил боните .,Дядо маз изгубил боните .
TEF,2;00.09,TEF,makoto [: malkoto] .,1,Макото [: малкото] .,Макото .,Малкото .
TEF,2;00.09,TEF,mogo [: mnogo] bogoja [: blagodarja] !,2,Мого [: много] богоя [: благодаря] !,Мого богоя !,Много благодаря !
TEF,2;00.09,TEF,"na Tetito, tetata [: decata] !",3,"На тетито, тетата [: децата] !","На тетито , тетата !","На Тетито , децата !"
TEF,2;00.09,TEF,aam !,1,Аам !,Аам !,Аам !
TEF,2;00.09,TEF,Shit !,1,Шит !,Шит !,Шит !
TEF,2;00.09,TEF,njama tuka .,2,Няма тука .,Няма тука .,Няма тука .
TEF,2;00.09,TEF,tetito kij [: da/shte gi skrie] .,4,Тетито кий [: да/ще ги скрие] .,Тетито кий .,Тетито кий .
TEF,2;00.09,TEF,bum !,1,Бум !,Бум !,Бум !
TEF,2;00.09,TEF,jemi [: vzemi] chashkata .,2,Йеми [: вземи] чашката .,Йеми чашката .,Вземи чашката .
TEF,2;00.09,TEF,eta ja .,2,Ета я .,Ета я .,Ета я .
TEF,2;00.09,TEF,panni .,1,Панни .,Панни .,Панни .
TEF,2;00.09,TEF,"njama tuka, njama tuka, njama tuka .",6,"Няма тука, няма тука, няма тука .","Няма тука , няма тука , няма тука .","Няма тука , няма тука , няма тука ."
TEF,2;00.09,TEF,eto go !,2,Ето го !,Ето го !,Ето го !
TEF,2;00.09,TEF,de [: kyde] j [: e] dugoto [: drugoto] ?,3,Де [: къде] й [: е] дугото [: другото] ?,Де й дугото ?,Къде е другото ?
TEF,2;00.09,TEF,daj bonkata !,2,Дай бонката !,Дай бонката !,Дай бонката !
TEF,2;00.09,TEF,am-am-am .,1,Ам-ам-ам .,Ам-ам-ам .,Ам-ам-ам .
TEF,2;00.09,TEF,am !,1,Ам !,Ам !,Ам !
TEF,2;00.09,TEF,ej tyj .,2,Ей тъй .,Ей тъй .,Ей тъй .
TEF,2;00.09,TEF,ima-ima !,1,Има-има !,Има-има !,Има-има !
TEF,2;00.09,TEF,daj dugoto !,2,Дай дугото !,Дай дугото !,Дай дугото !
TEF,2;00.09,TEF,am-am-am [: jade] .,1,Ам-ам-ам [: яде] .,Ам-ам-ам .,Ам-ам-ам .
TEF,2;00.09,TEF,pak !,1,Пак !,Пак !,Пак !
TEF,2;00.09,TEF,"cha [: chao], pijaten [: prijaten] den !",3,"Ча [: чао], пиятен [: приятен] ден !","Ча , пиятен ден !",Чао приятен ден !
TEF,2;00.09,TEF,akana [: mrysna] !,1,Акана [: мръсна] !,Акана !,Акана !
TEF,2;00.09,TEF,zjmi [: da vzema] doda [: voda] .,3,Зйми [: да взема] дода [: вода] .,Зйми дода .,Зими вода .
TEF,2;00.09,TEF,moki [: da namokri] jeja [: lelja] .,3,Моки [: да намокри] йея [: леля] .,Моки йея .,Намокри леля .
TEF,2;00.09,TEF,tetito pai [: pravi] .,2,Тетито паи [: прави] .,Тетито паи .,Тетито прави .
TEF,2;00.09,TEF,pak podjadaj !,2,Пак подядай !,Пак подядай !,Пак подядай !
TEF,2;00.09,TEF,mama Zjakja .,2,Мама зякя .,Мама зякя .,Мама Зайка .
TEF,2;00.09,TEF,ikam [: iskam] ochi [: oshte] bonki [: bonbonki] !,3,Икам [: искам] очи [: още] бонки [: бонбонки] !,Икам очи бонки !,Искам още бонбонки !
TEF,2;01.16,TEF,"dete, dete [: dvete] !",2,"Дете, дете [: двете] !","Дете , дете !","Двете , двете !"
TEF,2;01.16,TEF,tyj .,1,Тъй .,Тъй .,Тъй .
TEF,2;01.16,TEF,bekam [: byrkam] .,1,Бекам [: бъркам] .,Бекам .,Бъркам .
TEF,2;01.16,TEF,Ima gachki !,2,Има гачки !,Има гачки !,Има гачки !
TEF,2;01.16,TEF,toj xxxva Polito .,3,Той xxxва полито .,Той xxxва полито .,Той xxxва полито .
TEF,2;01.16,TEF,tetani .,1,Тетани .,Тетани .,Тетани .
TEF,2;01.16,TEF,az ne !,2,Аз не !,Аз не !,Аз не !
TEF,2;01.16,TEF,izh ma !,2,Иж ма !,Иж ма !,Иж ма !
TEF,2;01.16,TEF,kypjat mojeto .,2,Къпят мойето .,Къпят мойето .,Къпят мойето .
TEF,2;01.16,TEF,Ima .,1,Има .,Има .,Има .
TEF,2;01.16,TEF,najej [: nalej] okchi [: sokche] !,2,Найей [: налей] окчи [: сокче] !,Найей окчи !,Налей сокче !
TEF,2;01.16,TEF,ne pyna [: pylna] chasha .,3,Не пъна [: пълна] чаша .,Не пъна чаша .,Не пълна чаша .
TEF,2;01.16,TEF,uchi .,1,Учи .,Учи .,Учи .
TEF,2;01.16,TEF,ujcho pi [: spi] .,2,Уйчо пи [: спи] .,Уйчо пи .,Уйчо спи .
TEF,2;01.16,TEF,mojta .,1,Мойта .,Мойта .,Мойта .
TEF,2;01.16,TEF,dugoto [: drugoto] !,1,Дугото [: другото] !,Дугото !,Другото !
TEF,2;01.16,TEF,mojta .,1,Мойта .,Мойта .,Мойта .
TEF,2;01.16,TEF,zapjadaj [: zapovjadaj] de [: dve] !,2,Запядай [: заповядай] де [: две] !,Запядай де !,Заповядай две !
TEF,2;01.16,TEF,I-i-i-i !,1,И-и-и-и !,И-и-и-и !,И-и-и-и !
TEF,2;01.16,TEF,de [: dve] momcheta .,2,Де [: две] момчета .,Де момчета .,Две момчета .
TEF,2;01.16,TEF,kupi .,1,Купи .,Купи .,Купи .
TEF,2;01.16,TEF,na !,1,На !,На !,На !
TEF,2;01.16,TEF,panni [: padni] dupkata !,2,Панни [: падни] дупката !,Панни дупката !,Падни дупката !
TEF,2;01.16,TEF,pej .,1,Пей .,Пей .,Пей .
TEF,2;01.16,TEF,chashi .,1,Чаши .,Чаши .,Чаши .
TEF,2;01.16,TEF,az .,1,Аз .,Аз .,Аз .
TEF,2;01.16,TEF,"kako, sipi tojto [: tvojto] !",3,"Како, сипи тойто [: твойто] !","Како , сипи тойто !","Како , сипи твойто !"
TEF,2;02.16,TEF,ej tam .,2,Ей там .,Ей там .,Ей там .
TEF,2;02.16,TEF,njama go .,2,Няма го .,Няма го .,Няма го .
TEF,2;02.16,TEF,izh paichka kasichkata !,3,Иж паичка касичката !,Иж паичка касичката !,Иж паичка касичката !
TEF,2;02.16,TEF,da .,1,Да .,Да .,Да .
TEF,2;02.16,TEF,njama .,1,Няма .,Няма .,Няма .
TEF,2;02.16,TEF,jadi go !,2,Яди го !,Яди го !,Яди го !
TEF,2;02.16,TEF,samo tuka !,2,Само тука !,Само тука !,Само тука !
TEF,2;02.16,TEF,"moje [: na more], Veko [: Velko] .",3,"Мойе [: на море], веко [: велко] .","Мойе , веко .","Море , Велко ."
TEF,2;02.16,TEF,puj [: pljuj] akata [: v rykata] !,3,Пуй [: пльуй] аката [: в ръката] !,Пуй аката !,Плюй ръката !
TEF,2;02.16,TEF,"tetito kljuchi [: da vkljuchi], jejo !",4,"Тетито кльучи [: да вкльучи], йейо !","Тетито кльучи , йейо !","Тетито включи , йейо !"
TEF,2;02.16,TEF,boi [: boli] ja gavichkata .,3,Бои [: боли] я гавичката .,Бои я гавичката .,Боли я гавичката .
TEF,2;02.16,TEF,eta ja !,2,Ета я !,Ета я !,Ета я !
TEF,2;02.16,TEF,"chakaj, chakaj !",2,"Чакай, чакай !","Чакай , чакай !","Чакай , чакай !"
TEF,2;02.16,TEF,akanoto bebe .,2,Аканото бебе .,Аканото бебе .,Аканото бебе .
TEF,2;02.16,TEF,"jejo Jeke, n mozhe !",4,"Йейо йеке, н може !","Йейо йеке , н може !","Йейо Жеке , н може !"
TEF,2;02.16,TEF,zaxay jeja .,2,Заxаъ йея .,Заxаъ йея .,Заxаъ йея .
TEF,2;02.16,TEF,bechi [: syblechi] jecheto [: elecheto] !,2,Бечи [: съблечи] йечето [: елечето] !,Бечи йечето !,Съблечи елечето !
TEF,2;02.16,TEF,eto .,1,Ето .,Ето .,Ето .
TEF,2;02.16,TEF,da .,1,Да .,Да .,Да .
TEF,2;02.16,TEF,beja .,1,Бея .,Бея .,Бея .
TEF,2;02.16,TEF,chakaj tuj ida [: da vidja] !,4,Чакай туй ида [: да видя] !,Чакай туй ида !,Чакай да видя !
TEF,2;02.16,TEF,ej tyj !,2,Ей тъй !,Ей тъй !,Ей тъй !
TEF,2;02.16,TEF,az .,1,Аз .,Аз .,Аз .
TEF,2;02.16,TEF,da .,1,Да .,Да .,Да .
TEF,2;02.16,TEF,tetito ika tijxxx !,3,Тетито ика тийxxx !,Тетито ика тийxxx !,Тетито ика тийxxx !
TEF,2;02.16,TEF,baba Dezhka .,2,Баба дежка .,Баба дежка .,Баба Дежка .
TEF,2;02.16,TEF,"mamo, de [: dve] kesetki imash, de kesetki .",6,"Мамо, де [: две] кесетки имаш, де кесетки .","Мамо , де кесетки имаш , де кесетки .","Мамо , две кесетки имаш , две кесетки ."
TEF,2;02.16,TEF,"gyloto [: gyrloto] boi [: boli], tumbata [: korema] boi [: boli] .",4,"Гълото [: гърлото] бои [: боли], тумбата [: корема] бои [: боли] .","Гълото бои , тумбата бои .","Гърлото боли , корема боли ."
TEF,2;02.16,TEF,izh [: vizh] jeja Jeka apchitata !,4,Иж [: виж] йея йека апчитата !,Иж йея йека апчитата !,Виж йея Жека апчитата !
TEF,2;02.16,TEF,"jejo, iskash pibee [: da pribere] ?",4,"Йейо, искаш пибее [: да прибере] ?","Йейо , искаш пибее ?","Йейо , искаш прибере ?"
TEF,2;02.16,TEF,ikam kopcheja [: da zakopcheja] !,3,Икам копчея [: да закопчея] !,Икам копчея !,Искам закопчея !
TEF,2;02.16,TEF,"iskam, iskam papkam !",3,"Искам, искам папкам !","Искам , искам папкам !","Искам , искам папкам !"
TEF,2;03.24,TEF,shtoto uxapi [: xape] .,2,Щото уxапи [: xапе] .,Щото уxапи .,Щото xапе .
TEF,2;03.24,TEF,"jejo, jupixxx .",2,"Йейо, йупиxxx .","Йейо , йупиxxx .","Йейо , йупиxxx ."
TEF,2;03.24,TEF,ikash [: iskash] sozhish [: da slozhish] goje [: gore] !,4,Икаш [: искаш] сожиш [: да сложиш] гойе [: горе] !,Икаш сожиш гойе !,Искаш сожиш горе !
TEF,2;03.24,TEF,ikam mama !,2,Икам мама !,Икам мама !,Икам мама !
TEF,2;03.24,TEF,"to panna, panna [: padna] .",3,"То панна, панна [: падна] .","То панна , панна .","То падна , падна ." 
TEF,2;03.24,TEF,da .,1,Да .,Да .,Да .
TEF,2;03.24,TEF,"jejo, ajdi biem [: da priberem] tuj !",5,"Йейо, айди бием [: да приберем] туй !","Йейо , айди бием туй !","Йейо , айди приберем туй !"
TEF,2;03.24,TEF,mama ima .,2,Мама има .,Мама има .,Мама има .
TEF,2;03.24,TEF,michenci [: mechence] .,1,Миченци [: меченце] .,Миченци .,Меченце .
TEF,2;03.24,TEF,ikash sega tebe jesha [: da resha] ?,5,Икаш сега тебе йеша [: да реша] ?,Икаш сега тебе йеша ?,Икаш сега тебе реша ?
TEF,2;03.24,TEF,daj go !,2,Дай го !,Дай го !,Дай го !
TEF,2;03.24,TEF,tuj baba koza .,3,Туй баба коза .,Туй баба коза .,Туй баба коза .
TEF,2;03.24,TEF,s Poito .,2,С поито .,С поито .,С Поито .
TEF,2;03.24,TEF,"ma mamo, didi go, didi go [: izvadi go] !",7,"Ма мамо, диди го, диди го [: извади го] !","Ма мамо , диди го , диди го !","Ма мамо , извади го , извади го !"
TEF,2;03.24,TEF,tojta [: tvojata] gava [: glava] chupja [: shte schupja] !,4,Тойта [: твоята] гава [: глава] чупя [: ще счупя] !,Тойта гава чупя !,Твоята глава счупя !
TEF,2;03.24,TEF,"ikam, ikam toja [: da zatvorja] tuj !",5,"Икам, икам тоя [: да затворя] туй !","Икам , икам тоя туй !","Икам , икам затворя туй !"
TEF,2;03.24,TEF,ne .,1,Не .,Не .,Не .
TEF,2;03.24,TEF,"ne jam [: goljam] , moja makyv [: malyk] !",4,"Не ям [: голям] , моя макъв [: малък] !","Не ям , моя макъв !","Не голям , моя малък !"
TEF,2;03.24,TEF,boi [: boli] ti [: ot teb] !,3,Бои [: боли] ти [: от теб] !,Бои ти !, Боли ти !
TEF,2;03.24,TEF,tuj pinka [: spinka] .,2,Туй пинка [: спинка] .,Туй пинка .,Туй спинка .
TEF,2;03.24,TEF,ikam .,1,Икам .,Икам .,Икам .
TEF,2;03.24,TEF,babo !,1,Бабо !,Бабо !,Бабо !
TEF,2;03.24,TEF,"vadi, vadi .",2,"Вади, вади .","Вади , вади .","Вади , вади ."
TEF,2;03.24,TEF,"to panni [: padni], to panni !",4,"То панни [: падни], то панни !","То панни , то панни !","То падни , то падни !"
TEF,2;03.24,TEF,zhaba .,1,Жаба .,Жаба .,Жаба .
TEF,2;03.24,TEF,izh [: vizh] kukata [: kuklata] !,2,Иж [: виж] куката [: куклата] !,Иж куката !,Виж куклата !
TEF,2;03.24,TEF,"puni go, puni go [: pusni go] !",5,"Пуни го, пуни го [: пусни го] !","Пуни го , пуни го !","Пуни го , пусни го !"
TEF,2;03.24,TEF,kakata .,1,Каката .,Каката .,Каката .
TEF,2;03.24,TEF,ga [: sega] ikam tuka davam .,4,Га [: сега] икам тука давам .,Га икам тука давам .,Сега икам тука давам .
TEF,2;03.24,TEF,da .,1,Да .,Да .,Да .
TEF,2;03.24,TEF,to dijamo [: goljamo] .,2,То диямо [: голямо] .,То диямо .,То голямо .
TEF,2;03.24,TEF,az is'kam ochi [: oshte] kuchito !,4,Аз ис'кам очи [: още] кучито !,Аз ис'кам очи кучито !,Аз искам още кучито !
TEF,2;03.24,TEF,"pibei, pibei [: priberi] gi !",3,"Пибеи, пибеи [: прибери] ги !","Пибеи , пибеи ги !","Прибери , прибери ги !"
TEF,2;03.24,TEF,ne Butino .,2,Не бутино .,Не бутино .,Не бутино .
TEF,2;03.24,TEF,"jejo, dish [: vizh] !",2,"Йейо, диш [: виж] !","Йейо , диш !","Йейо , виж !"
TEF,2;03.24,TEF,dja [: vidja] go tuj kolko oga [: roga] ima .,6,Дя [: видя] го туй колко ога [: рога] има .,Дя го туй колко ога има .,Видя го туй колко рога има .
TEF,2;03.24,TEF,"babo, daj go tuj, babo !",5,"Бабо, дай го туй, бабо !","Бабо , дай го туй , бабо !","Бабо , дай го туй , бабо !"
TEF,2;03.24,TEF,tetito ski [: skri] chichkata [: rychichkata] !,3,Тетито ски [: скри] чичката [: ръчичката] !,Тетито ски чичката !,Тетито скри ръчичката !
TEF,2;03.24,TEF,ma Tetito xxxmaxa .,3,Ма тетито xxxмаxа .,Ма тетито xxxмаxа .,Ма тетито xxxмаxа .
TEF,2;03.24,TEF,myniko [: myninko] bache .,2,Мънико [: мънинко] баче .,Мънико баче .,Мънинко баче .
TEF,2;03.24,TEF,az nema ti imash dugo [: drugo] detence .,6,Аз нема ти имаш дуго [: друго] детенце .,Аз нема ти имаш дуго детенце .,Аз нема ти имаш друго детенце .
TEF,2;03.24,TEF,ti napuni [: napylni] tuj !,3,Ти напуни [: напълни] туй !,Ти напуни туй !,Ти напълни туй !
TEF,2;03.24,TEF,ikam zaxay tuka staja [: da ostavja] !,5,Икам заxаъ тука стая [: да оставя] !,Икам заxаъ тука стая !,Икам заxаъ да оставя !
TEF,2;03.24,TEF,"babo, toi go [: otvori go] !",4,"Бабо, тои го [: отвори го] !","Бабо , тои го !","Бабо , отвори го !"
TEF,2;03.24,TEF,ajdi biem [: da priberem] tez aboti [: raboti] !,5,Айди бием [: да приберем] тез аботи [: работи] !,Айди бием тез аботи !,Айди приберем тез работи !
TEF,2;03.24,TEF,isuva [: risuva] .,1,Исува [: рисува] .,Исува .,Рисува .
TEF,2;03.24,TEF,"ajde, ajde !",2,"Айде, айде !","Айде , айде !","Айде , айде !"
TEF,2;04.21,TEF,chakaj gyna [: da sgyna] .,3,Чакай гъна [: да сгъна] .,Чакай гъна .,Чакай сгъна .
TEF,2;04.21,TEF,"to kilo [: se skrilo], to kilo [: se skrilo] .",6,"То кило [: се скрило], то кило [: се скрило] .","То кило , то кило .","То скрило , то скрило ."
TEF,2;04.21,TEF,de [: kyde] j [: e] mojta doda [: voda] ?,4,Де [: къде] й [: е] мойта дода [: вода] ?,Де й мойта дода ?,Къде е мойта вода ?
TEF,2;04.21,TEF,da .,1,Да .,Да .,Да .
TEF,2;04.21,TEF,pos'e [: posle] banancheto .,2,Пос'е [: после] бананчето .,Пос'е бананчето .,После бананчето .
TEF,2;04.21,TEF,ikam dolu !,2,Икам долу !,Икам долу !,Икам долу !
TEF,2;04.21,TEF,ikam [: iskam] kova [: takova] !,2,Икам [: искам] кова [: такова] !,Икам кова !,Искам такова !
TEF,2;04.21,TEF,shtoto Tetito lja [: zalja/polja] .,3,Щото тетито ля [: заля/поля] .,Щото тетито ля .,Щото тетито заля поля .
TEF,2;04.21,TEF,pija-pija kija [: rakija] .,2,Пия-пия кия [: ракия] .,Пия-пия кия .,Пия-пия ракия .
TEF,2;04.21,TEF,eto baba dadi .,3,Ето баба дади .,Ето баба дади .,Ето баба дади .
TEF,2;04.21,TEF,oni [: Roni] .,1,Они [: рони] .,Они .,Рони .
TEF,2;04.21,TEF,diezh .,1,Диеж .,Диеж .,Диеж .
TEF,2;04.21,TEF,da be .,2,Да бе .,Да бе .,Да бе .
TEF,2;04.21,TEF,"shi dam, dam be !",4,"Ши дам, дам бе !","Ши дам , дам бе !","Ши дам , дам бе !"
TEF,2;04.21,TEF,da .,1,Да .,Да .,Да .
TEF,2;04.21,TEF,jeja pojax [: poljax] .,2,Йея пояx [: поляx] .,Йея пояx .,Йея поляx .
TEF,2;04.21,TEF,to kuch [: kljuch] be !,3,То куч [: кльуч] бе !,То куч бе !,То ключ бе !
TEF,2;04.21,TEF,da be .,2,Да бе .,Да бе .,Да бе .
TEF,2;04.21,TEF,chakaj toja [: da otvorja] !,3,Чакай тоя [: да отворя] !,Чакай тоя !, Чакай отворя !
TEF,2;04.21,TEF,moja be !,2,Моя бе !,Моя бе !,Моя бе !
TEF,2;04.21,TEF,ne nam [: znam] be .,3,Не нам [: знам] бе .,Не нам бе .,Не знам бе .
TEF,2;04.21,TEF,dunda !,1,Дунда !,Дунда !,Дунда !
TEF,2;04.21,TEF,"izh [: vizh] go, izh [: vizh] go !",4,"Иж [: виж] го, иж [: виж] го !","Иж го , иж го !","Виж го , виж го !"
TEF,2;04.21,TEF,chakaj meja [: da namerja] enna [: enna] xopa [: sopa] .,5,Чакай мея [: да намеря] енна [: енна] xопа [: сопа] .,Чакай мея енна xопа .,Чакай намеря една сопа .
TEF,2;04.21,TEF,zabaix [: zabravix] .,1,Забаиx [: забравиx] .,Забаиx .,Забравиx .
TEF,2;04.21,TEF,xxx loshite deca .,2,Xxx лошите деца .,Xxx лошите деца .,Xxx лошите деца .
TEF,2;04.21,TEF,necho [: neshto] tanalo [: stanalo] mojta kycha [: kyshta] !,4,Нечо [: нещо] танало [: станало] мойта къча [: къща] !,Нечо танало мойта къча !,Нещо станало мойта къща !
TEF,2;04.21,TEF,ne be .,2,Не бе .,Не бе .,Не бе .
TEF,2;04.21,TEF,samo tuj ganno [: gadno] .,3,Само туй ганно [: гадно] .,Само туй ганно .,Само туй гадно .
TEF,2;04.21,TEF,da .,1,Да .,Да .,Да .
TEF,2;04.21,TEF,"babo, tja topla .",3,"Бабо, тя топла .","Бабо , тя топла .","Бабо , тя топла ."
TEF,2;04.21,TEF,ne be .,2,Не бе .,Не бе .,Не бе .
TEF,2;05.25,TEF,nimavaj [: vnimavaj] !,1,Нимавай [: внимавай] !,Нимавай !,Внимавай !
TEF,2;05.25,TEF,e-e-e !,1,Е-е-е !,Е-е-е !,Е-е-е !
TEF,2;05.25,TEF,opa !,1,Опа !,Опа !,Опа !
TEF,2;05.25,TEF,daj !,1,Дай !,Дай !,Дай !
TEF,2;05.25,TEF,loshata !,1,Лошата !,Лошата !,Лошата !
TEF,2;05.25,TEF,shtot .,1,Щот .,Щот .,Щот .
TEF,2;05.25,TEF,chao !,1,Чао !,Чао !,Чао !
TEF,2;05.25,TEF,"Ida, ida baba Mianka [: Milanka] kaam [: kara se], det [: kara se] kaa [: kara] tatko kaza kaa [: kara] nogo [: mnogo] sino [: silno] .",14,"Ида, ида баба мианка [: миланка] каам [: кара се], дет [: кара се] каа [: кара] татко каза каа [: кара] ного [: много] сино [: силно] .","Ида , ида баба мианка каам , дет каа татко каза каа ного сино .","Ида , ида баба Миланка кара , се кара татко каза кара много силно ."
TEF,2;05.25,TEF,"igoto [: legloto], iskam igo [: leglo] !",3,"Игото [: леглото], искам иго [: легло] !","Игото , искам иго !","Леглото , искам легло !"
TEF,2;05.25,TEF,tefito .,1,Тефито .,Тефито .,Тефито .
TEF,2;05.25,TEF,tez [: s tezi] buki [: obuvki] ika [: iskam] bjaga [: da bjagam] !,6,Тез [: с тези] буки [: обувки] ика [: искам] бяга [: да бягам] !,Тез буки ика бяга !, Тези обувки бягам !
TEF,2;05.25,TEF,"az, az sym Bumba xxx .",4,"Аз, аз съм бумба xxx .","Аз , аз съм бумба xxx .","Аз , аз съм бумба xxx ."
TEF,2;05.25,TEF,kachenca [: krachenca] mauki [: malki] .,2,Каченца [: краченца] мауки [: малки] .,Каченца мауки .,Краченца малки .
TEF,2;05.25,TEF,ide [: kyde] j [: e] dugoto [: drugoto] ?,3,Иде [: къде] й [: е] дугото [: другото] ?,Иде й дугото ?,Къде е другото ?
TEF,2;05.25,TEF,babo !,1,Бабо !,Бабо !,Бабо !
TEF,2;05.25,TEF,"ne, ne , mauka [: malka] .",3,"Не, не , маука [: малка] .","Не , не , маука .","Не , не , малка ."
TEF,2;05.25,TEF,pose [: posle] pi [: shte spi] munkata [: majmunkata] .,4,Посе [: после] пи [: ще спи] мунката [: маймунката] .,Посе пи мунката .,После спи маймунката .
TEF,2;05.25,TEF,ne .,1,Не .,Не .,Не .
TEF,2;05.25,TEF,noshti [: snoshti] odix [: xodix] .,2,Нощи [: снощи] одиx [: xодиx] .,Нощи одиx .,Снощи xодиx .
TEF,2;05.25,TEF,gajmi [: igraem] gachkite [: s igrachkite] .,3,Гайми [: играем] гачките [: с играчките] .,Гайми гачките .,Играем играчките .
TEF,2;05.25,TEF,az iskam ajjan [: ajran] .,3,Аз искам айян [: айран] .,Аз искам айян .,Аз искам айран .
TEF,2;05.25,TEF,"dugoto [: drugoto] daj, dugoto [: drugoto] !",3,"Дугото [: другото] дай, дугото [: другото] !","Дугото дай , дугото !","Другото дай , другото !"
TEF,2;05.25,TEF,ej tyj .,2,Ей тъй .,Ей тъй .,Ей тъй .
TEF,2;05.25,TEF,loshata elka [: lelka] .,2,Лошата елка [: лелка] .,Лошата елка .,Лошата лелка .
TEF,2;05.25,TEF,imam aku !,2,Имам аку !,Имам аку !,Имам аку !
TEF,2;05.25,TEF,pannax [: padnax] .,1,Паннаx [: паднаx] .,Паннаx .,Паднаx .
TEF,2;05.25,TEF,na asodka [: razxodka] .,2,На асодка [: разxодка] .,На асодка .,На разxодка .
TEF,2;05.25,TEF,chiba !,1,Чиба !,Чиба !,Чиба !
TEF,2;05.25,TEF,iska [: iskam] pak pavi [: da napravja] .,4,Иска [: искам] пак пави [: да направя] .,Иска пак пави .,Искам пак направя .
TEF,2;05.25,TEF,penax [: pernax] .,1,Пенаx [: пернаx] .,Пенаx .,Пернаx .
TEF,2;05.25,TEF,iskam isuvam [: da risuvam] !,3,Искам исувам [: да рисувам] !,Искам исувам !,Искам рисувам !
TEF,2;05.25,TEF,da .,1,Да .,Да .,Да .
TEF,2;05.25,TEF,da .,1,Да .,Да .,Да .
TEF,2;05.25,TEF,"mojte, mojte !",2,"Мойте, мойте !","Мойте , мойте !","Мойте , мойте !"
TEF,2;05.25,TEF,jejata shi [: shte] dade paichki [: parichki] .,4,Йеята ши [: ще] даде паички [: парички] .,Йеята ши даде паички .,Йеята ще даде парички .
TEF,2;05.25,TEF,diamo [: goljamo] .,1,Диамо [: голямо] .,Диамо .,Голямо .
TEF,2;05.25,TEF,tatyka [: ottatyka] .,1,Татъка [: оттатъка] .,Татъка .,Оттатъка .
TEF,2;05.25,TEF,az spinkam kevata [: v krevata] tam .,5,Аз спинкам кевата [: в кревата] там .,Аз спинкам кевата там .,Аз спинкам кревата там .
TEF,2;05.25,TEF,eto ja !,2,Ето я !,Ето я !,Ето я !
TEF,2;05.25,TEF,mozhi .,1,Можи .,Можи .,Можи .
TEF,2;05.25,TEF,pose [: posle] .,1,Посе [: после] .,Посе .,После .
ALE,1;01.29,VEL,meco !,1,Мецо !,Мецо !,Мецо !
ALE,1;01.29,VEL,shi mijm li deteto ?,4,Ши мийм ли детето ?,Ши мийм ли детето ?,Ши мийм ли детето ?
ALE,1;01.29,VEL,"buba lazi, buba lazi .",4,"Буба лази, буба лази .","Буба лази , буба лази .","Буба лази , буба лази ."
ALE,1;01.29,VEL,na ti go !,3,На ти го !,На ти го !,На ти го !
ALE,1;01.29,VEL,xajde !,1,Xайде !,Xайде !,Xайде !
ALE,1;01.29,VEL,mama shte ti pomogne !,4,Мама ще ти помогне !,Мама ще ти помогне !,Мама ще ти помогне !
ALE,1;01.29,VEL,"shi nanjash li, mamo ?",4,"Ши наняш ли, мамо ?","Ши наняш ли , мамо ?","Ши наняш ли , мамо ?"
ALE,1;01.29,VEL,"au, tja shte plache !",4,"Ау, тя ще плаче !","Ау , тя ще плаче !","Ау , тя ще плаче !"
ALE,1;01.29,VEL,kakvo da dade mama ?,4,Какво да даде мама ?,Какво да даде мама ?,Какво да даде мама ?
ALE,1;01.29,VEL,koj e tuka ?,3,Кой е тука ?,Кой е тука ?,Кой е тука ?
ALE,1;01.29,VEL,bravo !,1,Браво !,Браво !,Браво !
ALE,1;01.29,VEL,"a-u, kakvo napravi ti, mamo bomba !",6,"А-у, какво направи ти, мамо бомба !","А-у , какво направи ти , мамо бомба !","А-у , какво направи ти , мамо бомба !"
ALE,1;01.29,VEL,kaka .,1,Кака .,Кака .,Кака .
ALE,1;01.29,VEL,"Bebe li ima tam, mamo ?",5,"Бебе ли има там, мамо ?","Бебе ли има там , мамо ?","Бебе ли има там , мамо ?"
ALE,1;01.29,VEL,kakvo mamo !,2,Какво мамо !,Какво мамо !,Какво мамо !
ALE,1;01.29,VEL,kyde e cveteto ?,3,Къде е цветето ?,Къде е цветето ?,Къде е цветето ?
ALE,1;01.29,VEL,koj e tuka ?,3,Кой е тука ?,Кой е тука ?,Кой е тука ?
ALE,1;01.29,VEL,kva-kva patkata .,2,Ква-ква патката .,Ква-ква патката .,Ква-ква патката .
ALE,1;01.29,VEL,na titja iskash ti ?,4,На титя искаш ти ?,На титя искаш ти ?,На титя искаш ти ?
ALE,1;01.29,VEL,"sashe, na kolko si godinki ?",5,"Саше, на колко си годинки ?","Саше , на колко си годинки ?","Саше , на колко си годинки ?"
ALE,1;01.29,VEL,kazhi tatence !,2,Кажи татенце !,Кажи татенце !,Кажи татенце !
ALE,1;01.29,VEL,da .,1,Да .,Да .,Да .
ALE,1;01.29,VEL,lyzhichkata ?,1,Лъжичката ?,Лъжичката ?,Лъжичката ?
ALE,1;01.29,VEL,"chetesh li, mamo ?",3,"Четеш ли, мамо ?","Четеш ли , мамо ?","Четеш ли , мамо ?"
ALE,1;01.29,VEL,"na kolko si godinki, mamo ?",5,"На колко си годинки, мамо ?","На колко си годинки , мамо ?","На колко си годинки , мамо ?"
ALE,1;01.29,VEL,vikaj djado da dojde !,4,Викай дядо да дойде !,Викай дядо да дойде !,Викай дядо да дойде !
ALE,1;01.29,VEL,"a-u, ja !",2,"А-у, я !","А-у , я !","А-у , я !"
ALE,1;01.29,VEL,eto !,1,Ето !,Ето !,Ето !
ALE,1;01.29,VEL,daj na mama !,3,Дай на мама !,Дай на мама !,Дай на мама !
ALE,1;01.29,VEL,a kolko zybcheta imash ?,4,А колко зъбчета имаш ?,А колко зъбчета имаш ?,А колко зъбчета имаш ?
ALE,1;01.29,VEL,"kyde e kutijkata, mamo ?",4,"Къде е кутийката, мамо ?","Къде е кутийката , мамо ?","Къде е кутийката , мамо ?"
ALE,1;01.29,VEL,nabij go bebeto !,3,Набий го бебето !,Набий го бебето !,Набий го бебето !
ALE,1;01.29,VEL,da otvorim knizhkata !,3,Да отворим книжката !,Да отворим книжката !,Да отворим книжката !
ALE,1;01.29,VEL,mnogo xubavo skachash !,3,Много xубаво скачаш !,Много xубаво скачаш !,Много xубаво скачаш !
ALE,1;01.29,VEL,daj na tati pismoto !,4,Дай на тати писмото !,Дай на тати писмото !,Дай на тати писмото !
ALE,1;01.29,VEL,dzhidzhi .,1,Джиджи .,Джиджи .,Джиджи .
ALE,1;01.29,VEL,kakvo e tova ?,3,Какво е това ?,Какво е това ?,Какво е това ?
ALE,1;01.29,VEL,brym Brymbyrcho .,2,Бръм бръмбърчо .,Бръм бръмбърчо .,Бръм бръмбърчо .
ALE,1;01.29,VEL,na edna ?,2,На една ?,На една ?,На една ?
ALE,1;01.29,VEL,puf-paf .,1,Пуф-паф .,Пуф-паф .,Пуф-паф .
ALE,1;01.29,VEL,daj !,1,Дай !,Дай !,Дай !
ALE,1;01.29,VEL,koj shte xodi na titja ?,5,Кой ще xоди на титя ?,Кой ще xоди на титя ?,Кой ще xоди на титя ?
ALE,1;01.29,VEL,bravo !,1,Браво !,Браво !,Браво !
ALE,1;01.29,VEL,Ela da vidim krasotata !,4,Ела да видим красотата !,Ела да видим красотата !,Ела да видим красотата !
ALE,1;01.29,VEL,kakvo e tova pytepyte ?,4,Какво е това пътепъте ?,Какво е това пътепъте ?,Какво е това пътепъте ?
ALE,1;01.29,VEL,ajde da chetem !,3,Айде да четем !,Айде да четем !,Айде да четем !
ALE,1;05.06,VEL,pitchica .,1,Питчица .,Питчица .,Питчица .
ALE,1;05.08,VEL,daj j da gi obue !,5,Дай й да ги обуе !,Дай й да ги обуе !,Дай й да ги обуе !
ALE,1;05.08,VEL,a taka !,2,А така !,А така !,А така !
ALE,1;05.08,VEL,Ima si rache i racheto iska da go shtipne .,9,Има си раче и рачето иска да го щипне .,Има си раче и рачето иска да го щипне .,Има си раче и рачето иска да го щипне .
ALE,1;05.08,VEL,a kakvo ima tuk na vyzhenceto ?,6,А какво има тук на въженцето ?,А какво има тук на въженцето ?,А какво има тук на въженцето ?
ALE,1;05.08,VEL,chasovnik li imame tuka ?,4,Часовник ли имаме тука ?,Часовник ли имаме тука ?,Часовник ли имаме тука ?
ALE,1;05.08,VEL,"luk ima li, mamo ?",4,"Лук има ли, мамо ?","Лук има ли , мамо ?","Лук има ли , мамо ?"
ALE,1;05.08,VEL,pomosht !,1,Помощ !,Помощ !,Помощ !
ALE,1;05.08,VEL,na mama sa .,3,На мама са .,На мама са .,На мама са .
ALE,1;05.08,VEL,mama shte go obue na Sasheto .,6,Мама ще го обуе на сашето .,Мама ще го обуе на сашето .,Мама ще го обуе на сашето .
ALE,1;05.08,ASA,"am, togava shto go jadesh, kat ne e xubavo ?",9,"Ам, тогава що го ядеш, кат не е xубаво ?","Ам , тогава що го ядеш , кат не е xубаво ?","Ам , тогава що го ядеш , кат не е xубаво ?"
ALE,1;05.08,VEL,kazhi chorapi !,2,Кажи чорапи !,Кажи чорапи !,Кажи чорапи !
ALE,1;05.08,VEL,pandelka si ima toj !,4,Панделка си има той !,Панделка си има той !,Панделка си има той !
ALE,1;05.08,VEL,vizh tuka koj myrda .,4,Виж тука кой мърда .,Виж тука кой мърда .,Виж тука кой мърда .
ALE,1;05.08,VEL,"a-u, kakvo gi napravi dreshkite ?",5,"А-у, какво ги направи дрешките ?","А-у , какво ги направи дрешките ?","А-у , какво ги направи дрешките ?"
ALE,1;05.08,VEL,daj na kaka Asja !,4,Дай на кака ася !,Дай на кака ася !,Дай на кака ася !
ALE,1;05.08,VEL,kakvo pravjat decata ?,3,Какво правят децата ?,Какво правят децата ?,Какво правят децата ?
ALE,1;05.08,VEL,a tuka ?,2,А тука ?,А тука ?,А тука ?
ALE,1;05.08,VEL,"do, mi, sol: pej gamata !",5,"До, ми, сол: пей гамата !","До , ми , сол : пей гамата !","До , ми , сол : пей гамата !"
ALE,1;05.08,VEL,kakvo da pravi mama ?,4,Какво да прави мама ?,Какво да прави мама ?,Какво да прави мама ?
ALE,1;05.08,VEL,kyde ima krusha ?,3,Къде има круша ?,Къде има круша ?,Къде има круша ?
ALE,1;05.08,VEL,poveche ne iskash ?,3,Повече не искаш ?,Повече не искаш ?,Повече не искаш ?
ALE,1;05.08,VEL,"koj jade biberon, mamo ?",4,"Кой яде биберон, мамо ?","Кой яде биберон , мамо ?","Кой яде биберон , мамо ?"
ALE,1;05.08,VEL,koe momichence ?,2,Кое момиченце ?,Кое момиченце ?,Кое момиченце ?
ALE,1;05.08,VEL,zajo Bajo !,2,Зайо байо !,Зайо байо !,Зайо байо !
ALE,1;05.08,VEL,kfn kazhi-ne kykyny .,3,Кфн кажи-не къкънъ .,Кфн кажи-не къкънъ .,Кфн кажи-не къкънъ .
ALE,1;05.08,VEL,vizh !,1,Виж !,Виж !,Виж !
ALE,1;05.08,VEL,ne shty !,2,Не щъ !,Не щъ !,Не щъ !
ALE,1;05.08,VEL,kakvo pie tatko ?,3,Какво пие татко ?,Какво пие татко ?,Какво пие татко ?
ALE,1;05.08,VEL,ne !,1,Не !,Не !,Не !
ALE,1;05.08,VEL,"kakvo, be mamo ?",3,"Какво, бе мамо ?","Какво , бе мамо ?","Какво , бе мамо ?"
ALE,1;05.08,VEL,a tuka ja vizh !,4,А тука я виж !,А тука я виж !,А тука я виж !
ALE,1;05.08,ASA,kyde j e okoto ?,4,Къде й е окото ?,Къде й е окото ?,Къде й е окото ?
ALE,1;05.08,STE,daj !,1,Дай !,Дай !,Дай !
ALE,1;05.08,VEL,cunkaj go !,2,Цункай го !,Цункай го !,Цункай го !
ALE,1;05.08,VEL,koj ima mustaci ?,3,Кой има мустаци ?,Кой има мустаци ?,Кой има мустаци ?
ALE,1;05.08,VEL,kyde e djado .,3,Къде е дядо .,Къде е дядо .,Къде е дядо .
ALE,1;05.08,VEL,zapovjadaj !,1,Заповядай !,Заповядай !,Заповядай !
ALE,1;05.08,VEL,a tuka ja vizh !,4,А тука я виж !,А тука я виж !,А тука я виж !
ALE,1;05.08,VEL,shtip !,1,Щип !,Щип !,Щип !
ALE,1;05.08,VEL,kakvo ne mozhe ?,3,Какво не може ?,Какво не може ?,Какво не може ?
ALE,1;05.08,VEL,kakvo pravi tuk ?,3,Какво прави тук ?,Какво прави тук ?,Какво прави тук ?
ALE,1;05.08,VEL,oshte edno ptichki li ima ?,5,Още едно птички ли има ?,Още едно птички ли има ?,Още едно птички ли има ?
ALE,1;05.08,VEL,she byrkame li ?,3,Ше бъркаме ли ?,Ше бъркаме ли ?,Ше бъркаме ли ?
ALE,1;05.08,VEL,Miki li ?,2,Мики ли ?,Мики ли ?,Мики ли ?
ALE,1;05.08,VEL,kakvo iskash ?,2,Какво искаш ?,Какво искаш ?,Какво искаш ?
ALE,1;05.08,VEL,a tuka koj e ?,4,А тука кой е ?,А тука кой е ?,А тука кой е ?
ALE,1;05.08,VEL,na kolko godini e tati ?,5,На колко години е тати ?,На колко години е тати ?,На колко години е тати ?
ALE,1;05.08,VEL,a tova ?,2,А това ?,А това ?,А това ?
ALE,1;05.08,VEL,a Sasheto ?,2,А сашето ?,А сашето ?,А сашето ?
ALE,1;05.08,VEL,iskash li ?,2,Искаш ли ?,Искаш ли ?,Искаш ли ?
ALE,1;06.21,VEL,"Ela tuk, vlak junak pri Sashe !",6,"Ела тук, влак йунак при саше !","Ела тук , влак йунак при саше !","Ела тук , влак йунак при саше !"
ALE,1;06.21,VEL,"koj shte bijsh, be ?",4,"Кой ще бийш, бе ?","Кой ще бийш , бе ?","Кой ще бийш , бе ?"
ALE,1;06.21,VEL,koj obicha da xapva sladoled ?,5,Кой обича да xапва сладолед ?,Кой обича да xапва сладолед ?,Кой обича да xапва сладолед ?
ALE,1;06.21,VEL,baba Stefanka shte ti napravi li pitki ?,7,Баба стефанка ще ти направи ли питки ?,Баба стефанка ще ти направи ли питки ?,Баба стефанка ще ти направи ли питки ?
ALE,1;06.21,VEL,"kakvo ima v kutijkata, mamo ?",5,"Какво има в кутийката, мамо ?","Какво има в кутийката , мамо ?","Какво има в кутийката , мамо ?"
ALE,1;06.21,VEL,shte ti iztinat krachencata .,4,Ще ти изтинат краченцата .,Ще ти изтинат краченцата .,Ще ти изтинат краченцата .
ALE,1;06.21,VEL,Ela mama da te obleche !,5,Ела мама да те облече !,Ела мама да те облече !,Ела мама да те облече !
ALE,1;06.21,VEL,ej go popota !,3,Ей го попота !,Ей го попота !,Ей го попота !
ALE,1;06.21,VEL,boli li te ot masazha ?,5,Боли ли те от масажа ?,Боли ли те от масажа ?,Боли ли те от масажа ?
ALE,1;06.21,VEL,padna stola .,2,Падна стола .,Падна стола .,Падна стола .
ALE,1;06.21,VEL,ot mene li te e strax ?,6,От мене ли те е страx ?,От мене ли те е страx ?,От мене ли те е страx ?
ALE,1;06.21,VEL,oshte edna jabylka .,3,Още една ябълка .,Още една ябълка .,Още една ябълка .
ALE,1;06.21,VEL,vkljuchi li go ?,3,Вкльучи ли го ?,Вкльучи ли го ?,Вкльучи ли го ?
ALE,1;06.21,VEL,padnaxa li ?,2,Паднаxа ли ?,Паднаxа ли ?,Паднаxа ли ?
ALE,1;06.21,VEL,kyde e tatko ?,3,Къде е татко ?,Къде е татко ?,Къде е татко ?
ALE,1;06.21,VEL,ej sega mama shte go donese .,6,Ей сега мама ще го донесе .,Ей сега мама ще го донесе .,Ей сега мама ще го донесе .
ALE,1;06.21,VEL,knizhka ?,1,Книжка ?,Книжка ?,Книжка ?
ALE,1;06.21,VEL,rano e oshte .,3,Рано е още .,Рано е още .,Рано е още .
ALE,1;06.21,VEL,kakva e mama ?,3,Каква е мама ?,Каква е мама ?,Каква е мама ?
ALE,1;06.21,VEL,zashto go bij mama tova dobro detence ?,7,Защо го бий мама това добро детенце ?,Защо го бий мама това добро детенце ?,Защо го бий мама това добро детенце ?
ALE,1;06.21,VEL,kazhi molja !,2,Кажи моля !,Кажи моля !,Кажи моля !
ALE,1;06.21,VEL,kakvo ima v taz kutijka ?,5,Какво има в таз кутийка ?,Какво има в таз кутийка ?,Какво има в таз кутийка ?
ALE,1;06.21,VEL,ne !,1,Не !,Не !,Не !
ALE,1;06.21,VEL,krachence .,1,Краченце .,Краченце .,Краченце .
ALE,1;06.21,VEL,"daj, mama da gi maxne !",5,"Дай, мама да ги маxне !","Дай , мама да ги маxне !","Дай , мама да ги маxне !"
ALE,1;06.21,VEL,zapovjadaj !,1,Заповядай !,Заповядай !,Заповядай !
ALE,1;06.21,VEL,"mesichko e tam, da .",4,"Месичко е там, да .","Месичко е там , да .","Месичко е там , да ."
ALE,1;06.21,VEL,kakvo e tova tuk ?,4,Какво е това тук ?,Какво е това тук ?,Какво е това тук ?
ALE,1;06.21,VEL,"kakvo papash, mamo ?",3,"Какво папаш, мамо ?","Какво папаш , мамо ?","Какво папаш , мамо ?"
ALE,1;06.21,VEL,kyde e Mimito ?,3,Къде е мимито ?,Къде е мимито ?,Къде е мимито ?
ALE,1;06.21,VEL,"ox, butna me pak !",4,"Оx, бутна ме пак !","Оx , бутна ме пак !","Оx , бутна ме пак !"
ALE,1;06.21,VEL,spi li ti se ?,4,Спи ли ти се ?,Спи ли ти се ?,Спи ли ти се ?
ALE,1;06.21,VEL,toj shte plachi .,3,Той ще плачи .,Той ще плачи .,Той ще плачи .
ALE,1;06.21,VEL,obicham te .,2,Обичам те .,Обичам те .,Обичам те .
ALE,1;06.21,VEL,risunka pravish !,2,Рисунка правиш !,Рисунка правиш !,Рисунка правиш !
ALE,1;06.21,VEL,te sa moite .,3,Те са моите .,Те са моите .,Те са моите .
ALE,1;06.21,VEL,kakvo iskash da butash ?,4,Какво искаш да буташ ?,Какво искаш да буташ ?,Какво искаш да буташ ?
ALE,1;06.21,VEL,"ne shta, mamo .",3,"Не ща, мамо .","Не ща , мамо .","Не ща , мамо ."
ALE,1;07.20,DIM,ja tate da vidi !,4,Я тате да види !,Я тате да види !,Я тате да види !
ALE,1;07.20,DIM,"dij, Kon'o !",2,"Дий, кон'о !","Дий , кон'о !","Дий , коньо !"
ALE,1;07.20,VEL,Ela tuka na gyrnenceto !,4,Ела тука на гърненцето !,Ела тука на гърненцето !,Ела тука на гърненцето !
ALE,1;07.20,VEL,chakaj sega shte namerim Uilma .,5,Чакай сега ще намерим уилма .,Чакай сега ще намерим уилма .,Чакай сега ще намерим уилма .
ALE,1;07.20,VEL,kakvo pravi momicheto ?,3,Какво прави момичето ?,Какво прави момичето ?,Какво прави момичето ?
ALE,1;07.20,VEL,da ne bi da napravi na tati tush ?,8,Да не би да направи на тати туш ?,Да не би да направи на тати туш ?,Да не би да направи на тати туш ?
ALE,1;07.20,VEL,udaril si e kracheto i kakata go privyrzva .,8,Ударил си е крачето и каката го привързва .,Ударил си е крачето и каката го привързва .,Ударил си е крачето и каката го привързва .
ALE,1;07.20,VEL,chisti .,1,Чисти .,Чисти .,Чисти .
ALE,1;07.20,VEL,"kakvo, mamo ?",2,"Какво, мамо ?","Какво , мамо ?","Какво , мамо ?"
ALE,1;07.20,VEL,zashto na mama mersi ?,4,Защо на мама мерси ?,Защо на мама мерси ?,Защо на мама мерси ?
ALE,1;07.20,VEL,kyde e djadoto ?,3,Къде е дядото ?,Къде е дядото ?,Къде е дядото ?
ALE,1;07.20,VEL,a tuka majkata kakvo pravi ?,5,А тука майката какво прави ?,А тука майката какво прави ?,А тука майката какво прави ?
ALE,1;07.20,VEL,majka ne dava chorapkite .,4,Майка не дава чорапките .,Майка не дава чорапките .,Майка не дава чорапките .
ALE,1;07.20,VEL,"daj go, mamo !",3,"Дай го, мамо !","Дай го , мамо !","Дай го , мамо !"
ALE,1;07.20,VEL,doshlo s kakichkata da xvanat telenceto .,6,Дошло с какичката да xванат теленцето .,Дошло с какичката да xванат теленцето .,Дошло с какичката да xванат теленцето .
ALE,1;07.20,VEL,"ja, kakvo ima tuka !",4,"Я, какво има тука !","Я , какво има тука !","Я , какво има тука !"
ALE,1;07.20,VEL,"knizhkata shte ti ja dam, chakaj !",6,"Книжката ще ти я дам, чакай !","Книжката ще ти я дам , чакай !","Книжката ще ти я дам , чакай !"
ALE,1;07.20,VEL,tatkoto kakvo pravi tuka ?,4,Таткото какво прави тука ?,Таткото какво прави тука ?,Таткото какво прави тука ?
ALE,1;07.20,VEL,kak se kazva tatko ti ?,5,Как се казва татко ти ?,Как се казва татко ти ?,Как се казва татко ти ?
ALE,1;07.20,VEL,"kyde sa se kachili, mamo, pticite ?",6,"Къде са се качили, мамо, птиците ?","Къде са се качили , мамо , птиците ?","Къде са се качили , мамо , птиците ?"
ALE,1;07.20,VEL,"tyrsi, mamo !",2,"Търси, мамо !","Търси , мамо !","Търси , мамо !"
ALE,1;07.20,VEL,a majkata kyde e ?,4,А майката къде е ?,А майката къде е ?,А майката къде е ?
ALE,1;07.20,VEL,"sashe, kyde otivash ti ?",4,"Саше, къде отиваш ти ?","Саше , къде отиваш ти ?","Саше , къде отиваш ти ?"
ALE,1;07.20,VEL,kypi kuklichkata .,2,Къпи кукличката .,Къпи кукличката .,Къпи кукличката .
ALE,1;07.20,VEL,"kakvo pravi kucheto, mamo ?",4,"Какво прави кучето, мамо ?","Какво прави кучето , мамо ?","Какво прави кучето , мамо ?"
ALE,1;07.20,VEL,kyde e obuvkata ?,3,Къде е обувката ?,Къде е обувката ?,Къде е обувката ?
ALE,1;07.20,VEL,pokazhi gi na tati !,4,Покажи ги на тати !,Покажи ги на тати !,Покажи ги на тати !
ALE,1;07.20,VEL,mijat si rycete .,3,Мият си ръцете .,Мият си ръцете .,Мият си ръцете .
ALE,1;07.20,VEL,kyde sa se skrili decata ?,5,Къде са се скрили децата ?,Къде са се скрили децата ?,Къде са се скрили децата ?
ALE,1;08.22,VEL,"a-a, iska na gyrneto .",4,"А-а, иска на гърнето .","А-а , иска на гърнето .","А-а , иска на гърнето ."
ALE,1;08.22,VEL,pej za Zajo Bajo !,4,Пей за зайо байо !,Пей за зайо байо !,Пей за зайо байо !
ALE,1;08.22,VEL,imalo edno vreme +...,4,Имало едно време +...,Имало едно време . . .,Имало едно време . . .
ALE,1;08.22,VEL,skaraj se na Uilma !,4,Скарай се на уилма !,Скарай се на уилма !,Скарай се на уилма !
ALE,1;08.22,VEL,"Ela da te obleka, che shte xodim da gledame Xej Bynbo !",11,"Ела да те облека, че ще xодим да гледаме xей бънбо !","Ела да те облека , че ще xодим да гледаме xей бънбо !","Ела да те облека , че ще xодим да гледаме xей бънбо !"
ALE,1;08.22,VEL,kakvo ?,1,Какво ?,Какво ?,Какво ?
ALE,1;08.22,VEL,++ na vranata i na Zajo Bajo .,6,++ на враната и на зайо байо .,на враната и на зайо байо .,на враната и на зайо байо .
ALE,1;08.22,VEL,kakvo pravi na Sofija ?,4,Какво прави на софия ?,Какво прави на софия ?,Какво прави на софия ?
ALE,1;08.22,VEL,pitkata .,1,Питката .,Питката .,Питката .
ALE,1;08.22,VEL,da .,1,Да .,Да .,Да .
ALE,1;08.22,VEL,I da padnesh dolu !,4,И да паднеш долу !,И да паднеш долу !,И да паднеш долу !
ALE,1;08.22,VEL,buli morjaka li obichash ?,4,Були моряка ли обичаш ?,Були моряка ли обичаш ?,Були моряка ли обичаш ?
ALE,1;08.22,VEL,izpishaj se i shte ti ja dam .,7,Изпишай се и ще ти я дам .,Изпишай се и ще ти я дам .,Изпишай се и ще ти я дам .
ALE,1;08.22,VEL,"o, chovecheto se smee .",4,"О, човечето се смее .","О , човечето се смее .","О , човечето се смее ."
ALE,1;08.22,STE,ej sega mama shte dojde .,5,Ей сега мама ще дойде .,Ей сега мама ще дойде .,Ей сега мама ще дойде .
ALE,1;08.22,VEL,"xajde da spinkash veche, majche !",5,"Xайде да спинкаш вече, майче !","Xайде да спинкаш вече , майче !","Xайде да спинкаш вече , майче !"
ALE,1;08.22,VEL,molja te sipi mi edno jajchice !,6,Моля те сипи ми едно яйчице !,Моля те сипи ми едно яйчице !,Моля те сипи ми едно яйчице !
ALE,1;08.22,VEL,legni !,1,Легни !,Легни !,Легни !
ALE,1;08.22,VEL,"koi prikazki obichash, mamo, ti ?",5,"Кои приказки обичаш, мамо, ти ?","Кои приказки обичаш , мамо , ти ?","Кои приказки обичаш , мамо , ти ?"
ALE,1;08.22,VEL,xubavo li e taka ?,4,Xубаво ли е така ?,Xубаво ли е така ?,Xубаво ли е така ?
ALE,1;08.22,VEL,a koj e kyfyny ?,4,А кой е къфънъ ?,А кой е къфънъ ?,А кой е къфънъ ?
ALE,1;08.22,VEL,vjatyra ?,1,Вятъра ?,Вятъра ?,Вятъра ?
ALE,1;08.22,VEL,nad stykloto kutijata ?,3,Над стъклото кутията ?,Над стъклото кутията ?,Над стъклото кутията ?
ALE,1;08.22,VEL,ljagaj dolu !,2,Лягай долу !,Лягай долу !,Лягай долу !
ALE,1;08.22,VEL,koja kutijka ?,2,Коя кутийка ?,Коя кутийка ?,Коя кутийка ?
ALE,1;08.22,VEL,a kaka Techi ?,3,А кака течи ?,А кака течи ?,А кака течи ?
ALE,1;08.22,VEL,kostenurki ?,1,Костенурки ?,Костенурки ?,Костенурки ?
ALE,1;08.22,VEL,ej tuka da uchi ?,4,Ей тука да учи ?,Ей тука да учи ?,Ей тука да учи ?
ALE,1;08.22,VEL,eto ti nozha !,3,Ето ти ножа !,Ето ти ножа !,Ето ти ножа !
ALE,1;08.22,VEL,Ela tuka da te obuja !,5,Ела тука да те обуя !,Ела тука да те обуя !,Ела тука да те обуя !
ALE,1;08.22,VEL,skri gi dolu ?,3,Скри ги долу ?,Скри ги долу ?,Скри ги долу ?
ALE,1;08.22,VEL,lyzhesh !,1,Лъжеш !,Лъжеш !,Лъжеш !
ALE,1;08.22,VEL,"kyde ti e kyshtata, be Aleksandra ?",6,"Къде ти е къщата, бе александра ?","Къде ти е къщата , бе александра ?","Къде ти е къщата , бе александра ?"
ALE,1;08.22,VEL,Ami kyde e tvoeto stolche ?,5,Ами къде е твоето столче ?,Ами къде е твоето столче ?,Ами къде е твоето столче ?
ALE,1;08.22,VEL,"kuche, daj kokala na kaka Aleksandra !",6,"Куче, дай кокала на кака александра !","Куче , дай кокала на кака александра !","Куче , дай кокала на кака александра !"
ALE,1;08.22,VEL,obache Masha se zagubila .,4,Обаче маша се загубила .,Обаче маша се загубила .,Обаче маша се загубила .
ALE,1;08.22,VEL,a mamata ?,2,А мамата ?,А мамата ?,А мамата ?
ALE,1;08.22,STE,da j go dam li ?,5,Да й го дам ли ?,Да й го дам ли ?,Да й го дам ли ?
ALE,1;08.22,VEL,a za nindzhite gleda li ?,5,А за нинджите гледа ли ?,А за нинджите гледа ли ?,А за нинджите гледа ли ?
ALE,1;08.22,VEL,ja vizh spi li Techeto tam ?,6,Я виж спи ли течето там ?,Я виж спи ли течето там ?,Я виж спи ли течето там ?
ALE,1;09.19,VEL,"skok, skochi vyv vodata .",4,"Скок, скочи във водата .","Скок , скочи във водата .","Скок , скочи във водата ."
ALE,1;09.19,VEL,"toj preglezhda Vylcho, gleda mu gyrloto .",6,"Той преглежда вълчо, гледа му гърлото .","Той преглежда вълчо , гледа му гърлото .","Той преглежда вълчо , гледа му гърлото ."
ALE,1;09.19,VEL,daj o na mene kubcheto ?,5,Дай о на мене кубчето ?,Дай о на мене кубчето ?,Дай о на мене кубчето ?
ALE,1;09.19,VEL,"Tova e Masha, vyrvi po pytechkata .",6,"Това е маша, върви по пътечката .","Това е маша , върви по пътечката .","Това е маша , върви по пътечката ."
ALE,1;09.19,VEL,I kakvo gi pravi mama Myrmorana kotencata ?,7,И какво ги прави мама мърморана котенцата ?,И какво ги прави мама мърморана котенцата ?,И какво ги прави мама мърморана котенцата ?
ALE,1;09.19,VEL,to pak shte izbjaga .,4,То пак ще избяга .,То пак ще избяга .,То пак ще избяга .
ALE,1;09.19,VEL,Tova e Moskva .,3,Това е москва .,Това е москва .,Това е москва .
ALE,1;09.19,VEL,a v chajnika kakvo ima oshte ?,6,А в чайника какво има още ?,А в чайника какво има още ?,А в чайника какво има още ?
ALE,1;09.19,VEL,"tez koi sa, be mamo ?",5,"Тез кои са, бе мамо ?","Тез кои са , бе мамо ?","Тез кои са , бе мамо ?"
ALE,1;09.19,VEL,xajde za trite mechki razkazhi !,5,Xайде за трите мечки разкажи !,Xайде за трите мечки разкажи !,Xайде за трите мечки разкажи !
ALE,1;09.19,VEL,a ti kyde go skri ot mama ?,7,А ти къде го скри от мама ?,А ти къде го скри от мама ?,А ти къде го скри от мама ?
ALE,1;09.19,VEL,kakvo go pravish ?,3,Какво го правиш ?,Какво го правиш ?,Какво го правиш ?
ALE,1;09.19,VEL,"e, ami kak shte go gledame togaz ?",7,"Е, ами как ще го гледаме тогаз ?","Е , ами как ще го гледаме тогаз ?","Е , ами как ще го гледаме тогаз ?"
ALE,1;09.19,VEL,"studeno e navyn, shte nastine .",5,"Студено е навън, ще настине .","Студено е навън , ще настине .","Студено е навън , ще настине ."
ALE,1;09.19,VEL,trjabva da go tyrsim sega !,5,Трябва да го търсим сега !,Трябва да го търсим сега !,Трябва да го търсим сега !
ALE,1;09.19,VEL,"da, toj chaka .",3,"Да, той чака .","Да , той чака .","Да , той чака ."
ALE,1;09.19,VEL,iskash da schupish telefona ?,4,Искаш да счупиш телефона ?,Искаш да счупиш телефона ?,Искаш да счупиш телефона ?
ALE,1;09.19,VEL,a mishleto ti go izjazhdja !,5,А мишлето ти го изяждя !,А мишлето ти го изяждя !,А мишлето ти го изяждя !
ALE,1;09.19,VEL,"oshte edna mishka ima li, mamo ?",6,"Още една мишка има ли, мамо ?","Още една мишка има ли , мамо ?","Още една мишка има ли , мамо ?"
ALE,1;09.19,VEL,"dobyr li e Vylcho, mamo ?",5,"Добър ли е вълчо, мамо ?","Добър ли е вълчо , мамо ?","Добър ли е вълчо , мамо ?"
ALE,1;09.19,VEL,"mama vika na Sasheto da mu napravi xubava pricheska, a Sasheto ne shte .",13,"Мама вика на сашето да му направи xубава прическа, а сашето не ще .","Мама вика на сашето да му направи xубава прическа , а сашето не ще .","Мама вика на сашето да му направи xубава прическа , а сашето не ще ."
ALE,1;09.19,VEL,"sashe, molja te razkazhi za trite mechki !",7,"Саше, моля те разкажи за трите мечки !","Саше , моля те разкажи за трите мечки !","Саше , моля те разкажи за трите мечки !"
ALE,1;09.19,VEL,tigyl Migyl .,2,Тигъл мигъл .,Тигъл мигъл .,Тигъл мигъл .
ALE,1;09.19,VEL,a Zajko ?,2,А зайко ?,А зайко ?,А зайко ?
ALE,1;09.19,VEL,samo skachash .,2,Само скачаш .,Само скачаш .,Само скачаш .
ALE,1;10.12,VEL,shte kazhesh li na vujna: kolko te obicham ?,8,Ще кажеш ли на вуйна: колко те обичам ?,Ще кажеш ли на вуйна : колко те обичам ?,Ще кажеш ли на вуйна : колко те обичам ?
ALE,1;10.12,VEL,"a, bikini !",2,"А, бикини !","А , бикини !","А , бикини !"
ALE,1;10.12,VEL,masha kakvo napravila v gorata ?,5,Маша какво направила в гората ?,Маша какво направила в гората ?,Маша какво направила в гората ?
ALE,1;10.12,VEL,kakvo te boleshe ?,3,Какво те болеше ?,Какво те болеше ?,Какво те болеше ?
ALE,1;10.12,VEL,pisana kogo izvikala ?,3,Писана кого извикала ?,Писана кого извикала ?,Писана кого извикала ?
ALE,1;10.12,VEL,"ti izplashi li se, mamo ?",5,"Ти изплаши ли се, мамо ?","Ти изплаши ли се , мамо ?","Ти изплаши ли се , мамо ?"
ALE,1;10.12,VEL,meca Mecanka .,2,Меца мецанка .,Меца мецанка .,Меца мецанка .
ALE,1;10.12,VEL,"ax, kak lyzhesh !",3,"Аx, как лъжеш !","Аx , как лъжеш !","Аx , как лъжеш !"
ALE,1;10.12,VEL,zashto mu e kasetofona na Sasheto ?,6,Защо му е касетофона на сашето ?,Защо му е касетофона на сашето ?,Защо му е касетофона на сашето ?
ALE,1;10.12,VEL,"aleksandra, obuvaj de !",3,"Александра, обувай де !","Александра , обувай де !","Александра , обувай де !"
ALE,1;10.12,VEL,Tova choveche e mojto i njama da go otlepjash !,9,Това човече е мойто и няма да го отлепяш !,Това човече е мойто и няма да го отлепяш !,Това човече е мойто и няма да го отлепяш !
ALE,1;10.12,VEL,v koja tochka ?,3,В коя точка ?,В коя точка ?,В коя точка ?
ALE,1;10.12,VEL,zashto da dojda ?,3,Защо да дойда ?,Защо да дойда ?,Защо да дойда ?
ALE,1;10.12,VEL,baba kakvo shte napravi ot gybkite ?,6,Баба какво ще направи от гъбките ?,Баба какво ще направи от гъбките ?,Баба какво ще направи от гъбките ?
ALE,1;10.12,VEL,eto !,1,Ето !,Ето !,Ето !
ALE,1;10.12,VEL,vnuchkata .,1,Внучката .,Внучката .,Внучката .
ALE,1;10.12,VEL,kuklata izbjaga .,2,Куклата избяга .,Куклата избяга .,Куклата избяга .
ALE,1;10.12,VEL,mersi !,1,Мерси !,Мерси !,Мерси !
ALE,1;10.12,VEL,starija mechok .,2,Стария мечок .,Стария мечок .,Стария мечок .
ALE,1;10.12,VEL,kakvo shte ima vytre v podaryka ?,6,Какво ще има вътре в подаръка ?,Какво ще има вътре в подаръка ?,Какво ще има вътре в подаръка ?
ALE,1;10.12,VEL,kakvo sybuvash ?,2,Какво събуваш ?,Какво събуваш ?,Какво събуваш ?
ALE,1;10.12,VEL,na kogo e tuj kuche ?,5,На кого е туй куче ?,На кого е туй куче ?,На кого е туй куче ?
ALE,1;10.12,VEL,cherno e .,2,Черно е .,Черно е .,Черно е .
ALE,1;10.12,VEL,tretoto kopche li natiskash ?,4,Третото копче ли натискаш ?,Третото копче ли натискаш ?,Третото копче ли натискаш ?
ALE,1;10.12,VEL,ne !,1,Не !,Не !,Не !
ALE,1;10.12,VEL,eto ja i Snezhanka .,4,Ето я и снежанка .,Ето я и снежанка .,Ето я и снежанка .
ALE,1;10.12,VEL,popravi vednaga krevata !,3,Поправи веднага кревата !,Поправи веднага кревата !,Поправи веднага кревата !
ALE,1;11.14,VEL,"a tova, mamo, kakvo e ?",5,"А това, мамо, какво е ?","А това , мамо , какво е ?","А това , мамо , какво е ?"
ALE,1;11.14,VEL,"+"" v dzhobchetata drynkat +...",4,"+"" в джобчетата дрънкат +...",""" в джобчетата дрънкат . . .",""" в джобчетата дрънкат . . ."
ALE,1;11.14,VEL,aleksandra ima mish-mash ?,3,Александра има миш-маш ?,Александра има миш-маш ?,Александра има миш-маш ?
ALE,1;11.14,VEL,"shtom taka xubavo peesh, njama da go izjam .",8,"Щом така xубаво пееш, няма да го изям .","Щом така xубаво пееш , няма да го изям .","Щом така xубаво пееш , няма да го изям ."
ALE,1;11.14,VEL,kakvo obichash ?,2,Какво обичаш ?,Какво обичаш ?,Какво обичаш ?
ALE,1;11.14,VEL,da stoi bosa ?,3,Да стои боса ?,Да стои боса ?,Да стои боса ?
ALE,1;11.14,VEL,ta-pa-ta-ba-du .,1,Та-па-та-ба-ду .,Та-па-та-ба-ду .,Та-па-та-ба-ду .
ALE,1;11.14,VEL,"a-a, ne obicham da jam takvoz [: takova], keremida !",7,"А-а, не обичам да ям таквоз [: такова], керемида !","А-а , не обичам да ям таквоз , керемида !","А-а , не обичам да ям такова керемида !"
ALE,1;11.14,VEL,ne moga da razbera !,4,Не мога да разбера !,Не мога да разбера !,Не мога да разбера !
ALE,1;11.14,VEL,kakvo me gledash !,3,Какво ме гледаш !,Какво ме гледаш !,Какво ме гледаш !
ALE,1;11.14,VEL,a tova ?,2,А това ?,А това ?,А това ?
ALE,1;11.14,VEL,"sashe, molja te daj mi tvoeto kozhuxche !",7,"Саше, моля те дай ми твоето кожуxче !","Саше , моля те дай ми твоето кожуxче !","Саше , моля те дай ми твоето кожуxче !"
ALE,1;11.14,VEL,pomoli ja da se maxne ttam !,6,Помоли я да се маxне ттам !,Помоли я да се маxне ттам !,Помоли я да се маxне ттам !
ALE,1;11.14,VEL,eto ja koprivata i kozleto kakvo napravilo ?,7,Ето я копривата и козлето какво направило ?,Ето я копривата и козлето какво направило ?,Ето я копривата и козлето какво направило ?
ALE,1;11.14,VEL,nauchi me kak beshe ?,4,Научи ме как беше ?,Научи ме как беше ?,Научи ме как беше ?
ALE,1;11.14,VEL,koe e na kaka kyshtichkata ?,5,Кое е на кака къщичката ?,Кое е на кака къщичката ?,Кое е на кака къщичката ?
ALE,1;11.14,VEL,da ja maxna li ?,4,Да я маxна ли ?,Да я маxна ли ?,Да я маxна ли ?
ALE,1;11.14,VEL,shte obelish rokljata li ?,4,Ще обелиш роклята ли ?,Ще обелиш роклята ли ?,Ще обелиш роклята ли ?
ALE,1;11.14,VEL,"a-u, che losh Kumcho Vylcho !",5,"А-у, че лош кумчо вълчо !","А-у , че лош кумчо вълчо !","А-у , че лош кумчо вълчо !"
ALE,1;11.14,VEL,"prez noshtta kato izskochili ot tendzherata, vizh kak polazili baba .",10,"През нощта като изскочили от тенджерата, виж как полазили баба .","През нощта като изскочили от тенджерата , виж как полазили баба .","През нощта като изскочили от тенджерата , виж как полазили баба ."
ALE,1;11.14,VEL,kuklata iska da sedi bosa ?,5,Куклата иска да седи боса ?,Куклата иска да седи боса ?,Куклата иска да седи боса ?
ALE,1;11.14,VEL,kakvo me chovyrkash !,3,Какво ме човъркаш !,Какво ме човъркаш !,Какво ме човъркаш !
ALE,1;11.14,VEL,Taz e mojta igra !,4,Таз е мойта игра !,Таз е мойта игра !,Таз е мойта игра !
ALE,1;11.14,VEL,tri jajchica .,2,Три яйчица .,Три яйчица .,Три яйчица .
ALE,1;11.14,VEL,Sega kakvo napravix az sega s toz stol tuka !,9,Сега какво направиx аз сега с тоз стол тука !,Сега какво направиx аз сега с тоз стол тука !,Сега какво направиx аз сега с тоз стол тука !
ALE,1;11.14,VEL,glupachkata e bolna ?,3,Глупачката е болна ?,Глупачката е болна ?,Глупачката е болна ?
ALE,1;11.14,VEL,Sega pravja kyshtichka ?,3,Сега правя къщичка ?,Сега правя къщичка ?,Сега правя къщичка ?
ALE,1;11.14,VEL,kyde otivash sega ?,3,Къде отиваш сега ?,Къде отиваш сега ?,Къде отиваш сега ?
ALE,1;11.14,VEL,"zashto mu izvadi kracheto, zashto ?",5,"Защо му извади крачето, защо ?","Защо му извади крачето , защо ?","Защо му извади крачето , защо ?"
ALE,1;11.14,VEL,mnogo e losha !,3,Много е лоша !,Много е лоша !,Много е лоша !
ALE,1;11.14,VEL,chakaj az da ti pusna edna zmija na tebe: ssssss !,10,Чакай аз да ти пусна една змия на тебе: сссссс !,Чакай аз да ти пусна една змия на тебе : сссссс !,Чакай аз да ти пусна една змия на тебе : сссссс !
ALE,1;11.14,VEL,"am te svyrshixa, mamo, svyrshixa .",5,"Ам те свършиxа, мамо, свършиxа .","Ам те свършиxа , мамо , свършиxа .","Ам те свършиxа , мамо , свършиxа ."
ALE,1;11.14,VEL,"vizh eto siropa, termometyra .",4,"Виж ето сиропа, термометъра .","Виж ето сиропа , термометъра .","Виж ето сиропа , термометъра ."
ALE,1;11.14,VEL,ti si mynichka !,3,Ти си мъничка !,Ти си мъничка !,Ти си мъничка !
ALE,1;11.14,VEL,ljulki ?,1,Льулки ?,Льулки ?,Льулки ?
ALE,1;11.14,VEL,++ ta da ne bi xrumne +...,6,++ та да не би xрумне +...,та да не би xрумне . . .,та да не би xрумне . . .
ALE,1;11.14,VEL,toj e mojat Dino-daj mi go !,6,Той е моят дино-дай ми го !,Той е моят дино-дай ми го !,Той е моят дино-дай ми го !
ALE,1;11.14,VEL,skysala na parcheta rokljata baba Cocolanka ?,6,Скъсала на парчета роклята баба цоцоланка ?,Скъсала на парчета роклята баба цоцоланка ?,Скъсала на парчета роклята баба цоцоланка ?
ALE,1;11.14,VEL,tazi li e tja ?,4,Тази ли е тя ?,Тази ли е тя ?,Тази ли е тя ?
ALE,1;11.14,VEL,na koj sa te ?,4,На кой са те ?,На кой са те ?,На кой са те ?
ALE,1;11.14,VEL,kakvo gledash tam ?,3,Какво гледаш там ?,Какво гледаш там ?,Какво гледаш там ?
ALE,1;11.14,VEL,kakvoo ?,1,Каквоо ?,Каквоо ?,Каквоо ?
ALE,1;11.14,VEL,++ pak da me napravi +...,5,++ пак да ме направи +...,пак да ме направи . . .,пак да ме направи . . .
ALE,2;00.13,VEL,Sega vryshtam Alisa da ti pusna .,6,Сега връщам алиса да ти пусна .,Сега връщам алиса да ти пусна .,Сега връщам алиса да ти пусна .
ALE,2;00.13,VEL,kak ta bi ?,3,Как та би ?,Как та би ?,Как та би ?
ALE,2;00.13,VEL,da .,1,Да .,Да .,Да .
ALE,2;00.13,VEL,molja te !,2,Моля те !,Моля те !,Моля те !
ALE,2;00.13,VEL,maslinchici li ti se jadat ?,5,Маслинчици ли ти се ядат ?,Маслинчици ли ти се ядат ?,Маслинчици ли ти се ядат ?
ALE,2;00.13,VEL,te shte pomagash li ?,4,Те ще помагаш ли ?,Те ще помагаш ли ?,Те ще помагаш ли ?
ALE,2;00.13,VEL,kakvo e ?,2,Какво е ?,Какво е ?,Какво е ?
ALE,2;00.13,VEL,a Polja kara li se na Mimeto ?,7,А поля кара ли се на мимето ?,А поля кара ли се на мимето ?,А поля кара ли се на мимето ?
ALE,2;00.13,STE,na kolko ?,2,На колко ?,На колко ?,На колко ?
ALE,2;02.24,VEL,mersi !,1,Мерси !,Мерси !,Мерси !
ALE,2;02.24,VEL,I tova e vylneno ?,4,И това е вълнено ?,И това е вълнено ?,И това е вълнено ?
ALE,2;02.24,VEL,ne moga da go gledam !,5,Не мога да го гледам !,Не мога да го гледам !,Не мога да го гледам !
ALE,2;02.24,VEL,leko s tija gashti ?,4,Леко с тия гащи ?,Леко с тия гащи ?,Леко с тия гащи ?
ALE,2;02.24,VEL,kakvo da ti dam ?,4,Какво да ти дам ?,Какво да ти дам ?,Какво да ти дам ?
ALE,2;02.24,VEL,chakajte !,1,Чакайте !,Чакайте !,Чакайте !
ALE,2;02.24,VEL,slizash dolu ?,2,Слизаш долу ?,Слизаш долу ?,Слизаш долу ?
ALE,2;02.24,VEL,shte padnesh !,2,Ще паднеш !,Ще паднеш !,Ще паднеш !
ALE,2;02.24,SAN,chakaj da si pogalja decata !,5,Чакай да си погаля децата !,Чакай да си погаля децата !,Чакай да си погаля децата !
ALE,2;02.24,VEL,"da, za bala .",3,"Да, за бала .","Да , за бала .","Да , за бала ."
ALE,2;02.24,VEL,zhabochee !,1,Жабочее !,Жабочее !,Жабочее !
ALE,2;02.24,VEL,daj da ti pomogna !,4,Дай да ти помогна !,Дай да ти помогна !,Дай да ти помогна !
ALE,2;02.24,SAN,az idvam pri decata da spja .,6,Аз идвам при децата да спя .,Аз идвам при децата да спя .,Аз идвам при децата да спя .
ALE,2;02.24,VEL,zashto ?,1,Защо ?,Защо ?,Защо ?
ALE,2;02.24,VEL,njama da te ostavja .,4,Няма да те оставя .,Няма да те оставя .,Няма да те оставя .
ALE,2;02.24,VEL,I-i-i !,1,И-и-и !,И-и-и !,И-и-и !
ALE,2;02.24,VEL,maxni go tova meche !,4,Маxни го това мече !,Маxни го това мече !,Маxни го това мече !
ALE,2;02.24,VEL,ot vlakcheto li sliza mama Veli ?,6,От влакчето ли слиза мама вели ?,От влакчето ли слиза мама вели ?,От влакчето ли слиза мама вели ?
ALE,2;02.24,VEL,"a-u, taz igla otde izskochi, be !",6,"А-у, таз игла отде изскочи, бе !","А-у , таз игла отде изскочи , бе !","А-у , таз игла отде изскочи , бе !"
ALE,2;02.24,VEL,taka li ?,2,Така ли ?,Така ли ?,Така ли ?
ALE,2;02.24,VEL,kakvo e tuj: boc ta boc !,6,Какво е туй: боц та боц !,Какво е туй : боц та боц !,Какво е туй : боц та боц !
ALE,2;02.24,VEL,kuchenceto mi ?,2,Кученцето ми ?,Кученцето ми ?,Кученцето ми ?
ALE,2;02.24,VEL,"kyde ima kremche, be majche ?",5,"Къде има кремче, бе майче ?","Къде има кремче , бе майче ?","Къде има кремче , бе майче ?"
ALE,2;02.24,VEL,chajnikyt kak puska para !,4,Чайникът как пуска пара !,Чайникът как пуска пара !,Чайникът как пуска пара !
ALE,2;02.24,VEL,kopchetata se shijat s mynichki iglichki .,6,Копчетата се шият с мънички иглички .,Копчетата се шият с мънички иглички .,Копчетата се шият с мънички иглички .
ALE,2;02.24,VEL,ne go li shtesh ?,4,Не го ли щеш ?,Не го ли щеш ?,Не го ли щеш ?
ALE,2;02.24,VEL,"da-da, mnogo iskash !",3,"Да-да, много искаш !","Да-да , много искаш !","Да-да , много искаш !"
ALE,2;02.24,VEL,"shte ja pusna, kato se izvyrti kasetata .",7,"Ще я пусна, като се извърти касетата .","Ще я пусна , като се извърти касетата .","Ще я пусна , като се извърти касетата ."
ALE,2;02.24,VEL,toj e lud pumpal .,4,Той е луд пумпал .,Той е луд пумпал .,Той е луд пумпал .
ALE,2;02.24,VEL,zapovjadaj da si pijnesh !,4,Заповядай да си пийнеш !,Заповядай да си пийнеш !,Заповядай да си пийнеш !
ALE,2;02.24,VEL,kakvo shte piesh ?,3,Какво ще пиеш ?,Какво ще пиеш ?,Какво ще пиеш ?
ALE,2;02.24,SAN,do toaletnata e .,3,До тоалетната е .,До тоалетната е .,До тоалетната е .
ALE,2;02.24,VEL,"Ami che ti si oshte mynichka , ne mozhesh .",8,"Ами че ти си още мъничка , не можеш .","Ами че ти си още мъничка , не можеш .","Ами че ти си още мъничка , не можеш ."
ALE,2;03.12,VEL,za kogo sa tezi ?,4,За кого са тези ?,За кого са тези ?,За кого са тези ?
ALE,2;03.12,VEL,"o, gorkichkijat !",2,"О, горкичкият !","О , горкичкият !","О , горкичкият !"
ALE,2;03.12,VEL,mama shte kupi nov balon .,5,Мама ще купи нов балон .,Мама ще купи нов балон .,Мама ще купи нов балон .
ALE,2;03.12,VEL,strax me e ot vodata !,5,Страx ме е от водата !,Страx ме е от водата !,Страx ме е от водата !
ALE,2;03.12,VEL,"+"" sashe, az sym na djado Sasho prase .",7,"+"" саше, аз съм на дядо сашо прасе .",""" саше , аз съм на дядо сашо прасе .",""" саше , аз съм на дядо сашо прасе ."
ALE,2;03.12,STE,"sashe, vizh tuka kakvo ima ?",5,"Саше, виж тука какво има ?","Саше , виж тука какво има ?","Саше , виж тука какво има ?"
ALE,2;03.12,VEL,"+"" iskam toj da me gushi !",5,"+"" искам той да ме гуши !",""" искам той да ме гуши !",""" искам той да ме гуши !"
ALE,2;03.12,VEL,"xaresva li ti, Stefche ?",4,"Xаресва ли ти, стефче ?","Xаресва ли ти , стефче ?","Xаресва ли ти , стефче ?"
ALE,2;03.12,VEL,daj svetlosinichki za ochichki ili tymnosinichki !,6,Дай светлосинички за очички или тъмносинички !,Дай светлосинички за очички или тъмносинички !,Дай светлосинички за очички или тъмносинички !
ALE,2;03.12,STE,kakvo e to ?,3,Какво е то ?,Какво е то ?,Какво е то ?
ALE,2;03.12,VEL,sram me e ot teb .,5,Срам ме е от теб .,Срам ме е от теб .,Срам ме е от теб .
ALE,2;03.12,STE,"dobre, a tam gore koj e ?",6,"Добре, а там горе кой е ?","Добре , а там горе кой е ?","Добре , а там горе кой е ?"
ALE,2;03.12,VEL,shte otdesh li sega ottatyka za zakuska ?,7,Ще отдеш ли сега оттатъка за закуска ?,Ще отдеш ли сега оттатъка за закуска ?,Ще отдеш ли сега оттатъка за закуска ?
ALE,2;03.12,VEL,"+"" ne, iskam vyv vodichkata !",4,"+"" не, искам във водичката !",""" не , искам във водичката !",""" не , искам във водичката !"
ALE,2;03.12,STE,ja im razkazhi edna prikazka !,5,Я им разкажи една приказка !,Я им разкажи една приказка !,Я им разкажи една приказка !
ALE,2;03.12,VEL,mozhe da izleze da igrae .,5,Може да излезе да играе .,Може да излезе да играе .,Може да излезе да играе .
ALE,2;03.12,VEL,stiga ste skachali !,3,Стига сте скачали !,Стига сте скачали !,Стига сте скачали !
ALE,2;03.12,STE,ne znam .,2,Не знам .,Не знам .,Не знам .
ALE,2;03.12,VEL,"ostavi nozhicata samo za minutka, posle pak shte rezhesh !",9,"Остави ножицата само за минутка, после пак ще режеш !","Остави ножицата само за минутка , после пак ще режеш !","Остави ножицата само за минутка , после пак ще режеш !"
ALE,2;03.12,VEL,"a, vytre e prazna !",4,"А, вътре е празна !","А , вътре е празна !","А , вътре е празна !"
ALE,2;03.12,VEL,ne davash li mama da te obleche ?,7,Не даваш ли мама да те облече ?,Не даваш ли мама да те облече ?,Не даваш ли мама да те облече ?
ALE,2;03.12,VEL,mnogo xubav stol !,3,Много xубав стол !,Много xубав стол !,Много xубав стол !
ALE,2;03.12,STE,Sega na televizora kakvo davat ?,5,Сега на телевизора какво дават ?,Сега на телевизора какво дават ?,Сега на телевизора какво дават ?
ALE,2;03.12,VEL,zashto ti e Lambadata ?,4,Защо ти е ламбадата ?,Защо ти е ламбадата ?,Защо ти е ламбадата ?
ALE,2;03.12,VEL,tyj li ?,2,Тъй ли ?,Тъй ли ?,Тъй ли ?
ALE,2;03.12,STE,a tova kakvo e ?,4,А това какво е ?,А това какво е ?,А това какво е ?
ALE,2;03.12,VEL,"kakvo, be mamo ?",3,"Какво, бе мамо ?","Какво , бе мамо ?","Какво , бе мамо ?"
ALE,2;03.12,VEL,vyv vodichkata .,2,Във водичката .,Във водичката .,Във водичката .
ALE,2;03.12,VEL,majka si li tyrsjat ?,4,Майка си ли търсят ?,Майка си ли търсят ?,Майка си ли търсят ?
ALE,2;03.12,VEL,"e, kak shte iskash botushi !",5,"Е, как ще искаш ботуши !","Е , как ще искаш ботуши !","Е , как ще искаш ботуши !"
ALE,2;03.12,VEL,Sega shte ja namerim kyde ja slozhila baba da zhivee .,10,Сега ще я намерим къде я сложила баба да живее .,Сега ще я намерим къде я сложила баба да живее .,Сега ще я намерим къде я сложила баба да живее .
ALE,2;03.12,STE,da .,1,Да .,Да .,Да .
ALE,2;03.12,STE,da .,1,Да .,Да .,Да .
ALE,2;03.12,VEL,"kazhi mu, che njama strashno .",5,"Кажи му, че няма страшно .","Кажи му , че няма страшно .","Кажи му , че няма страшно ."
ALE,2;03.12,VEL,stavaj da jadesh !,3,Ставай да ядеш !,Ставай да ядеш !,Ставай да ядеш !
ALE,2;03.12,STE,ama mechenceto tuj !,3,Ама меченцето туй !,Ама меченцето туй !,Ама меченцето туй !
ALE,2;03.12,VEL,mersi !,1,Мерси !,Мерси !,Мерси !
ALE,2;03.12,VEL,"nali napravixme, mamo !",3,"Нали направиxме, мамо !","Нали направиxме , мамо !","Нали направиxме , мамо !"
ALE,2;03.12,STE,zashto ?,1,Защо ?,Защо ?,Защо ?
ALE,2;04.09,STE,a tova ?,2,А това ?,А това ?,А това ?
ALE,2;04.09,VEL,zapovjadaj !,1,Заповядай !,Заповядай !,Заповядай !
ALE,2;04.09,STE,Tova ?,1,Това ?,Това ?,Това ?
ALE,2;04.09,VEL,vizh kyde si e xvyrlilo mlekceto na zemjata !,8,Виж къде си е xвърлило млекцето на земята !,Виж къде си е xвърлило млекцето на земята !,Виж къде си е xвърлило млекцето на земята !
ALE,2;04.09,VEL,da ne me oskubesh !,4,Да не ме оскубеш !,Да не ме оскубеш !,Да не ме оскубеш !
ALE,2;04.09,VEL,kakvo ?,1,Какво ?,Какво ?,Какво ?
ALE,2;04.09,STE,eto ja tortata .,3,Ето я тортата .,Ето я тортата .,Ето я тортата .
ALE,2;04.09,STE,Tova kakvo e ?,3,Това какво е ?,Това какво е ?,Това какво е ?
ALE,2;04.09,STE,Tova kakvo e ?,3,Това какво е ?,Това какво е ?,Това какво е ?
ALE,2;04.09,STE,Tova ?,1,Това ?,Това ?,Това ?
ALE,2;04.09,STE,da .,1,Да .,Да .,Да .
ALE,2;04.09,VEL,da .,1,Да .,Да .,Да .
ALE,2;04.09,STE,Tova e iglika .,3,Това е иглика .,Това е иглика .,Това е иглика .
ALE,2;04.09,VEL,sled malko pak !,3,След малко пак !,След малко пак !,След малко пак !
ALE,2;04.09,STE,Tova ?,1,Това ?,Това ?,Това ?
ALE,2;04.09,VEL,ne mozhesh li da otvorish ?,5,Не можеш ли да отвориш ?,Не можеш ли да отвориш ?,Не можеш ли да отвориш ?
ALE,2;04.09,VEL,da .,1,Да .,Да .,Да .
ALE,2;04.09,VEL,Tova ?,1,Това ?,Това ?,Това ?
ALE,2;04.09,STE,Tova ?,1,Това ?,Това ?,Това ?
ALE,2;04.09,VEL,taka li ?,2,Така ли ?,Така ли ?,Така ли ?
ALE,2;04.09,VEL,"njama, mamo .",2,"Няма, мамо .","Няма , мамо .","Няма , мамо ."
ALE,2;04.09,STE,Tova sa gyski .,3,Това са гъски .,Това са гъски .,Това са гъски .
ALE,2;04.09,STE,narcis .,1,Нарцис .,Нарцис .,Нарцис .
ALE,2;04.09,STE,zjumbjul .,1,Зйумбйул .,Зйумбйул .,Зйумбйул .
ALE,2;04.09,STE,bravo !,1,Браво !,Браво !,Браво !
ALE,2;04.09,STE,"ogledalo, tova e prozorec .",4,"Огледало, това е прозорец .","Огледало , това е прозорец .","Огледало , това е прозорец ."
ALE,2;04.09,STE,ne e .,2,Не е .,Не е .,Не е .
ALE,2;04.09,STE,"da, obache kakvi cvetja ?",4,"Да, обаче какви цветя ?","Да , обаче какви цветя ?","Да , обаче какви цветя ?"
BOG,2;01.09,IRE,"+, pishala si na gashtite !",4,"+, пишала си на гащите !",", пишала си на гащите !",", пишала си на гащите !"
BOG,2;01.09,IRE,ajde za kalinka !,3,Айде за калинка !,Айде за калинка !,Айде за калинка !
BOG,2;01.09,IRE,a tova sa vyrzalkite .,4,А това са вързалките .,А това са вързалките .,А това са вързалките .
BOG,2;01.09,IRE,dobre .,1,Добре .,Добре .,Добре .
BOG,2;01.09,IRE,a mila shi pisha li mila ?,6,А мила ши пиша ли мила ?,А мила ши пиша ли мила ?,А мила ши пиша ли мила ?
BOG,2;01.09,IRE,kyde e mishutka ?,3,Къде е мишутка ?,Къде е мишутка ?,Къде е мишутка ?
BOG,2;01.09,IRE,"xajde vtorija kuplet +""/.",4,"Xайде втория куплет +""/.","Xайде втория куплет "" .","Xайде втория куплет "" ."
BOG,2;01.09,IRE,gyrmi li nebeto ?,3,Гърми ли небето ?,Гърми ли небето ?,Гърми ли небето ?
BOG,2;01.09,IRE,"igraesh li si, mamo ?",4,"Играеш ли си, мамо ?","Играеш ли си , мамо ?","Играеш ли си , мамо ?"
BOG,2;01.09,IRE,radioto sy umorilo .,3,Радиото съ уморило .,Радиото съ уморило .,Радиото съ уморило .
BOG,2;01.09,IRE,izlizaj ottuka !,2,Излизай оттука !,Излизай оттука !,Излизай оттука !
BOG,2;01.09,IRE,kazhi mu chao !,3,Кажи му чао !,Кажи му чао !,Кажи му чао !
BOG,2;01.09,IRE,"xajde +""/.",2,"Xайде +""/.","Xайде "" .","Xайде "" ."
BOG,2;01.09,IRE,da dojde tuka maminka sijka ?,5,Да дойде тука маминка сийка ?,Да дойде тука маминка сийка ?,Да дойде тука маминка сийка ?
BOG,2;01.09,IRE,mama sega she go pribere tova .,6,Мама сега ше го прибере това .,Мама сега ше го прибере това .,Мама сега ше го прибере това .
BOG,2;01.09,IRE,kakvo pravi nebeto ?,3,Какво прави небето ?,Какво прави небето ?,Какво прави небето ?
BOG,2;01.09,IRE,kazhi mu leka nosht !,4,Кажи му лека нощ !,Кажи му лека нощ !,Кажи му лека нощ !
BOG,2;01.12,IRE,kuma lisa ?,2,Кума лиса ?,Кума лиса ?,Кума лиса ?
BOG,2;01.12,IRE,kakvo ?,1,Какво ?,Какво ?,Какво ?
BOG,2;01.12,IRE,"+, a tova kakvo beshe ?",4,"+, а това какво беше ?",", а това какво беше ?",", а това какво беше ?"
BOG,2;01.12,IRE,shapka .,1,Шапка .,Шапка .,Шапка .
BOG,2;01.12,IRE,Mila tuka ne mozhe !,4,Мила тука не може !,Мила тука не може !,Мила тука не може !
BOG,2;01.12,IRE,ja gi prebroj kolko sa ?,5,Я ги преброй колко са ?,Я ги преброй колко са ?,Я ги преброй колко са ?
BOG,2;01.12,IRE,koj e ?,2,Кой е ?,Кой е ?,Кой е ?
BOG,2;01.12,IRE,kyde shte otivash s chanta ?,5,Къде ще отиваш с чанта ?,Къде ще отиваш с чанта ?,Къде ще отиваш с чанта ?
BOG,2;01.12,IRE,gybki .,1,Гъбки .,Гъбки .,Гъбки .
BOG,2;01.12,IRE,mama kotka .,2,Мама котка .,Мама котка .,Мама котка .
BOG,2;01.12,IRE,tozi koj e ?,3,Този кой е ?,Този кой е ?,Този кой е ?
BOG,2;01.12,IRE,kylvacha .,1,Кълвача .,Кълвача .,Кълвача .
BOG,2;01.12,IRE,a lebeda e tuka ?,4,А лебеда е тука ?,А лебеда е тука ?,А лебеда е тука ?
BOG,2;01.12,IRE,chantichka li iskash ?,3,Чантичка ли искаш ?,Чантичка ли искаш ?,Чантичка ли искаш ?
BOG,2;01.12,IRE,a ?,1,А ?,А ?,А ?
BOG,2;01.12,IRE,"Ela sedni, ela sedni u mama !",6,"Ела седни, ела седни у мама !","Ела седни , ела седни у мама !","Ела седни , ела седни у мама !"
BOG,2;01.12,IRE,napravilo bela i se umorilo i legnalo da nanka .,9,Направило бела и се уморило и легнало да нанка .,Направило бела и се уморило и легнало да нанка .,Направило бела и се уморило и легнало да нанка .
BOG,2;01.12,IRE,Tam konche .,2,Там конче .,Там конче .,Там конче .
BOG,2;01.12,IRE,"syrnichka, da mamo .",3,"Сърничка, да мамо .","Сърничка , да мамо .","Сърничка , да мамо ."
BOG,2;01.12,IRE,topka !,1,Топка !,Топка !,Топка !
BOG,2;01.12,IRE,eto tuka !,2,Ето тука !,Ето тука !,Ето тука !
BOG,2;01.12,IRE,ja izpej za pchelichkata !,4,Я изпей за пчеличката !,Я изпей за пчеличката !,Я изпей за пчеличката !
BOG,2;01.12,IRE,++ kakvo da si pokazhe ?,4,++ какво да си покаже ?,какво да си покаже ?,какво да си покаже ?
BOG,2;01.12,IRE,ja ela da mi razkazhesh !,5,Я ела да ми разкажеш !,Я ела да ми разкажеш !,Я ела да ми разкажеш !
BOG,2;01.12,IRE,kak lapa ?,2,Как лапа ?,Как лапа ?,Как лапа ?
BOG,2;01.12,IRE,petljo ?,1,Петльо ?,Петльо ?,Петльо ?
BOG,2;01.12,IRE,shte se skysa knizhkata !,4,Ще се скъса книжката !,Ще се скъса книжката !,Ще се скъса книжката !
BOG,2;01.12,IRE,zhiraf .,1,Жираф .,Жираф .,Жираф .
BOG,2;01.13,IRE,"pinokio, da .",2,"Пинокио, да .","Пинокио , да .","Пинокио , да ."
BOG,2;01.13,IRE,spored men lelja svetla !,4,Според мен леля светла !,Според мен леля светла !,Според мен леля светла !
BOG,2;01.13,IRE,ajde pej de !,3,Айде пей де !,Айде пей де !,Айде пей де !
BOG,2;01.13,IRE,Ela !,1,Ела !,Ела !,Ела !
BOG,2;01.13,IRE,daj go da go priberem tuka !,6,Дай го да го приберем тука !,Дай го да го приберем тука !,Дай го да го приберем тука !
BOG,2;01.13,IRE,tochno taka !,2,Точно така !,Точно така !,Точно така !
BOG,2;01.13,IRE,vdigni si koljanoto ot zemjata !,5,Вдигни си коляното от земята !,Вдигни си коляното от земята !,Вдигни си коляното от земята !
BOG,2;01.13,IRE,xajde stiga tolkova !,3,Xайде стига толкова !,Xайде стига толкова !,Xайде стига толкова !
BOG,2;01.13,IRE,da .,1,Да .,Да .,Да .
BOG,2;01.13,IRE,rak .,1,Рак .,Рак .,Рак .
BOG,2;01.13,IRE,"ne, njama da go lapash !",5,"Не, няма да го лапаш !","Не , няма да го лапаш !","Не , няма да го лапаш !"
BOG,2;01.13,IRE,"ne, mamo, nosorog .",3,"Не, мамо, носорог .","Не , мамо , носорог .","Не , мамо , носорог ."
BOG,2;01.13,IRE,elen !,1,Елен !,Елен !,Елен !
BOG,2;01.13,IRE,ja-a !,1,Я-а !,Я-а !,Я-а !
BOG,2;01.13,IRE,kakvo ?,1,Какво ?,Какво ?,Какво ?
BOG,2;01.13,IRE,xajde da ja peem zaedno !,5,Xайде да я пеем заедно !,Xайде да я пеем заедно !,Xайде да я пеем заедно !
BOG,2;01.13,IRE,chakaj !,1,Чакай !,Чакай !,Чакай !
BOG,2;01.13,IRE,oshte edin buxal .,3,Още един буxал .,Още един буxал .,Още един буxал .
BOG,2;01.13,IRE,I shvarc j slozhi !,4,И шварц й сложи !,И шварц й сложи !,И шварц й сложи !
BOG,2;01.13,IRE,Ima li zmija ?,3,Има ли змия ?,Има ли змия ?,Има ли змия ?
BOG,2;01.13,IRE,na piano li ti prilicha jabylkata ?,6,На пиано ли ти прилича ябълката ?,На пиано ли ти прилича ябълката ?,На пиано ли ти прилича ябълката ?
BOG,2;01.13,IRE,tazi e na mama .,4,Тази е на мама .,Тази е на мама .,Тази е на мама .
BOG,2;01.13,IRE,davaj zhyltoto meche sega tuka !,5,Давай жълтото мече сега тука !,Давай жълтото мече сега тука !,Давай жълтото мече сега тука !
BOG,2;01.13,IRE,"a-u, ami sega !",3,"А-у, ами сега !","А-у , ами сега !","А-у , ами сега !"
BOG,2;01.13,IRE,ja da ni izpeesh edna pesnichka sega !,7,Я да ни изпееш една песничка сега !,Я да ни изпееш една песничка сега !,Я да ни изпееш една песничка сега !
BOG,2;02.27,IRE,kakvo ne davash ?,3,Какво не даваш ?,Какво не даваш ?,Какво не даваш ?
BOG,2;02.27,IRE,"ajde, che maminka otiva pri djado gore !",7,"Айде, че маминка отива при дядо горе !","Айде , че маминка отива при дядо горе !","Айде , че маминка отива при дядо горе !"
BOG,2;02.27,IRE,Tova kakvo e ?,3,Това какво е ?,Това какво е ?,Това какво е ?
BOG,2;02.27,SIA,kakvo ?,1,Какво ?,Какво ?,Какво ?
BOG,2;02.27,IRE,"da, vyzheta .",2,"Да, въжета .","Да , въжета .","Да , въжета ."
BOG,2;02.27,IRE,dobre .,1,Добре .,Добре .,Добре .
BOG,2;02.27,IRE,da ti donesa li slushalkata ?,5,Да ти донеса ли слушалката ?,Да ти донеса ли слушалката ?,Да ти донеса ли слушалката ?
BOG,2;02.27,IRE,edno kakvo ?,2,Едно какво ?,Едно какво ?,Едно какво ?
BOG,2;02.27,IRE,a tova kakvo beshe ?,4,А това какво беше ?,А това какво беше ?,А това какво беше ?
BOG,2;02.27,IRE,xajde da risuvame !,3,Xайде да рисуваме !,Xайде да рисуваме !,Xайде да рисуваме !
BOG,2;02.27,IRE,iskash li tam na vyzglavnicata da otidem da risuvame ?,9,Искаш ли там на възглавницата да отидем да рисуваме ?,Искаш ли там на възглавницата да отидем да рисуваме ?,Искаш ли там на възглавницата да отидем да рисуваме ?
BOG,2;02.27,IRE,za ljastovichkata sled malko shte ima .,6,За лястовичката след малко ще има .,За лястовичката след малко ще има .,За лястовичката след малко ще има .
BOG,2;02.27,IRE,"taka konchetata pravjat, a magaretata ?",5,"Така кончетата правят, а магаретата ?","Така кончетата правят , а магаретата ?","Така кончетата правят , а магаретата ?"
BOG,2;02.27,IRE,na kasetofona ?,2,На касетофона ?,На касетофона ?,На касетофона ?
BOG,2;03.00,IRE,kak she [: shte] e kalinka be !,5,Как ше [: ще] е калинка бе !,Как ше е калинка бе !,Как ще е калинка бе !
BOG,2;03.00,IRE,zaeto li e tuka ?,4,Заето ли е тука ?,Заето ли е тука ?,Заето ли е тука ?
BOG,2;03.00,IRE,kyde go vzima ?,3,Къде го взима ?,Къде го взима ?,Къде го взима ?
BOG,2;03.00,IRE,eto ti teftera !,3,Ето ти тефтера !,Ето ти тефтера !,Ето ти тефтера !
BOG,2;03.00,IRE,vizh ima pandelka .,3,Виж има панделка .,Виж има панделка .,Виж има панделка .
BOG,2;03.00,IRE,a miki maus kyde e ?,5,А мики маус къде е ?,А мики маус къде е ?,А мики маус къде е ?
BOG,2;03.00,IRE,tuka ima pypki zhabata .,4,Тука има пъпки жабата .,Тука има пъпки жабата .,Тука има пъпки жабата .
BOG,2;03.00,IRE,zhabok ?,1,Жабок ?,Жабок ?,Жабок ?
BOG,2;03.00,IRE,kyde e lelja svetla ?,4,Къде е леля светла ?,Къде е леля светла ?,Къде е леля светла ?
BOG,2;03.01,IRE,ti ja preslushaj sega !,4,Ти я преслушай сега !,Ти я преслушай сега !,Ти я преслушай сега !
BOG,2;03.01,IRE,kakvo im davash be ?,4,Какво им даваш бе ?,Какво им даваш бе ?,Какво им даваш бе ?
BOG,2;03.01,IRE,I oshte kyde ?,3,И още къде ?,И още къде ?,И още къде ?
BOG,2;03.01,IRE,"az ja preslushax, nishto j njama !",6,"Аз я преслушаx, нищо й няма !","Аз я преслушаx , нищо й няма !","Аз я преслушаx , нищо й няма !"
BOG,2;03.01,IRE,I oshte kyde ?,3,И още къде ?,И още къде ?,И още къде ?
BOG,2;03.01,IRE,koe ?,1,Кое ?,Кое ?,Кое ?
BOG,2;03.01,IRE,po koremcheto .,2,По коремчето .,По коремчето .,По коремчето .
BOG,2;03.01,IRE,Tova kak se kazvashe +//.,5,Това как се казваше +//.,Това как се казваше .,Това как се казваше .
BOG,2;03.06,IRE,kakvo ?,1,Какво ?,Какво ?,Какво ?
BOG,2;03.06,IRE,prysten se kazva .,3,Пръстен се казва .,Пръстен се казва .,Пръстен се казва .
BOG,2;03.06,IRE,oshte malko ostana .,3,Още малко остана .,Още малко остана .,Още малко остана .
BOG,2;03.06,IRE,taka ne mozhesh !,3,Така не можеш !,Така не можеш !,Така не можеш !
BOG,2;03.06,IRE,ja tuka da vidim ranichkite deto sa .,7,Я тука да видим раничките дето са .,Я тука да видим раничките дето са .,Я тука да видим раничките дето са .
BOG,2;03.06,IRE,"shte go donesa samo da ni e toplichko, kato gledame televizija .",11,"Ще го донеса само да ни е топличко, като гледаме телевизия .","Ще го донеса само да ни е топличко , като гледаме телевизия .","Ще го донеса само да ни е топличко , като гледаме телевизия ."
BOG,2;03.06,IRE,Sega shte mu izpravim antenkata .,5,Сега ще му изправим антенката .,Сега ще му изправим антенката .,Сега ще му изправим антенката .
BOG,2;03.12,IRE,njama go !,2,Няма го !,Няма го !,Няма го !
BOG,2;03.12,IRE,kazhi +/.,2,Кажи +/.,Кажи .,Кажи .
BOG,2;03.12,IRE,da ne gi li pribiram vytre ?,6,Да не ги ли прибирам вътре ?,Да не ги ли прибирам вътре ?,Да не ги ли прибирам вътре ?
BOG,2;03.12,IRE,kyde go slozhi ?,3,Къде го сложи ?,Къде го сложи ?,Къде го сложи ?
BOG,2;03.12,IRE,na kogo mu se spi be !,6,На кого му се спи бе !,На кого му се спи бе !,На кого му се спи бе !
BOG,2;03.12,IRE,zagubi li go ?,3,Загуби ли го ?,Загуби ли го ?,Загуби ли го ?
BOG,2;03.12,IRE,koj e na rabota ?,4,Кой е на работа ?,Кой е на работа ?,Кой е на работа ?
BOG,2;03.12,IRE,az shte ti oblicham neshto drugo !,6,Аз ще ти обличам нещо друго !,Аз ще ти обличам нещо друго !,Аз ще ти обличам нещо друго !
BOG,2;04.05,IRE,Tova sa bukvichki .,3,Това са буквички .,Това са буквички .,Това са буквички .
BOG,2;04.05,IRE,a tova pomnish li kakvo beshe ?,6,А това помниш ли какво беше ?,А това помниш ли какво беше ?,А това помниш ли какво беше ?
BOG,2;04.05,IRE,da jadesh ?,2,Да ядеш ?,Да ядеш ?,Да ядеш ?
BOG,2;04.05,IRE,"ne e schupeno, mamo, zagubeno e njakyde i ne moga da go namerja kyde e slozheno .",16,"Не е счупено, мамо, загубено е някъде и не мога да го намеря къде е сложено .","Не е счупено , мамо , загубено е някъде и не мога да го намеря къде е сложено .","Не е счупено , мамо , загубено е някъде и не мога да го намеря къде е сложено ."
BOG,2;04.05,IRE,kakvo ?,1,Какво ?,Какво ?,Какво ?
BOG,2;04.05,IRE,iskash li da razglezhdame na lelja velka knizhkata ?,8,Искаш ли да разглеждаме на леля велка книжката ?,Искаш ли да разглеждаме на леля велка книжката ?,Искаш ли да разглеждаме на леля велка книжката ?
BOG,2;04.05,IRE,I oshte ?,2,И още ?,И още ?,И още ?
BOG,2;04.05,IRE,ne davam !,2,Не давам !,Не давам !,Не давам !
BOG,2;04.05,IRE,xajde cheti ti veche beshe pochnala da chetesh !,8,Xайде чети ти вече беше почнала да четеш !,Xайде чети ти вече беше почнала да четеш !,Xайде чети ти вече беше почнала да четеш !
BOG,2;04.05,IRE,"kakvo e tova, be mamo ?",5,"Какво е това, бе мамо ?","Какво е това , бе мамо ?","Какво е това , бе мамо ?"
BOG,2;04.05,IRE,iskash oshte edna kaka li ?,5,Искаш още една кака ли ?,Искаш още една кака ли ?,Искаш още една кака ли ?
BOG,2;04.05,IRE,Sega e tymno .,3,Сега е тъмно .,Сега е тъмно .,Сега е тъмно .
BOG,2;04.05,IRE,na knizhkata ne se risuva !,5,На книжката не се рисува !,На книжката не се рисува !,На книжката не се рисува !
BOG,2;04.05,IRE,"Ami, njama .",2,"Ами, няма .","Ами , няма .","Ами , няма ."
BOG,2;04.05,IRE,"s misho, razbira se, na mama na rabotata na dyskata .",10,"С мишо, разбира се, на мама на работата на дъската .","С мишо , разбира се , на мама на работата на дъската .","С мишо , разбира се , на мама на работата на дъската ."
BOG,2;04.05,IRE,na kaka aleksandra knizhkata .,4,На кака александра книжката .,На кака александра книжката .,На кака александра книжката .
BOG,2;04.05,IRE,"Tam njamashe nikoj, be mamo ?",5,"Там нямаше никой, бе мамо ?","Там нямаше никой , бе мамо ?","Там нямаше никой , бе мамо ?"
BOG,2;04.05,IRE,s kakvo pishat decata ?,4,С какво пишат децата ?,С какво пишат децата ?,С какво пишат децата ?
BOG,2;04.11,IRE,"zashto go boli mecho kracheto, be mamo ?",7,"Защо го боли мечо крачето, бе мамо ?","Защо го боли мечо крачето , бе мамо ?","Защо го боли мечо крачето , бе мамо ?"
BOG,2;04.11,IRE,"ne, mamo, ne mozhax da ja namerja .",7,"Не, мамо, не можаx да я намеря .","Не , мамо , не можаx да я намеря .","Не , мамо , не можаx да я намеря ."
BOG,2;04.11,IRE,"Lisa ne e izgorjala, mamo .",5,"Лиса не е изгоряла, мамо .","Лиса не е изгоряла , мамо .","Лиса не е изгоряла , мамо ."
BOG,2;04.11,IRE,te shte si napravjat more .,5,Те ще си направят море .,Те ще си направят море .,Те ще си направят море .
BOG,2;04.11,IRE,ti predi malko sama mi razkaza za ezero v gorata .,10,Ти преди малко сама ми разказа за езеро в гората .,Ти преди малко сама ми разказа за езеро в гората .,Ти преди малко сама ми разказа за езеро в гората .
BOG,2;04.11,IRE,zashto ?,1,Защо ?,Защо ?,Защо ?
BOG,2;04.11,IRE,xajde !,1,Xайде !,Xайде !,Xайде !
BOG,2;04.11,IRE,"slozhila kakvo, mamo, na glavichkata ?",5,"Сложила какво, мамо, на главичката ?","Сложила какво , мамо , на главичката ?","Сложила какво , мамо , на главичката ?"
ELI,1;01.07,DAN,gux@o [: grux] .,1,Гуx@о [: груx] .,Гуx .,Груx .
ELI,1;01.07,MAM,pate .,1,Пате .,Пате .,Пате .
ELI,1;01.13,MAG,ta [: tja] ima .,2,Та [: тя] има .,Та има .,Тя има .
ELI,1;01.13,MAG,ta [: tazi] topka .,2,Та [: тази] топка .,Та топка .,Тази топка .
ELI,1;01.13,MAM,tja mnogo prikazva na uy .,5,Тя много приказва на уъ .,Тя много приказва на уъ .,Тя много приказва на уъ .
ELI,1;01.13,MAG,Ima cacata [: chantata] .,2,Има цацата [: чантата] .,Има цацата .,Има чантата .
ELI,1;01.13,EXP,"a, obichash li da gledash knizhki ?",6,"А, обичаш ли да гледаш книжки ?","А , обичаш ли да гледаш книжки ?","А , обичаш ли да гледаш книжки ?"
ELI,1;01.13,MAG,ibi [: ribi] .,1,Иби [: риби] .,Иби .,Риби .
ELI,1;01.13,MAG,Ima cacata [: v chantata] .,3,Има цацата [: в чантата] .,Има цацата .,Има чантата .
ELI,1;01.13,EXP,da .,1,Да .,Да .,Да .
ELI,1;01.13,MAG,Ima [: imam] popol [: sopol] .,2,Има [: имам] попол [: сопол] .,Има попол .,Имам сопол .
ELI,1;01.13,MAG,"eto, eto i uo [: go] .",4,"Ето, ето и уо [: го] .","Ето , ето и уо .","Ето , ето и го ."
ELI,1;01.13,MAM,"+"" ti si krasiva .",3,"+"" ти си красива .",""" ти си красива .",""" ти си красива ."
ELI,1;01.13,EXP,"to e za tebe tova bobche, milichka .",7,"То е за тебе това бобче, миличка .","То е за тебе това бобче , миличка .","То е за тебе това бобче , миличка ."
ELI,1;01.13,MAG,iskam etka [: soletka] .,2,Искам етка [: солетка] .,Искам етка .,Искам солетка .
ELI,1;01.13,EXP,"a, xa .",2,"А, xа .","А , xа .","А , xа ."
ELI,1;01.13,EXP,"eto tova sviri, vizh .",4,"Ето това свири, виж .","Ето това свири , виж .","Ето това свири , виж ."
ELI,1;01.13,MAG,Ima cacata [: chantata] .,2,Има цацата [: чантата] .,Има цацата .,Има чантата .
ELI,1;01.13,MAM,etka [: soletka] .,1,Етка [: солетка] .,Етка .,Солетка .
ELI,1;01.13,EXP,kakvo ima tam ?,3,Какво има там ?,Какво има там ?,Какво има там ?
ELI,1;01.13,MAM,ban .,1,Бан .,Бан .,Бан .
ELI,1;01.13,EXP,"vizh, vizh .",2,"Виж, виж .","Виж , виж .","Виж , виж ."
ELI,1;01.13,EXP,"na chantata, zhiletka .",3,"На чантата, жилетка .","На чантата , жилетка .","На чантата , жилетка ."
ELI,1;01.19,BAB,"njama gi babo, pribrali sa se .",6,"Няма ги бабо, прибрали са се .","Няма ги бабо , прибрали са се .","Няма ги бабо , прибрали са се ."
ELI,1;01.29,MAM,toj si igrae s tjax .,5,Той си играе с тяx .,Той си играе с тяx .,Той си играе с тяx .
ELI,1;01.29,EXP,"podaj topkata, mamo .",3,"Подай топката, мамо .","Подай топката , мамо .","Подай топката , мамо ."
ELI,1;01.29,DAN,koli .,1,Коли .,Коли .,Коли .
ELI,1;01.29,DAN,am-am .,1,Ам-ам .,Ам-ам .,Ам-ам .
ELI,1;01.29,MAM,vnimatelno .,1,Внимателно .,Внимателно .,Внимателно .
ELI,1;01.29,MAM,Sega ne se igrae .,4,Сега не се играе .,Сега не се играе .,Сега не се играе .
ELI,1;01.29,EXP,taka li pravi ?,3,Така ли прави ?,Така ли прави ?,Така ли прави ?
ELI,1;01.29,MAM,"ottatyk, xajde .",2,"Оттатък, xайде .","Оттатък , xайде .","Оттатък , xайде ."
ELI,1;01.29,EXP,samolet li e ?,3,Самолет ли е ?,Самолет ли е ?,Самолет ли е ?
ELI,1;01.29,DAN,kola .,1,Кола .,Кола .,Кола .
ELI,1;01.29,EXP,Tova ?,1,Това ?,Това ?,Това ?
ELI,1;01.29,MAM,"ti i podade, ama tja v taz rychichka dyrzhi filijkata .",10,"Ти и подаде, ама тя в таз ръчичка държи филийката .","Ти и подаде , ама тя в таз ръчичка държи филийката .","Ти и подаде , ама тя в таз ръчичка държи филийката ."
ELI,1;01.29,MAM,koja pesnichka peesh mamo ?,4,Коя песничка пееш мамо ?,Коя песничка пееш мамо ?,Коя песничка пееш мамо ?
ELI,1;01.29,DAN,bu-bu@o .,1,Бу-бу@о .,Бу-бу .,Бу-бу .
ELI,1;01.29,MAM,"pa-pa, da .",2,"Па-па, да .","Па-па , да .","Па-па , да ."
ELI,1;01.29,EXP,Sega podaj na dani .,4,Сега подай на дани .,Сега подай на дани .,Сега подай на дани .
ELI,1;01.29,MAM,"Mila moja mamo, knizhkata i taralezha i pej .",8,"Мила моя мамо, книжката и таралежа и пей .","Мила моя мамо , книжката и таралежа и пей .","Мила моя мамо , книжката и таралежа и пей ."
ELI,1;01.29,EXP,"na vsichko po-goljamo , traktor .",4,"На всичко по-голямо , трактор .","На всичко по-голямо , трактор .","На всичко по-голямо , трактор ."
ELI,1;01.29,EXP,o-pa !,1,О-па !,О-па !,О-па !
ELI,1;01.29,MAM,ptiche .,1,Птиче .,Птиче .,Птиче .
ELI,1;01.29,EXP,malko li shte e ?,4,Малко ли ще е ?,Малко ли ще е ?,Малко ли ще е ?
ELI,1;01.29,MAM,sin'a .,1,Син'а .,Син'а .,Синя .
ELI,1;01.29,DAN,kola .,1,Кола .,Кола .,Кола .
ELI,1;01.29,MAM,lyzhesh me .,2,Лъжеш ме .,Лъжеш ме .,Лъжеш ме .
ELI,1;01.29,MAM,blagodarja kazva .,2,Благодаря казва .,Благодаря казва .,Благодаря казва .
ELI,1;01.29,MAM,pishaj oshte .,2,Пишай още .,Пишай още .,Пишай още .
ELI,1;01.29,EXP,da .,1,Да .,Да .,Да .
ELI,1;01.29,EXP,"Eli, kakvo e tova ?",4,"Ели, какво е това ?","Ели , какво е това ?","Ели , какво е това ?"
ELI,1;01.29,MAM,tuj kakvo e ?,3,Туй какво е ?,Туй какво е ?,Туй какво е ?
ELI,1;01.29,EXP,"a, tja milata !",3,"А, тя милата !","А , тя милата !","А , тя милата !"
ELI,1;01.29,MAM,inache znaesh li kak gi drynka .,6,Иначе знаеш ли как ги дрънка .,Иначе знаеш ли как ги дрънка .,Иначе знаеш ли как ги дрънка .
ELI,1;01.29,MAM,kakvo iska ?,2,Какво иска ?,Какво иска ?,Какво иска ?
ELI,1;01.29,MAM,"koli, koli .",2,"Коли, коли .","Коли , коли .","Коли , коли ."
ELI,1;01.29,MAM,daj j da si igrae tja s neja .,8,Дай й да си играе тя с нея .,Дай й да си играе тя с нея .,Дай й да си играе тя с нея .
ELI,1;01.29,MAM,"ti kak se kazvash, mamo ?",5,"Ти как се казваш, мамо ?","Ти как се казваш , мамо ?","Ти как се казваш , мамо ?"
ELI,1;01.29,EXP,da .,1,Да .,Да .,Да .
ELI,1;01.29,EXP,da .,1,Да .,Да .,Да .
ELI,1;01.29,DAN,ne .,1,Не .,Не .,Не .
ELI,1;01.29,MAM,kakvo e tuj ?,3,Какво е туй ?,Какво е туй ?,Какво е туй ?
ELI,1;01.29,DAN,kuche .,1,Куче .,Куче .,Куче .
ELI,1;01.29,MAM,ajde pishaj .,2,Айде пишай .,Айде пишай .,Айде пишай .
ELI,1;01.29,EXP,da .,1,Да .,Да .,Да .
ELI,1;01.29,EXP,"+, ili kato slizat s bashta si kupuvat po dva ili po edin .",12,"+, или като слизат с баща си купуват по два или по един .",", или като слизат с баща си купуват по два или по един .",", или като слизат с баща си купуват по два или по един ."
ELI,1;02.08,EXP,vizh !,1,Виж !,Виж !,Виж !
ELI,1;02.08,EXP,pijna li si ?,3,Пийна ли си ?,Пийна ли си ?,Пийна ли си ?
ELI,1;02.08,EXP,ostavi tova tyrkalo i ela .,5,Остави това търкало и ела .,Остави това търкало и ела .,Остави това търкало и ела .
ELI,1;02.08,EXP,a-u !,1,А-у !,А-у !,А-у !
ELI,1;02.08,EXP,dyrvo .,1,Дърво .,Дърво .,Дърво .
ELI,1;02.08,EXP,Eli .,1,Ели .,Ели .,Ели .
ELI,1;02.08,EXP,eto ti kuklata .,3,Ето ти куклата .,Ето ти куклата .,Ето ти куклата .
ELI,1;02.08,EXP,ne go capaj .,3,Не го цапай .,Не го цапай .,Не го цапай .
ELI,1;02.08,EXP,neposlushke takava !,2,Непослушке такава !,Непослушке такава !,Непослушке такава !
ELI,1;02.08,EXP,am-am@o .,1,Ам-ам@о .,Ам-ам .,Ам-ам .
ELI,1;02.08,EXP,kyde e tvojta chasha ?,4,Къде е твойта чаша ?,Къде е твойта чаша ?,Къде е твойта чаша ?
ELI,1;02.08,EXP,Ela da pravim zapischeto .,4,Ела да правим записчето .,Ела да правим записчето .,Ела да правим записчето .
ELI,1;02.08,EXP,"kakvo ima momchenceto, mamo ?",4,"Какво има момченцето, мамо ?","Какво има момченцето , мамо ?","Какво има момченцето , мамо ?"
ELI,1;02.08,EXP,"kak tancuvash, ja pokazhi .",4,"Как танцуваш, я покажи .","Как танцуваш , я покажи .","Как танцуваш , я покажи ."
ELI,1;02.08,EXP,oj !,1,Ой !,Ой !,Ой !
ELI,1;02.08,EXP,Tova e topka .,3,Това е топка .,Това е топка .,Това е топка .
ELI,1;02.08,EXP,kuche .,1,Куче .,Куче .,Куче .
ELI,1;02.08,EXP,"ne, az njama da dojda .",5,"Не, аз няма да дойда .","Не , аз няма да дойда .","Не , аз няма да дойда ."
ELI,1;02.08,EXP,a-u !,1,А-у !,А-у !,А-у !
ELI,1;02.08,EXP,kakvo pravi kuklata ?,3,Какво прави куклата ?,Какво прави куклата ?,Какво прави куклата ?
ELI,1;02.08,EXP,"chakaj az shte sedna do teb, za da mozhem da razgovarjame .",11,"Чакай аз ще седна до теб, за да можем да разговаряме .","Чакай аз ще седна до теб , за да можем да разговаряме .","Чакай аз ще седна до теб , за да можем да разговаряме ."
ELI,1;02.08,EXP,chakaj da gi vzemem i da mi kazvash .,8,Чакай да ги вземем и да ми казваш .,Чакай да ги вземем и да ми казваш .,Чакай да ги вземем и да ми казваш .
ELI,1;02.08,EXP,ne taka !,2,Не така !,Не така !,Не така !
ELI,1;02.08,EXP,"Ela, mamo !",2,"Ела, мамо !","Ела , мамо !","Ела , мамо !"
ELI,1;02.08,EXP,slizaj shte padnesh .,3,Слизай ще паднеш .,Слизай ще паднеш .,Слизай ще паднеш .
ELI,1;02.08,EXP,uzhas !,1,Ужас !,Ужас !,Ужас !
ELI,1;02.08,EXP,o-pa !,1,О-па !,О-па !,О-па !
ELI,1;02.08,EXP,a-u !,1,А-у !,А-у !,А-у !
ELI,1;02.08,EXP,kyde sa tvoite ushi ?,4,Къде са твоите уши ?,Къде са твоите уши ?,Къде са твоите уши ?
ELI,1;02.08,EXP,Ela .,1,Ела .,Ела .,Ела .
ELI,1;02.08,EXP,ne mozhe da se slozhi .,5,Не може да се сложи .,Не може да се сложи .,Не може да се сложи .
ELI,1;02.08,EXP,"ne go vkljuchvaj, mamo !",4,"Не го вкльучвай, мамо !","Не го вкльучвай , мамо !","Не го вкльучвай , мамо !"
ELI,1;02.08,EXP,kakvo ?,1,Какво ?,Какво ?,Какво ?
ELI,1;02.08,EXP,vizh taralezha !,2,Виж таралежа !,Виж таралежа !,Виж таралежа !
ELI,1;02.08,EXP,kakvo pravish ?,2,Какво правиш ?,Какво правиш ?,Какво правиш ?
ELI,1;02.08,EXP,"konche, mamo .",2,"Конче, мамо .","Конче , мамо .","Конче , мамо ."
ELI,1;02.08,EXP,ne razbra li ?,3,Не разбра ли ?,Не разбра ли ?,Не разбра ли ?
ELI,1;02.08,EXP,vkusni jagodki i se papat .,5,Вкусни ягодки и се папат .,Вкусни ягодки и се папат .,Вкусни ягодки и се папат .
ELI,1;02.08,EXP,koj te nauchi taka ?,4,Кой те научи така ?,Кой те научи така ?,Кой те научи така ?
ELI,1;02.08,EXP,"I posle pak shte dojdesh tuka da mi razkazhesh xubavo li beshe na piknika, xaresa li ti, kakvo pravi tam, kyde xodi ?",22,"И после пак ще дойдеш тука да ми разкажеш xубаво ли беше на пикника, xареса ли ти, какво прави там, къде xоди ?","И после пак ще дойдеш тука да ми разкажеш xубаво ли беше на пикника , xареса ли ти , какво прави там , къде xоди ?","И после пак ще дойдеш тука да ми разкажеш xубаво ли беше на пикника , xареса ли ти , какво прави там , къде xоди ?"
ELI,1;02.08,EXP,igrajat na moreto .,3,Играят на морето .,Играят на морето .,Играят на морето .
ELI,1;02.08,EXP,"Tova kakvo e, mamo ?",4,"Това какво е, мамо ?","Това какво е , мамо ?","Това какво е , мамо ?"
ELI,1;02.08,EXP,"ostavi taja kukla, sega .",4,"Остави тая кукла, сега .","Остави тая кукла , сега .","Остави тая кукла , сега ."
ELI,1;02.08,EXP,"a, mamo ?",2,"А, мамо ?","А , мамо ?","А , мамо ?"
ELI,1;02.08,EXP,izkljuchi televizora !,2,Изкльучи телевизора !,Изкльучи телевизора !,Изкльучи телевизора !
ELI,1;02.08,EXP,kuchence .,1,Кученце .,Кученце .,Кученце .
ELI,1;02.08,EXP,"kak ne slushash, be krasavico !",5,"Как не слушаш, бе красавицо !","Как не слушаш , бе красавицо !","Как не слушаш , бе красавицо !"
ELI,1;02.08,EXP,"rado da papa, a ti iskash li da xapnesh ?",9,"Радо да папа, а ти искаш ли да xапнеш ?","Радо да папа , а ти искаш ли да xапнеш ?","Радо да папа , а ти искаш ли да xапнеш ?"
ELI,1;02.08,EXP,mnogo malko ni ostava ot zapisa .,6,Много малко ни остава от записа .,Много малко ни остава от записа .,Много малко ни остава от записа .
ELI,1;02.08,EXP,njama da xodim ottatyk .,4,Няма да xодим оттатък .,Няма да xодим оттатък .,Няма да xодим оттатък .
ELI,1;02.08,EXP,"ne sjadash, ne mozhe da sednesh .",6,"Не сядаш, не може да седнеш .","Не сядаш , не може да седнеш .","Не сядаш , не може да седнеш ."
ELI,1;02.08,EXP,ej tuka .,2,Ей тука .,Ей тука .,Ей тука .
ELI,1;02.08,EXP,"+, kato napravim zapischeto .",3,"+, като направим записчето .",", като направим записчето .",", като направим записчето ."
ELI,1;02.08,EXP,kazhi kakvo pravi koncheto ?,4,Кажи какво прави кончето ?,Кажи какво прави кончето ?,Кажи какво прави кончето ?
ELI,1;02.08,EXP,gydi-gydi@o .,1,Гъди-гъди@о .,Гъди-гъди .,Гъди-гъди .
ELI,1;02.08,EXP,"skok, skok .",2,"Скок, скок .","Скок , скок .","Скок , скок ."
ELI,1;02.08,EXP,zapovjadaj !,1,Заповядай !,Заповядай !,Заповядай !
ELI,1;02.08,EXP,"Ima syobshtenie ot kosmosa, izvynredno .",5,"Има сьобщение от космоса, извънредно .","Има сьобщение от космоса , извънредно .","Има сьобщение от космоса , извънредно ."
ELI,1;02.16,DED,lelja .,1,Леля .,Леля .,Леля .
ELI,1;02.16,BAB,"bravo, bravo na deteto .",4,"Браво, браво на детето .","Браво , браво на детето .","Браво , браво на детето ."
ELI,1;02.16,DED,"bydi, bydi .",2,"Бъди, бъди .","Бъди , бъди .","Бъди , бъди ."
ELI,1;02.16,DED,pej na dedi .,3,Пей на деди .,Пей на деди .,Пей на деди .
ELI,1;02.16,DED,kakvo ?,1,Какво ?,Какво ?,Какво ?
ELI,1;02.16,DED,leko !,1,Леко !,Леко !,Леко !
ELI,1;02.16,DED,"ajda, pljas, pljas rychichki .",4,"Айда, пляс, пляс ръчички .","Айда , пляс , пляс ръчички .","Айда , пляс , пляс ръчички ."
ELI,1;02.16,BAB,"ja, kachi dedi na konche .",5,"Я, качи деди на конче .","Я , качи деди на конче .","Я , качи деди на конче ."
ELI,1;02.16,DED,leko !,1,Леко !,Леко !,Леко !
ELI,1;02.16,DED,"dvajset i osmi li sme, dneska ?",6,"Двайсет и осми ли сме, днеска ?","Двайсет и осми ли сме , днеска ?","Двайсет и осми ли сме , днеска ?"
ELI,1;02.16,DED,kyde e bau-bau@o ?,3,Къде е бау-бау@о ?,Къде е бау-бау ?,Къде е бау-бау ?
ELI,1;02.16,DED,"ne, ne .",2,"Не, не .","Не , не .","Не , не ."
ELI,1;02.17,MAM,boc@o s rogcata .,3,Боц@о с рогцата .,Боц с рогцата .,Боц с рогцата .
ELI,1;02.17,MAM,xubavo xvani otdolu tova !,4,Xубаво xвани отдолу това !,Xубаво xвани отдолу това !,Xубаво xвани отдолу това !
ELI,1;02.17,EXP,eto go tvojto .,3,Ето го твойто .,Ето го твойто .,Ето го твойто .
ELI,1;02.17,DAN,"go, go [: topka] .",2,"Го, го [: топка] .","Го , го .","Топка , топка ."
ELI,1;02.17,EXP,"iskash li da sednesh, mamo ?",5,"Искаш ли да седнеш, мамо ?","Искаш ли да седнеш , мамо ?","Искаш ли да седнеш , мамо ?"
ELI,1;02.17,EXP,"vili iska li chajche, mamo ?",5,"Вили иска ли чайче, мамо ?","Вили иска ли чайче , мамо ?","Вили иска ли чайче , мамо ?"
ELI,1;02.17,EXP,"znachi, kogato tja si igrae s neshto, ti njama da i go vzemash .",13,"Значи, когато тя си играе с нещо, ти няма да и го вземаш .","Значи , когато тя си играе с нещо , ти няма да и го вземаш .","Значи , когато тя си играе с нещо , ти няма да и го вземаш ."
ELI,1;02.17,DAN,a-u !,1,А-у !,А-у !,А-у !
ELI,1;02.17,EXP,az sym ti kazvala za bliznacite ?,6,Аз съм ти казвала за близнаците ?,Аз съм ти казвала за близнаците ?,Аз съм ти казвала за близнаците ?
ELI,1;02.17,EXP,a tova ?,2,А това ?,А това ?,А това ?
ELI,1;02.17,DAN,o-o-o !,1,О-о-о !,О-о-о !,О-о-о !
ELI,1;02.17,MAM,shte te nabija .,3,Ще те набия .,Ще те набия .,Ще те набия .
ELI,1;02.17,EXP,"xajde davaj dani, dij !",4,"Xайде давай дани, дий !","Xайде давай дани , дий !","Xайде давай дани , дий !"
ELI,1;02.17,EXP,"xajde, njama kon .",3,"Xайде, няма кон .","Xайде , няма кон .","Xайде , няма кон ."
ELI,1;02.17,EXP,prasence .,1,Прасенце .,Прасенце .,Прасенце .
ELI,1;02.17,MAM,"chakaj, chakaj po edin .",4,"Чакай, чакай по един .","Чакай , чакай по един .","Чакай , чакай по един ."
ELI,1;02.17,EXP,Ela da svirish mamo .,4,Ела да свириш мамо .,Ела да свириш мамо .,Ела да свириш мамо .
ELI,1;02.17,EXP,Ela !,1,Ела !,Ела !,Ела !
ELI,1;02.17,EXP,"da, che trjabva da stojat prosto tam, zatova .",8,"Да, че трябва да стоят просто там, затова .","Да , че трябва да стоят просто там , затова .","Да , че трябва да стоят просто там , затова ."
ELI,1;02.17,EXP,chakaj !,1,Чакай !,Чакай !,Чакай !
ELI,1;02.17,MAM,kato ne se razbirate dvamata da se vozite .,8,Като не се разбирате двамата да се возите .,Като не се разбирате двамата да се возите .,Като не се разбирате двамата да се возите .
ELI,1;02.17,EXP,xajde .,1,Xайде .,Xайде .,Xайде .
ELI,1;02.17,MAM,xajde da si xodim .,4,Xайде да си xодим .,Xайде да си xодим .,Xайде да си xодим .
ELI,1;02.17,EXP,xajde tancuvajte .,2,Xайде танцувайте .,Xайде танцувайте .,Xайде танцувайте .
ELI,1;02.17,EXP,o-p !,1,О-п !,О-п !,О-п !
ELI,1;02.17,MAM,banan iskash li ?,3,Банан искаш ли ?,Банан искаш ли ?,Банан искаш ли ?
ELI,1;02.17,EXP,"a-u, kakvo e mynichko !",4,"А-у, какво е мъничко !","А-у , какво е мъничко !","А-у , какво е мъничко !"
ELI,1;02.17,EXP,"nani, da .",2,"Нани, да .","Нани , да .","Нани , да ."
ELI,1;02.17,EXP,pak li ?,2,Пак ли ?,Пак ли ?,Пак ли ?
ELI,1;02.17,EXP,"ja pokazhi na dani, kakvo e napravilo tova kote ?",9,"Я покажи на дани, какво е направило това коте ?","Я покажи на дани , какво е направило това коте ?","Я покажи на дани , какво е направило това коте ?"
ELI,1;02.17,EXP,zashto se smeesh i plachesh ?,5,Защо се смееш и плачеш ?,Защо се смееш и плачеш ?,Защо се смееш и плачеш ?
ELI,1;02.17,EXP,chakaj sega +/.,3,Чакай сега +/.,Чакай сега .,Чакай сега .
ELI,1;02.17,MAM,"+, I taka pravi .",3,"+, и така прави .",", и така прави .",", и така прави ."
ELI,1;02.17,EXP,"dij, dani, dij !",3,"Дий, дани, дий !","Дий , дани , дий !","Дий , дани , дий !"
ELI,1;02.17,EXP,"edinija s ednoto, drugija s drugoto .",6,"Единия с едното, другия с другото .","Единия с едното , другия с другото .","Единия с едното , другия с другото ."
ELI,1;02.17,DAN,bau-bau@o .,1,Бау-бау@о .,Бау-бау .,Бау-бау .
ELI,1;02.17,EXP,mjau .,1,Мяу .,Мяу .,Мяу .
ELI,1;02.17,DAN,da .,1,Да .,Да .,Да .
ELI,1;02.17,MAM,"kakvo pravi zajcheto, mamo ?",4,"Какво прави зайчето, мамо ?","Какво прави зайчето , мамо ?","Какво прави зайчето , мамо ?"
ELI,1;02.26,EXP,iskash li da stanesh ?,4,Искаш ли да станеш ?,Искаш ли да станеш ?,Искаш ли да станеш ?
ELI,1;02.26,EXP,samo go karaj .,3,Само го карай .,Само го карай .,Само го карай .
ELI,1;02.26,EXP,az li sym tvojata mama ?,5,Аз ли съм твоята мама ?,Аз ли съм твоята мама ?,Аз ли съм твоята мама ?
ELI,1;02.26,EXP,"dij, dij .",2,"Дий, дий .","Дий , дий .","Дий , дий ."
ELI,1;02.26,EXP,"+, mesce .",1,"+, месце .",", месце .",", месце ."
ELI,1;02.26,EXP,pishal .,1,Пишал .,Пишал .,Пишал .
ELI,1;02.26,EXP,da .,1,Да .,Да .,Да .
ELI,1;02.26,EXP,"chakaj, chakaj da stana .",4,"Чакай, чакай да стана .","Чакай , чакай да стана .","Чакай , чакай да стана ."
ELI,1;02.26,DAN,"dij, dij .",2,"Дий, дий .","Дий , дий .","Дий , дий ."
ELI,1;02.26,EXP,"trop, trop kracheta .",3,"Троп, троп крачета .","Троп , троп крачета .","Троп , троп крачета ."
ELI,1;02.26,EXP,"do magazina, nali ti kazax .",5,"До магазина, нали ти казаx .","До магазина , нали ти казаx .","До магазина , нали ти казаx ."
ELI,1;02.26,EXP,"vizh, toj chaka .",3,"Виж, той чака .","Виж , той чака .","Виж , той чака ."
ELI,1;02.26,EXP,dobre .,1,Добре .,Добре .,Добре .
ELI,1;02.26,EXP,edno boltche trjabva da ima .,5,Едно болтче трябва да има .,Едно болтче трябва да има .,Едно болтче трябва да има .
ELI,1;02.26,EXP,"Ami da, taka .",3,"Ами да, така .","Ами да , така .","Ами да , така ."
ELI,1;02.26,EXP,vizh dani kak jade sirence .,5,Виж дани как яде сиренце .,Виж дани как яде сиренце .,Виж дани как яде сиренце .
ELI,1;02.26,EXP,pish@o .,1,Пиш@о .,Пиш .,Пиш .
ELI,1;02.26,EXP,Ela .,1,Ела .,Ела .,Ела .
ELI,1;02.26,DAN,ne .,1,Не .,Не .,Не .
ELI,1;02.26,EXP,eto i prychkite .,3,Ето и пръчките .,Ето и пръчките .,Ето и пръчките .
ELI,1;02.26,EXP,edno boltche e zagubila mama .,5,Едно болтче е загубила мама .,Едно болтче е загубила мама .,Едно болтче е загубила мама .
ELI,1;02.26,DAN,mama .,1,Мама .,Мама .,Мама .
ELI,1;02.26,EXP,ti si mnogo dobyr .,4,Ти си много добър .,Ти си много добър .,Ти си много добър .
ELI,1;02.26,EXP,"az pyk shte vi dam, vypreki che ne iskate .",9,"Аз пък ще ви дам, въпреки че не искате .","Аз пък ще ви дам , въпреки че не искате .","Аз пък ще ви дам , въпреки че не искате ."
ELI,1;02.26,EXP,ne shtesh .,2,Не щеш .,Не щеш .,Не щеш .
ELI,1;02.26,EXP,"trop, trop kracheta .",3,"Троп, троп крачета .","Троп , троп крачета .","Троп , троп крачета ."
ELI,1;02.26,EXP,"Dani, ne .",2,"Дани, не .","Дани , не .","Дани , не ."
ELI,1;02.26,EXP,"Ela da si igraem, ela .",5,"Ела да си играем, ела .","Ела да си играем , ела .","Ела да си играем , ела ."
ELI,1;02.26,EXP,dobre .,1,Добре .,Добре .,Добре .
ELI,1;02.28,EXP,"daj vodichkata, mamo .",3,"Дай водичката, мамо .","Дай водичката , мамо .","Дай водичката , мамо ."
ELI,1;02.28,EXP,"shte sym ti syrdita, ako otkysnesh cvete .",7,"Ще съм ти сърдита, ако откъснеш цвете .","Ще съм ти сърдита , ако откъснеш цвете .","Ще съм ти сърдита , ако откъснеш цвете ."
ELI,1;02.28,EXP,Ela !,1,Ела !,Ела !,Ела !
ELI,1;02.28,EXP,kakvo iskash ?,2,Какво искаш ?,Какво искаш ?,Какво искаш ?
ELI,1;02.28,EXP,"Ela da vidja, be .",4,"Ела да видя, бе .","Ела да видя , бе .","Ела да видя , бе ."
ELI,1;02.28,EXP,soletite vizh .,2,Солетите виж .,Солетите виж .,Солетите виж .
ELI,1;02.28,EXP,"a-u, vizh prezramkata ti pada .",5,"А-у, виж презрамката ти пада .","А-у , виж презрамката ти пада .","А-у , виж презрамката ти пада ."
ELI,1;02.28,EXP,"njama da te obichkam tolkova mnogo, zashtoto ti shte si losho dete .",12,"Няма да те обичкам толкова много, защото ти ще си лошо дете .","Няма да те обичкам толкова много , защото ти ще си лошо дете .","Няма да те обичкам толкова много , защото ти ще си лошо дете ."
ELI,1;02.28,EXP,o-pa .,1,О-па .,О-па .,О-па .
ELI,1;02.28,EXP,chakaj .,1,Чакай .,Чакай .,Чакай .
ELI,1;02.28,EXP,"ajde, njama, pise .",3,"Айде, няма, писе .","Айде , няма , писе .","Айде , няма , писе ."
ELI,1;02.28,EXP,"nani, kati .",2,"Нани, кати .","Нани , кати .","Нани , кати ."
ELI,1;02.28,EXP,ne !,1,Не !,Не !,Не !
ELI,1;03.02,EXP,"a, pyk mama ne iska kafe .",6,"А, пък мама не иска кафе .","А , пък мама не иска кафе .","А , пък мама не иска кафе ."
ELI,1;03.02,EXP,kakvo e tova ?,3,Какво е това ?,Какво е това ?,Какво е това ?
ELI,1;03.02,EXP,"goljamo momiche si, mamo .",4,"Голямо момиче си, мамо .","Голямо момиче си , мамо .","Голямо момиче си , мамо ."
ELI,1;03.02,EXP,"ne, ne, ne !",3,"Не, не, не !","Не , не , не !","Не , не , не !"
ELI,1;03.02,EXP,da ne si ot moreto si gi vzela ?,8,Да не си от морето си ги взела ?,Да не си от морето си ги взела ?,Да не си от морето си ги взела ?
ELI,1;03.02,EXP,ajde daj da ja slozhim i tja da papa .,9,Айде дай да я сложим и тя да папа .,Айде дай да я сложим и тя да папа .,Айде дай да я сложим и тя да папа .
ELI,1;03.02,EXP,kakvo didi ?,2,Какво диди ?,Какво диди ?,Какво диди ?
ELI,1;03.02,EXP,I tja da papa .,4,И тя да папа .,И тя да папа .,И тя да папа .
ELI,1;03.02,EXP,"daj na didi da papa, mamo .",6,"Дай на диди да папа, мамо .","Дай на диди да папа , мамо .","Дай на диди да папа , мамо ."
ELI,1;03.02,EXP,vizh kak mu visi lampata .,5,Виж как му виси лампата .,Виж как му виси лампата .,Виж как му виси лампата .
ELI,1;03.02,EXP,baba Marija li dade na pileto krastavichka ?,7,Баба мария ли даде на пилето краставичка ?,Баба мария ли даде на пилето краставичка ?,Баба мария ли даде на пилето краставичка ?
ELI,1;03.02,EXP,blagodarja .,1,Благодаря .,Благодаря .,Благодаря .
ELI,1;03.02,EXP,kakvo ?,1,Какво ?,Какво ?,Какво ?
ELI,1;03.02,EXP,"papaj, pise .",2,"Папай, писе .","Папай , писе .","Папай , писе ."
ELI,1;03.02,EXP,"kakvo e tova, mamo ?",4,"Какво е това, мамо ?","Какво е това , мамо ?","Какво е това , мамо ?"
ELI,1;03.02,EXP,izbjaga ni toj .,3,Избяга ни той .,Избяга ни той .,Избяга ни той .
ELI,1;03.02,EXP,ja daj da vidja ?,4,Я дай да видя ?,Я дай да видя ?,Я дай да видя ?
ELI,1;03.02,EXP,ne si gladna .,3,Не си гладна .,Не си гладна .,Не си гладна .
ELI,1;03.02,EXP,Eli !,1,Ели !,Ели !,Ели !
ELI,1;03.02,EXP,znaesh li kakvo iskash ?,4,Знаеш ли какво искаш ?,Знаеш ли какво искаш ?,Знаеш ли какво искаш ?
ELI,1;03.02,EXP,"kakvo e tova, byklica ?",4,"Какво е това, бъклица ?","Какво е това , бъклица ?","Какво е това , бъклица ?"
ELI,1;03.02,EXP,kakvo ?,1,Какво ?,Какво ?,Какво ?
ELI,1;03.02,EXP,az njama da ti davam veche fibichki .,7,Аз няма да ти давам вече фибички .,Аз няма да ти давам вече фибички .,Аз няма да ти давам вече фибички .
ELI,1;03.02,EXP,"spomnjash li si, kogato beshe bebe .",6,"Спомняш ли си, когато беше бебе .","Спомняш ли си , когато беше бебе .","Спомняш ли си , когато беше бебе ."
ELI,1;03.02,EXP,kazhi ?,1,Кажи ?,Кажи ?,Кажи ?
ELI,1;03.02,EXP,griz@o .,1,Гриз@о .,Гриз .,Гриз .
ELI,1;03.02,EXP,njama da gi jam .,4,Няма да ги ям .,Няма да ги ям .,Няма да ги ям .
ELI,1;03.02,EXP,eto ti go .,3,Ето ти го .,Ето ти го .,Ето ти го .
ELI,1;03.02,EXP,dvete babi Marii .,3,Двете баби марии .,Двете баби марии .,Двете баби марии .
ELI,1;03.02,EXP,"a, tapichka za kontakt .",4,"А, тапичка за контакт .","А , тапичка за контакт .","А , тапичка за контакт ."
ELI,1;03.02,EXP,a-u !,1,А-у !,А-у !,А-у !
ELI,1;03.02,EXP,"donesi, donesi gi, mama da gi izmie .",7,"Донеси, донеси ги, мама да ги измие .","Донеси , донеси ги , мама да ги измие .","Донеси , донеси ги , мама да ги измие ."
ELI,1;03.02,EXP,"davaj j, mamo, i tja da papa .",7,"Давай й, мамо, и тя да папа .","Давай й , мамо , и тя да папа .","Давай й , мамо , и тя да папа ."
ELI,1;03.02,EXP,"+, papaj, dido !",2,"+, папай, дидо !",", папай , дидо !",", папай , дидо !"
ELI,1;03.02,EXP,o-pa !,1,О-па !,О-па !,О-па !
ELI,1;03.02,EXP,voda li iskash ?,3,Вода ли искаш ?,Вода ли искаш ?,Вода ли искаш ?
ELI,1;03.02,EXP,vyrni ja .,2,Върни я .,Върни я .,Върни я .
ELI,1;03.02,EXP,"daj mi go, taka mi xaresva .",6,"Дай ми го, така ми xаресва .","Дай ми го , така ми xаресва .","Дай ми го , така ми xаресва ."
ELI,1;03.02,EXP,"daj mi go, de !",4,"Дай ми го, де !","Дай ми го , де !","Дай ми го , де !"
ELI,1;03.02,EXP,kakvo shte pravish ?,3,Какво ще правиш ?,Какво ще правиш ?,Какво ще правиш ?
ELI,1;03.02,EXP,Dani li ?,2,Дани ли ?,Дани ли ?,Дани ли ?
ELI,1;03.02,EXP,"kazhi, kakvo e tova ?",4,"Кажи, какво е това ?","Кажи , какво е това ?","Кажи , какво е това ?"
ELI,1;03.02,EXP,o-x .,1,О-x .,О-x .,О-x .
ELI,1;03.02,EXP,ajde .,1,Айде .,Айде .,Айде .
ELI,1;03.02,EXP,na momiche .,2,На момиче .,На момиче .,На момиче .
ELI,1;03.02,EXP,ne pipaj .,2,Не пипай .,Не пипай .,Не пипай .
ELI,1;03.02,EXP,"kakvo si imash, ti ?",4,"Какво си имаш, ти ?","Какво си имаш , ти ?","Какво си имаш , ти ?"
ELI,1;03.02,EXP,"zashtoto i toj shte ima gostencheta, onova, bebenceto, mamo .",9,"Защото и той ще има гостенчета, онова, бебенцето, мамо .","Защото и той ще има гостенчета , онова , бебенцето , мамо .","Защото и той ще има гостенчета , онова , бебенцето , мамо ."
ELI,1;03.02,EXP,kakvo e ?,2,Какво е ?,Какво е ?,Какво е ?
ELI,1;03.02,EXP,opravi .,1,Оправи .,Оправи .,Оправи .
ELI,1;03.02,EXP,ti shte jadesh li ?,4,Ти ще ядеш ли ?,Ти ще ядеш ли ?,Ти ще ядеш ли ?
ELI,1;03.02,EXP,ja natiskaj tostera .,3,Я натискай тостера .,Я натискай тостера .,Я натискай тостера .
ELI,1;03.02,EXP,kazhi i +/.,3,Кажи и +/.,Кажи и .,Кажи и .
ELI,1;03.02,EXP,"papaj, milichka .",2,"Папай, миличка .","Папай , миличка .","Папай , миличка ."
ELI,1;03.10,EXP,kakvo ?,1,Какво ?,Какво ?,Какво ?
ELI,1;03.10,BOR,"Ela, ela, eli !",3,"Ела, ела, ели !","Ела , ела , ели !","Ела , ела , ели !"
ELI,1;03.10,EXP,pypche .,1,Пъпче .,Пъпче .,Пъпче .
ELI,1;03.10,EXP,"ja, silno .",2,"Я, силно .","Я , силно .","Я , силно ."
ELI,1;03.10,BOR,blagodarja .,1,Благодаря .,Благодаря .,Благодаря .
ELI,1;03.10,EXP,kola .,1,Кола .,Кола .,Кола .
ELI,1;03.10,BOR,ja go pokazhi +/.,4,Я го покажи +/.,Я го покажи .,Я го покажи .
ELI,1;03.10,BOR,kakvo ?,1,Какво ?,Какво ?,Какво ?
ELI,1;03.10,EXP,"ne, tova e kopche .",4,"Не, това е копче .","Не , това е копче .","Не , това е копче ."
ELI,1;03.10,BOR,kakvo ima ?,2,Какво има ?,Какво има ?,Какво има ?
ELI,1;03.10,BOR,vizh .,1,Виж .,Виж .,Виж .
ELI,1;03.10,EXP,kakvo e tova ?,3,Какво е това ?,Какво е това ?,Какво е това ?
ELI,1;03.10,EXP,na kolko godinki si ?,4,На колко годинки си ?,На колко годинки си ?,На колко годинки си ?
ELI,1;03.10,EXP,daj da ja priberem .,4,Дай да я приберем .,Дай да я приберем .,Дай да я приберем .
ELI,1;03.10,BOR,ne mozhe tam .,3,Не може там .,Не може там .,Не може там .
ELI,1;03.10,BOR,a !,1,А !,А !,А !
ELI,1;03.10,EXP,"xajde vzemi si, mamo .",4,"Xайде вземи си, мамо .","Xайде вземи си , мамо .","Xайде вземи си , мамо ."
ELI,1;03.10,BOR,"I taja podova biskvita, syshto .",5,"И тая подова бисквита, също .","И тая подова бисквита , също .","И тая подова бисквита , също ."
ELI,1;03.10,EXP,nazdrave .,1,Наздраве .,Наздраве .,Наздраве .
ELI,1;03.10,EXP,oxljo-boxljo .,1,Оxльо-боxльо .,Оxльо-боxльо .,Оxльо-боxльо .
ELI,1;03.10,EXP,"a luka nali znaesh, che ljuti, mamo ?",7,"А лука нали знаеш, че льути, мамо ?","А лука нали знаеш , че льути , мамо ?","А лука нали знаеш , че льути , мамо ?"
ELI,1;03.10,BOR,kakvo shte pravish ?,3,Какво ще правиш ?,Какво ще правиш ?,Какво ще правиш ?
ELI,1;03.10,EXP,kakvo otkrivash ?,2,Какво откриваш ?,Какво откриваш ?,Какво откриваш ?
ELI,1;03.10,BOR,xaresva li ti ?,3,Xаресва ли ти ?,Xаресва ли ти ?,Xаресва ли ти ?
ELI,1;03.10,EXP,"I imashe, edno +/.",4,"И имаше, едно +/.","И имаше , едно .","И имаше , едно ."
ELI,1;03.10,EXP,kakvo pile ?,2,Какво пиле ?,Какво пиле ?,Какво пиле ?
ELI,1;03.10,BOR,kyde da si igraem ?,4,Къде да си играем ?,Къде да си играем ?,Къде да си играем ?
ELI,1;03.10,EXP,"chakaj, mamo !",2,"Чакай, мамо !","Чакай , мамо !","Чакай , мамо !"
ELI,1;03.10,BOR,ti pak si si udarila koljanoto .,6,Ти пак си си ударила коляното .,Ти пак си си ударила коляното .,Ти пак си си ударила коляното .
ELI,1;03.10,BOR,chakaj malko samo .,3,Чакай малко само .,Чакай малко само .,Чакай малко само .
ELI,1;03.10,EXP,Eli .,1,Ели .,Ели .,Ели .
ELI,1;03.10,EXP,ama govorete silno .,3,Ама говорете силно .,Ама говорете силно .,Ама говорете силно .
ELI,1;03.10,EXP,xajde .,1,Xайде .,Xайде .,Xайде .
ELI,1;03.10,BOR,"s luk, ne mozhe s luk .",6,"С лук, не може с лук .","С лук , не може с лук .","С лук , не може с лук ."
ELI,1;03.10,BOR,Ela tuka .,2,Ела тука .,Ела тука .,Ела тука .
ELI,1;05.08,EXP,mama .,1,Мама .,Мама .,Мама .
ELI,1;05.08,EXP,mirishe na limonche .,3,Мирише на лимонче .,Мирише на лимонче .,Мирише на лимонче .
ELI,1;05.08,EXP,Edna snimchica da i pusne .,5,Една снимчица да и пусне .,Една снимчица да и пусне .,Една снимчица да и пусне .
ELI,1;05.08,EXP,"+, na rozhdenija den .",3,"+, на рождения ден .",", на рождения ден .",", на рождения ден ."
ELI,1;05.08,EXP,na kolko ?,2,На колко ?,На колко ?,На колко ?
ELI,1;05.08,EXP,"ne pipaj kabelchetata, mamo .",4,"Не пипай кабелчетата, мамо .","Не пипай кабелчетата , мамо .","Не пипай кабелчетата , мамо ."
ELI,1;05.08,EXP,Tova e dani .,3,Това е дани .,Това е дани .,Това е дани .
ELI,1;05.08,EXP,sjadaj .,1,Сядай .,Сядай .,Сядай .
ELI,1;05.08,EXP,mecho ?,1,Мечо ?,Мечо ?,Мечо ?
ELI,1;05.08,EXP,"Tova sa bilki, mamo .",4,"Това са билки, мамо .","Това са билки , мамо .","Това са билки , мамо ."
ELI,1;05.08,VEL,kaki .,1,Каки .,Каки .,Каки .
ELI,1;05.08,EXP,kakvo ?,1,Какво ?,Какво ?,Какво ?
ELI,1;05.08,EXP,mnogo xubavo gi podrezhdash tezi diskove .,6,Много xубаво ги подреждаш тези дискове .,Много xубаво ги подреждаш тези дискове .,Много xубаво ги подреждаш тези дискове .
ELI,1;05.08,EXP,tazi e mojata .,3,Тази е моята .,Тази е моята .,Тази е моята .
ELI,1;05.08,EXP,taka li ?,2,Така ли ?,Така ли ?,Така ли ?
ELI,1;05.08,EXP,"da, mamo .",2,"Да, мамо .","Да , мамо .","Да , мамо ."
ELI,1;05.08,VEL,kako .,1,Како .,Како .,Како .
ELI,1;05.08,EXP,ostavi gi tam .,3,Остави ги там .,Остави ги там .,Остави ги там .
ELI,1;05.08,EXP,"toj djado trjabva da napravi oshte edna stojchica, mamo .",9,"Той дядо трябва да направи още една стойчица, мамо .","Той дядо трябва да направи още една стойчица , мамо .","Той дядо трябва да направи още една стойчица , мамо ."
ELI,1;05.08,EXP,"ne stana, ne stana .",4,"Не стана, не стана .","Не стана , не стана .","Не стана , не стана ."
ELI,1;05.08,EXP,da ti izvadja .,3,Да ти извадя .,Да ти извадя .,Да ти извадя .
ELI,1;05.08,VEL,kole [: kolelo] .,1,Коле [: колело] .,Коле .,Колело .
ELI,1;05.10,EXP,"mamo, kyde e mimi ?",4,"Мамо, къде е мими ?","Мамо , къде е мими ?","Мамо , къде е мими ?"
ELI,1;05.10,EXP,"vsichki bebeta li sa taka, kato ne im se ugodi .",10,"Всички бебета ли са така, като не им се угоди .","Всички бебета ли са така , като не им се угоди .","Всички бебета ли са така , като не им се угоди ."
ELI,1;05.10,EXP,"molja ti se, ne mi prechi .",6,"Моля ти се, не ми пречи .","Моля ти се , не ми пречи .","Моля ти се , не ми пречи ."
ELI,1;05.10,EXP,mama da papka .,3,Мама да папка .,Мама да папка .,Мама да папка .
ELI,1;05.10,EXP,da go pusna li ?,4,Да го пусна ли ?,Да го пусна ли ?,Да го пусна ли ?
ELI,1;05.10,EXP,eto mama shte ti dade .,5,Ето мама ще ти даде .,Ето мама ще ти даде .,Ето мама ще ти даде .
ELI,1;05.10,EXP,"podrezhdaj ti, az da razxvyrljam .",5,"Подреждай ти, аз да разxвърлям .","Подреждай ти , аз да разxвърлям .","Подреждай ти , аз да разxвърлям ."
ELI,1;05.10,EXP,pak li poteche ?,3,Пак ли потече ?,Пак ли потече ?,Пак ли потече ?
ELI,1;05.10,EXP,kakvo se syrdish ?,3,Какво се сърдиш ?,Какво се сърдиш ?,Какво се сърдиш ?
ELI,1;05.10,EXP,ne iskash da kazhesh ili ne pijat kafe ?,8,Не искаш да кажеш или не пият кафе ?,Не искаш да кажеш или не пият кафе ?,Не искаш да кажеш или не пият кафе ?
ELI,1;05.10,EXP,"kazhi, iskam sok .",3,"Кажи, искам сок .","Кажи , искам сок .","Кажи , искам сок ."
ELI,1;05.10,EXP,ti nishto ne si zabola na vilichkata .,7,Ти нищо не си забола на виличката .,Ти нищо не си забола на виличката .,Ти нищо не си забола на виличката .
ELI,1;05.10,EXP,"daj, mamo .",2,"Дай, мамо .","Дай , мамо .","Дай , мамо ."
ELI,1;05.10,EXP,"ne mnogo, posle shte chistim .",5,"Не много, после ще чистим .","Не много , после ще чистим .","Не много , после ще чистим ."
ELI,1;05.10,EXP,sedi tolkova mnogo .,3,Седи толкова много .,Седи толкова много .,Седи толкова много .
ELI,1;05.18,EXP,"a dani kakva e, mamo, kaka li e ?",8,"А дани каква е, мамо, кака ли е ?","А дани каква е , мамо , кака ли е ?","А дани каква е , мамо , кака ли е ?"
ELI,1;05.18,EXP,"ne slushash li, mamo .",4,"Не слушаш ли, мамо .","Не слушаш ли , мамо .","Не слушаш ли , мамо ."
ELI,1;05.18,EXP,Ima li ako ?,3,Има ли ако ?,Има ли ако ?,Има ли ако ?
ELI,1;05.18,EXP,"Ela, mamo, ela .",3,"Ела, мамо, ела .","Ела , мамо , ела .","Ела , мамо , ела ."
ELI,1;05.18,EXP,s edno prystche vyrti .,4,С едно пръстче върти .,С едно пръстче върти .,С едно пръстче върти .
ELI,1;05.18,EXP,kakvo ima bebeto ?,3,Какво има бебето ?,Какво има бебето ?,Какво има бебето ?
ELI,1;05.18,EXP,"ne, kopchetata .",2,"Не, копчетата .","Не , копчетата .","Не , копчетата ."
ELI,1;05.18,EXP,slushkashe li ti djado Ljubcho ?,5,Слушкаше ли ти дядо льубчо ?,Слушкаше ли ти дядо льубчо ?,Слушкаше ли ти дядо льубчо ?
ELI,1;05.18,EXP,chakaj .,1,Чакай .,Чакай .,Чакай .
ELI,1;05.18,EXP,Ami ti zashto gi biesh ?,5,Ами ти защо ги биеш ?,Ами ти защо ги биеш ?,Ами ти защо ги биеш ?
ELI,1;05.18,EXP,"Ima li ako, mamo ?",4,"Има ли ако, мамо ?","Има ли ако , мамо ?","Има ли ако , мамо ?"
ELI,1;05.18,EXP,"da, mamo, bravo .",3,"Да, мамо, браво .","Да , мамо , браво .","Да , мамо , браво ."
ELI,1;05.18,EXP,shte go schupish .,3,Ще го счупиш .,Ще го счупиш .,Ще го счупиш .
ELI,1;05.18,EXP,pisha .,1,Пиша .,Пиша .,Пиша .
ELI,1;05.18,EXP,kyde go vidja tova pate ?,5,Къде го видя това пате ?,Къде го видя това пате ?,Къде го видя това пате ?
ELI,1;05.18,EXP,"da, mamo .",2,"Да, мамо .","Да , мамо .","Да , мамо ."
ELI,1;05.18,EXP,bozhe .,1,Боже .,Боже .,Боже .
ELI,1;05.18,EXP,"Eli, tova koj e ?",4,"Ели, това кой е ?","Ели , това кой е ?","Ели , това кой е ?"
ELI,1;05.18,EXP,"gledka li tuk, mamo bebe mimi ?",6,"Гледка ли тук, мамо бебе мими ?","Гледка ли тук , мамо бебе мими ?","Гледка ли тук , мамо бебе мими ?"
ELI,1;05.18,EXP,"Ela da mi kazhesh, koj e tova .",7,"Ела да ми кажеш, кой е това .","Ела да ми кажеш , кой е това .","Ела да ми кажеш , кой е това ."
ELI,1;05.18,EXP,kazhi mi mamo .,3,Кажи ми мамо .,Кажи ми мамо .,Кажи ми мамо .
ELI,1;05.18,EXP,"koj e tozi, mamo ?",4,"Кой е този, мамо ?","Кой е този , мамо ?","Кой е този , мамо ?"
ELI,1;05.18,EXP,"kakvo ima v tavichkata, mamo ?",5,"Какво има в тавичката, мамо ?","Какво има в тавичката , мамо ?","Какво има в тавичката , мамо ?"
ELI,1;05.18,EXP,na kakvo igraesh ?,3,На какво играеш ?,На какво играеш ?,На какво играеш ?
ELI,1;05.18,EXP,oshte ne mozhe .,3,Още не може .,Още не може .,Още не може .
ELI,1;05.18,EXP,"ne e tati, a Vili e bolnichka .",7,"Не е тати, а вили е болничка .","Не е тати , а вили е болничка .","Не е тати , а вили е болничка ."
ELI,1;05.18,EXP,ne e tati .,3,Не е тати .,Не е тати .,Не е тати .
ELI,1;05.18,EXP,papkash .,1,Папкаш .,Папкаш .,Папкаш .
ELI,1;05.18,EXP,shte te jam az tebe .,5,Ще те ям аз тебе .,Ще те ям аз тебе .,Ще те ям аз тебе .
ELI,1;05.18,EXP,"taka li vika, mamo, eli .",5,"Така ли вика, мамо, ели .","Така ли вика , мамо , ели .","Така ли вика , мамо , ели ."
ELI,1;05.18,EXP,"I slona, i kakvo pravi slona ?",6,"И слона, и какво прави слона ?","И слона , и какво прави слона ?","И слона , и какво прави слона ?"
ELI,1;05.18,EXP,kazhi viki .,2,Кажи вики .,Кажи вики .,Кажи вики .
ELI,1;05.25,EXP,duxche .,1,Дуxче .,Дуxче .,Дуxче .
ELI,1;05.25,EXP,pri mishkata li skacha ?,4,При мишката ли скача ?,При мишката ли скача ?,При мишката ли скача ?
ELI,1;05.25,EXP,eto vizh kozata ima roga .,5,Ето виж козата има рога .,Ето виж козата има рога .,Ето виж козата има рога .
ELI,1;05.25,EXP,prestani .,1,Престани .,Престани .,Престани .
ELI,1;05.25,EXP,"ne-e, te sa dobrichki .",4,"Не-е, те са добрички .","Не-е , те са добрички .","Не-е , те са добрички ."
ELI,1;05.25,EXP,kakva xubava grivna ima .,4,Каква xубава гривна има .,Каква xубава гривна има .,Каква xубава гривна има .
ELI,1;05.25,EXP,da .,1,Да .,Да .,Да .
ELI,1;05.25,EXP,"kakyv si terorist, terorist .",4,"Какъв си терорист, терорист .","Какъв си терорист , терорист .","Какъв си терорист , терорист ."
ELI,1;05.25,EXP,"vnimavaj, vnimavaj shte skysash knizhkata .",5,"Внимавай, внимавай ще скъсаш книжката .","Внимавай , внимавай ще скъсаш книжката .","Внимавай , внимавай ще скъсаш книжката ."
ELI,1;05.25,EXP,kakvo jade zajcheto ?,3,Какво яде зайчето ?,Какво яде зайчето ?,Какво яде зайчето ?
ELI,1;05.25,EXP,"ja, da vidim .",3,"Я, да видим .","Я , да видим .","Я , да видим ."
ELI,1;05.25,EXP,sladkite kracheta .,2,Сладките крачета .,Сладките крачета .,Сладките крачета .
ELI,1;05.25,EXP,duxche .,1,Дуxче .,Дуxче .,Дуxче .
ELI,1;05.25,EXP,vnimavaj .,1,Внимавай .,Внимавай .,Внимавай .
ELI,1;05.25,EXP,a ?,1,А ?,А ?,А ?
ELI,1;05.25,EXP,a vylka ?,2,А вълка ?,А вълка ?,А вълка ?
ELI,1;05.25,EXP,vizh ima topka i shte rita topka .,7,Виж има топка и ще рита топка .,Виж има топка и ще рита топка .,Виж има топка и ще рита топка .
ELI,1;05.25,EXP,kyde se krie ?,3,Къде се крие ?,Къде се крие ?,Къде се крие ?
ELI,1;05.25,EXP,"kyde e drugata chast na buxalko, mamo ?",7,"Къде е другата част на буxалко, мамо ?","Къде е другата част на буxалко , мамо ?","Къде е другата част на буxалко , мамо ?"
ELI,1;05.25,EXP,a-u !,1,А-у !,А-у !,А-у !
ELI,1;05.25,EXP,levche .,1,Левче .,Левче .,Левче .
ELI,1;05.25,EXP,"kakvo e tova, mamo ?",4,"Какво е това, мамо ?","Какво е това , мамо ?","Какво е това , мамо ?"
ELI,1;05.25,EXP,"Ima li drugi duxcheta, mamo ?",5,"Има ли други дуxчета, мамо ?","Има ли други дуxчета , мамо ?","Има ли други дуxчета , мамо ?"
ELI,1;05.25,EXP,Mila .,1,Мила .,Мила .,Мила .
ELI,1;05.25,EXP,razgleda li go ?,3,Разгледа ли го ?,Разгледа ли го ?,Разгледа ли го ?
ELI,1;06.04,EXP,ne go xapi .,3,Не го xапи .,Не го xапи .,Не го xапи .
ELI,1;06.04,EXP,"sedni eto tuka, sedni .",4,"Седни ето тука, седни .","Седни ето тука , седни .","Седни ето тука , седни ."
ELI,1;06.04,EXP,"tuka, tuka .",2,"Тука, тука .","Тука , тука .","Тука , тука ."
ELI,1;06.04,EXP,xajde pishi .,2,Xайде пиши .,Xайде пиши .,Xайде пиши .
ELI,1;06.04,BOR,koe iskash da ti svalja .,5,Кое искаш да ти сваля .,Кое искаш да ти сваля .,Кое искаш да ти сваля .
ELI,1;06.04,EXP,prilicha ti na bebe mimi .,5,Прилича ти на бебе мими .,Прилича ти на бебе мими .,Прилича ти на бебе мими .
ELI,1;06.04,EXP,"kakvo nameri dolu, che lapash ?",5,"Какво намери долу, че лапаш ?","Какво намери долу , че лапаш ?","Какво намери долу , че лапаш ?"
ELI,1;06.04,EXP,da .,1,Да .,Да .,Да .
ELI,1;06.04,EXP,Ela tuka .,2,Ела тука .,Ела тука .,Ела тука .
ELI,1;06.04,EXP,nie sega gledame bebeshki spisanija .,5,Ние сега гледаме бебешки списания .,Ние сега гледаме бебешки списания .,Ние сега гледаме бебешки списания .
ELI,1;06.04,EXP,kyde otivash ?,2,Къде отиваш ?,Къде отиваш ?,Къде отиваш ?
ELI,1;06.04,BOR,Eli .,1,Ели .,Ели .,Ели .
ELI,1;06.04,EXP,Edna zavleche njakyde .,3,Една завлече някъде .,Една завлече някъде .,Една завлече някъде .
ELI,1;06.04,EXP,kakvo e tova ?,3,Какво е това ?,Какво е това ?,Какво е това ?
ELI,1;06.04,EXP,xajde da gi syberem .,4,Xайде да ги съберем .,Xайде да ги съберем .,Xайде да ги съберем .
ELI,1;06.09,EXP,samolet .,1,Самолет .,Самолет .,Самолет .
ELI,1;06.09,EXP,"metlichka li, mamo ?",3,"Метличка ли, мамо ?","Метличка ли , мамо ?","Метличка ли , мамо ?"
ELI,1;06.09,EXP,da .,1,Да .,Да .,Да .
ELI,1;06.09,EXP,kakvo napravi ?,2,Какво направи ?,Какво направи ?,Какво направи ?
ELI,1;06.09,EXP,I mecho .,2,И мечо .,И мечо .,И мечо .
ELI,1;06.09,EXP,"buxal, buxu-buxu .",2,"Буxал, буxу-буxу .","Буxал , буxу-буxу .","Буxал , буxу-буxу ."
ELI,1;06.09,EXP,oxljuvche .,1,Оxльувче .,Оxльувче .,Оxльувче .
ELI,1;06.09,EXP,kato svetulka .,2,Като светулка .,Като светулка .,Като светулка .
ELI,1;06.09,EXP,plitka .,1,Плитка .,Плитка .,Плитка .
ELI,1;06.09,EXP,kakvo ?,1,Какво ?,Какво ?,Какво ?
ELI,1;06.09,EXP,bravo .,1,Браво .,Браво .,Браво .
ELI,1;06.09,EXP,"tvojta majka, koja e ?",4,"Твойта майка, коя е ?","Твойта майка , коя е ?","Твойта майка , коя е ?"
ELI,1;06.09,EXP,"ti predi vikashe njama ja, a sega njama go poveche .",10,"Ти преди викаше няма я, а сега няма го повече .","Ти преди викаше няма я , а сега няма го повече .","Ти преди викаше няма я , а сега няма го повече ."
ELI,1;06.09,EXP,I bebeto ima ochichki .,4,И бебето има очички .,И бебето има очички .,И бебето има очички .
ELI,1;06.09,EXP,kakvo sa tova ?,3,Какво са това ?,Какво са това ?,Какво са това ?
ELI,1;06.09,EXP,plitka .,1,Плитка .,Плитка .,Плитка .
ELI,1;06.09,EXP,kakvo ?,1,Какво ?,Какво ?,Какво ?
ELI,1;06.09,EXP,koj tyrka nosleto ?,3,Кой търка нослето ?,Кой търка нослето ?,Кой търка нослето ?
ELI,1;06.09,EXP,dobre .,1,Добре .,Добре .,Добре .
ELI,1;06.09,EXP,Ela .,1,Ела .,Ела .,Ела .
ELI,1;06.09,EXP,"ostavi ja tam, mamo .",4,"Остави я там, мамо .","Остави я там , мамо .","Остави я там , мамо ."
ELI,1;06.09,EXP,shte te jam az .,4,Ще те ям аз .,Ще те ям аз .,Ще те ям аз .
ELI,1;06.09,EXP,koj e ?,2,Кой е ?,Кой е ?,Кой е ?
ELI,1;06.09,EXP,"a, nameri go .",3,"А, намери го .","А , намери го .","А , намери го ."
ELI,1;06.09,EXP,"Ima si vratichka, prozorcheta, kominche .",5,"Има си вратичка, прозорчета, коминче .","Има си вратичка , прозорчета , коминче .","Има си вратичка , прозорчета , коминче ."
ELI,1;06.09,EXP,njama li go ?,3,Няма ли го ?,Няма ли го ?,Няма ли го ?
ELI,1;06.09,EXP,kyde ?,1,Къде ?,Къде ?,Къде ?
ELI,1;06.09,EXP,dryzh ja i s dvete rychichki .,6,Дръж я и с двете ръчички .,Дръж я и с двете ръчички .,Дръж я и с двете ръчички .
ELI,1;06.09,EXP,ti dryzh tuk .,3,Ти дръж тук .,Ти дръж тук .,Ти дръж тук .
ELI,1;06.09,EXP,bravo .,1,Браво .,Браво .,Браво .
ELI,1;06.09,EXP,"Eli, eli, eli .",3,"Ели, ели, ели .","Ели , ели , ели .","Ели , ели , ели ."
ELI,1;06.09,EXP,"nali e paljache, mamo ?",4,"Нали е паляче, мамо ?","Нали е паляче , мамо ?","Нали е паляче , мамо ?"
ELI,1;06.09,EXP,kakvo e tova ?,3,Какво е това ?,Какво е това ?,Какво е това ?
ELI,1;06.09,EXP,ti li shte vzemesh odealoto ?,5,Ти ли ще вземеш одеалото ?,Ти ли ще вземеш одеалото ?,Ти ли ще вземеш одеалото ?
ELI,1;06.09,EXP,kyde e ?,2,Къде е ?,Къде е ?,Къде е ?
ELI,1;06.09,EXP,Tova e fenerche .,3,Това е фенерче .,Това е фенерче .,Това е фенерче .
ELI,1;06.17,BOR,nedej .,1,Недей .,Недей .,Недей .
ELI,1;06.17,EXP,elate .,1,Елате .,Елате .,Елате .
ELI,1;06.17,EXP,"tja trjabva da e mnogo goljama delva, mamoza da mozhe da vleze cjal djado .",14,"Тя трябва да е много голяма делва, мамоза да може да влезе цял дядо .","Тя трябва да е много голяма делва , мамоза да може да влезе цял дядо .","Тя трябва да е много голяма делва , мамоза да може да влезе цял дядо ."
ELI,1;06.17,EXP,svyrshi .,1,Свърши .,Свърши .,Свърши .
ELI,1;06.17,EXP,Bambi .,1,Бамби .,Бамби .,Бамби .
ELI,1;06.17,EXP,"bebeko, ne e bebeko .",4,"Бебеко, не е бебеко .","Бебеко , не е бебеко .","Бебеко , не е бебеко ."
ELI,1;06.17,EXP,ako ima li ?,3,Ако има ли ?,Ако има ли ?,Ако има ли ?
ELI,1;06.17,EXP,"leko, che shte padnesh .",4,"Леко, че ще паднеш .","Леко , че ще паднеш .","Леко , че ще паднеш ."
ELI,1;06.17,EXP,kon tam .,2,Кон там .,Кон там .,Кон там .
ELI,1;06.17,EXP,chisto .,1,Чисто .,Чисто .,Чисто .
ELI,1;06.17,EXP,skok@o .,1,Скок@о .,Скок .,Скок .
ELI,1;06.17,EXP,"o-pa, o-pa njama da otvarjame tuka .",6,"О-па, о-па няма да отваряме тука .","О-па , о-па няма да отваряме тука .","О-па , о-па няма да отваряме тука ."
ELI,1;06.17,EXP,kak shte padnesh .,3,Как ще паднеш .,Как ще паднеш .,Как ще паднеш .
ELI,1;06.17,EXP,"Ela, ela pri mama .",4,"Ела, ела при мама .","Ела , ела при мама .","Ела , ела при мама ."
ELI,1;06.17,EXP,ti iskash li da imash kolelo ?,6,Ти искаш ли да имаш колело ?,Ти искаш ли да имаш колело ?,Ти искаш ли да имаш колело ?
ELI,1;06.17,EXP,navsjakyde shokolad i naj-razlichni .,4,Навсякъде шоколад и най-различни .,Навсякъде шоколад и най-различни .,Навсякъде шоколад и най-различни .
ELI,1;06.17,EXP,blagodarja .,1,Благодаря .,Благодаря .,Благодаря .
ELI,1;06.17,EXP,ezhkovci .,1,Ежковци .,Ежковци .,Ежковци .
ELI,1;06.17,EXP,"+, I mama kaza vnimatelno da pipash da ne ja smachkash .",10,"+, и мама каза внимателно да пипаш да не я смачкаш .",", и мама каза внимателно да пипаш да не я смачкаш .",", и мама каза внимателно да пипаш да не я смачкаш ."
ELI,1;06.17,EXP,tuk .,1,Тук .,Тук .,Тук .
ELI,1;06.17,EXP,"kakvo stana s ximikalcheto, mamo ?",5,"Какво стана с xимикалчето, мамо ?","Какво стана с xимикалчето , мамо ?","Какво стана с xимикалчето , мамо ?"
ELI,1;06.17,EXP,"a, moja tefter, ne !",4,"А, моя тефтер, не !","А , моя тефтер , не !","А , моя тефтер , не !"
ELI,1;06.17,EXP,kak se kazvash ti ?,4,Как се казваш ти ?,Как се казваш ти ?,Как се казваш ти ?
ELI,1;06.17,EXP,togava shte dojde dekemvri i shte dojdat baba i djado i kakvo shte ti podarjat ?,15,Тогава ще дойде декември и ще дойдат баба и дядо и какво ще ти подарят ?,Тогава ще дойде декември и ще дойдат баба и дядо и какво ще ти подарят ?,Тогава ще дойде декември и ще дойдат баба и дядо и какво ще ти подарят ?
ELI,1;06.17,EXP,bravo .,1,Браво .,Браво .,Браво .
ELI,1;06.17,EXP,ne bani .,2,Не бани .,Не бани .,Не бани .
ELI,1;06.17,EXP,oshte edin balon .,3,Още един балон .,Още един балон .,Още един балон .
ELI,1;06.17,EXP,v nashata ne mozhe da vleze i vileto .,8,В нашата не може да влезе и вилето .,В нашата не може да влезе и вилето .,В нашата не може да влезе и вилето .
ELI,1;06.17,BOR,"iskash li, tati biskvitka ?",4,"Искаш ли, тати бисквитка ?","Искаш ли , тати бисквитка ?","Искаш ли , тати бисквитка ?"
ELI,1;06.17,EXP,Tova kakvo e ?,3,Това какво е ?,Това какво е ?,Това какво е ?
ELI,1;06.17,EXP,Bambi .,1,Бамби .,Бамби .,Бамби .
ELI,1;06.17,EXP,ne .,1,Не .,Не .,Не .
ELI,1;06.17,EXP,Tova .,1,Това .,Това .,Това .
ELI,1;06.17,EXP,veche e .,2,Вече е .,Вече е .,Вече е .
ELI,1;06.17,BOR,"tuka gore, gore .",3,"Тука горе, горе .","Тука горе , горе .","Тука горе , горе ."
ELI,1;06.17,EXP,a tova kakvo e ?,4,А това какво е ?,А това какво е ?,А това какво е ?
ELI,1;06.17,EXP,zashto go schupi ?,3,Защо го счупи ?,Защо го счупи ?,Защо го счупи ?
ELI,1;06.17,EXP,sjadaj .,1,Сядай .,Сядай .,Сядай .
ELI,1;06.21,EXP,eto bob .,2,Ето боб .,Ето боб .,Ето боб .
ELI,1;06.21,EXP,"taka, taka .",2,"Така, така .","Така , така .","Така , така ."
ELI,1;06.21,EXP,"eto, kakvo e tova ?",4,"Ето, какво е това ?","Ето , какво е това ?","Ето , какво е това ?"
ELI,1;06.21,EXP,koe ?,1,Кое ?,Кое ?,Кое ?
ELI,1;06.21,EXP,kato izjadesh bonbona togava .,4,Като изядеш бонбона тогава .,Като изядеш бонбона тогава .,Като изядеш бонбона тогава .
ELI,1;06.21,EXP,kato dojde tati shte mu ja pokazhesh .,7,Като дойде тати ще му я покажеш .,Като дойде тати ще му я покажеш .,Като дойде тати ще му я покажеш .
ELI,1;06.21,EXP,Ela .,1,Ела .,Ела .,Ела .
ELI,1;06.21,EXP,slynchice .,1,Слънчице .,Слънчице .,Слънчице .
ELI,1;06.21,EXP,tazi sega chakaj da ja pribera .,6,Тази сега чакай да я прибера .,Тази сега чакай да я прибера .,Тази сега чакай да я прибера .
ELI,1;06.21,EXP,koj e tozi ?,3,Кой е този ?,Кой е този ?,Кой е този ?
ELI,1;06.21,EXP,xajde .,1,Xайде .,Xайде .,Xайде .
ELI,1;06.21,EXP,"ox, chakaj .",2,"Оx, чакай .","Оx , чакай .","Оx , чакай ."
ELI,1;06.21,EXP,"maj, che pak te mayrzi .",5,"Май, че пак те маързи .","Май , че пак те маързи .","Май , че пак те маързи ."
ELI,1;06.21,EXP,bjagaj .,1,Бягай .,Бягай .,Бягай .
ELI,1;06.21,EXP,"kakvo pravi batkoto, slushka li ?",5,"Какво прави баткото, слушка ли ?","Какво прави баткото , слушка ли ?","Какво прави баткото , слушка ли ?"
ELI,1;06.21,EXP,kakvi gi vyrshish be ?,4,Какви ги вършиш бе ?,Какви ги вършиш бе ?,Какви ги вършиш бе ?
ELI,1;06.21,EXP,"xapvaj malko takova, mandzhichka i posle shte ti otvorja bonbon .",10,"Xапвай малко такова, манджичка и после ще ти отворя бонбон .","Xапвай малко такова , манджичка и после ще ти отворя бонбон .","Xапвай малко такова , манджичка и после ще ти отворя бонбон ."
ELI,1;06.21,EXP,tuka go obuj .,3,Тука го обуй .,Тука го обуй .,Тука го обуй .
ELI,1;06.21,EXP,"xajde sega, stavaj shte ti pomogna .",6,"Xайде сега, ставай ще ти помогна .","Xайде сега , ставай ще ти помогна .","Xайде сега , ставай ще ти помогна ."
ELI,1;06.21,EXP,mechka .,1,Мечка .,Мечка .,Мечка .
ELI,1;06.21,EXP,"xajde mamo, ela, ela .",4,"Xайде мамо, ела, ела .","Xайде мамо , ела , ела .","Xайде мамо , ела , ела ."
ELI,1;06.21,EXP,"+, deto go nauchixme +/.",4,"+, дето го научиxме +/.",", дето го научиxме .",", дето го научиxме ."
ELI,1;06.21,EXP,kyde ti e kofata da zalepim tazi lepenka ?,8,Къде ти е кофата да залепим тази лепенка ?,Къде ти е кофата да залепим тази лепенка ?,Къде ти е кофата да залепим тази лепенка ?
ELI,1;06.21,EXP,xajde ela da slozhim gyrneto .,5,Xайде ела да сложим гърнето .,Xайде ела да сложим гърнето .,Xайде ела да сложим гърнето .
ELI,1;06.21,EXP,"ne e bau@o , katerichka e .",5,"Не е бау@о , катеричка е .","Не е бау , катеричка е .","Не е бау , катеричка е ."
ELI,1;06.21,EXP,kakvo pravi bati ?,3,Какво прави бати ?,Какво прави бати ?,Какво прави бати ?
ELI,1;06.21,EXP,Tova kakvo e ?,3,Това какво е ?,Това какво е ?,Това какво е ?
ELI,1;06.21,EXP,kakvo iskash ?,2,Какво искаш ?,Какво искаш ?,Какво искаш ?
ELI,1;06.21,EXP,chao .,1,Чао .,Чао .,Чао .
ELI,1;06.21,EXP,"+, kaka .",1,"+, кака .",", кака .",", кака ."
ELI,1;06.21,EXP,kazhi kakvo e tova ?,4,Кажи какво е това ?,Кажи какво е това ?,Кажи какво е това ?
ELI,1;06.21,EXP,"tozi bati ne mozhe da se lepi, mamo .",8,"Този бати не може да се лепи, мамо .","Този бати не може да се лепи , мамо .","Този бати не може да се лепи , мамо ."
ELI,1;06.21,EXP,"da mamo, bebe .",3,"Да мамо, бебе .","Да мамо , бебе .","Да мамо , бебе ."
ELI,1;06.21,EXP,kakvo ?,1,Какво ?,Какво ?,Какво ?
ELI,1;06.21,EXP,kakvo ?,1,Какво ?,Какво ?,Какво ?
ELI,1;06.21,EXP,kyde ti e kofata da ja zalepim ?,7,Къде ти е кофата да я залепим ?,Къде ти е кофата да я залепим ?,Къде ти е кофата да я залепим ?
ELI,1;06.21,EXP,zatvarjaj vratata .,2,Затваряй вратата .,Затваряй вратата .,Затваряй вратата .
ELI,1;06.21,EXP,shte ti se zavie svjat i shte padnesh vyrxu saksijata i sled tova shte ti izjam nosa .,17,Ще ти се завие свят и ще паднеш върxу саксията и след това ще ти изям носа .,Ще ти се завие свят и ще паднеш върxу саксията и след това ще ти изям носа .,Ще ти се завие свят и ще паднеш върxу саксията и след това ще ти изям носа .
ELI,1;06.21,EXP,"a, vizh kakvi lepenki !",4,"А, виж какви лепенки !","А , виж какви лепенки !","А , виж какви лепенки !"
ELI,1;07.03,EXP,az nosja druga lyzhica .,4,Аз нося друга лъжица .,Аз нося друга лъжица .,Аз нося друга лъжица .
ELI,1;07.03,EXP,"kakvo pravi, mamo ?",3,"Какво прави, мамо ?","Какво прави , мамо ?","Какво прави , мамо ?"
ELI,1;07.03,EXP,"Eli, ela mamo da napravim zapischeto .",6,"Ели, ела мамо да направим записчето .","Ели , ела мамо да направим записчето .","Ели , ела мамо да направим записчето ."
ELI,1;07.03,EXP,"a-m, nali sega jade ?",4,"А-м, нали сега яде ?","А-м , нали сега яде ?","А-м , нали сега яде ?"
ELI,1;07.03,EXP,"kakvo papka, mamo ?",3,"Какво папка, мамо ?","Какво папка , мамо ?","Какво папка , мамо ?"
ELI,1;07.03,EXP,zashto ?,1,Защо ?,Защо ?,Защо ?
ELI,1;07.03,EXP,kakvo e tova ?,3,Какво е това ?,Какво е това ?,Какво е това ?
ELI,1;07.03,EXP,da otivam da nosja jabylka .,5,Да отивам да нося ябълка .,Да отивам да нося ябълка .,Да отивам да нося ябълка .
ELI,1;07.03,EXP,"mucunka, mucunka .",2,"Муцунка, муцунка .","Муцунка , муцунка .","Муцунка , муцунка ."
ELI,1;07.03,EXP,"idi ja zanesi na masata, ako njama da ja jadesh .",10,"Иди я занеси на масата, ако няма да я ядеш .","Иди я занеси на масата , ако няма да я ядеш .","Иди я занеси на масата , ако няма да я ядеш ."
ELI,1;07.03,EXP,"a tova, kakvo e ?",4,"А това, какво е ?","А това , какво е ?","А това , какво е ?"
ELI,1;07.03,EXP,"zapis pravim, ela tuk .",4,"Запис правим, ела тук .","Запис правим , ела тук .","Запис правим , ела тук ."
ELI,1;07.03,EXP,kakvo iskash da papkash ?,4,Какво искаш да папкаш ?,Какво искаш да папкаш ?,Какво искаш да папкаш ?
ELI,1;07.03,EXP,Ela .,1,Ела .,Ела .,Ела .
ELI,1;07.03,EXP,I kakvo pravi bebeto ?,4,И какво прави бебето ?,И какво прави бебето ?,И какво прави бебето ?
ELI,1;07.03,EXP,"ja vizh, vizh .",3,"Я виж, виж .","Я виж , виж .","Я виж , виж ."
ELI,1;07.03,EXP,tuka dyrzhi zajko .,3,Тука държи зайко .,Тука държи зайко .,Тука държи зайко .
ELI,1;07.03,EXP,"a, tova koj e mamo ?",5,"А, това кой е мамо ?","А , това кой е мамо ?","А , това кой е мамо ?"
ELI,1;07.03,EXP,roklichka .,1,Рокличка .,Рокличка .,Рокличка .
ELI,1;07.03,EXP,"koj i e vzel kolata, mamo ?",6,"Кой и е взел колата, мамо ?","Кой и е взел колата , мамо ?","Кой и е взел колата , мамо ?"
ELI,1;07.03,EXP,"a, tova mami li e ?",5,"А, това мами ли е ?","А , това мами ли е ?","А , това мами ли е ?"
ELI,1;07.03,EXP,"xajde, obyrni se .",3,"Xайде, обърни се .","Xайде , обърни се .","Xайде , обърни се ."
ELI,1;07.03,EXP,ot pantalona .,2,От панталона .,От панталона .,От панталона .
ELI,1;07.03,EXP,kozichka .,1,Козичка .,Козичка .,Козичка .
ELI,1;07.03,EXP,koja iskash ?,2,Коя искаш ?,Коя искаш ?,Коя искаш ?
ELI,1;07.03,EXP,Eli .,1,Ели .,Ели .,Ели .
ELI,1;07.03,EXP,++ koj e s neja .,4,++ кой е с нея .,кой е с нея .,кой е с нея .
ELI,1;07.03,EXP,"maj, maj padna .",3,"Май, май падна .","Май , май падна .","Май , май падна ."
ELI,1;07.03,EXP,"a, mamo ?",2,"А, мамо ?","А , мамо ?","А , мамо ?"
ELI,1;07.03,EXP,"kakvo e tova, mamo ?",4,"Какво е това, мамо ?","Какво е това , мамо ?","Какво е това , мамо ?"
ELI,1;07.03,EXP,shte te jam az tebe .,5,Ще те ям аз тебе .,Ще те ям аз тебе .,Ще те ям аз тебе .
ELI,1;07.03,EXP,kakvo pravi momichenceto ?,3,Какво прави момиченцето ?,Какво прави момиченцето ?,Какво прави момиченцето ?
ELI,1;07.03,EXP,a tova e vylka .,4,А това е вълка .,А това е вълка .,А това е вълка .
ELI,1;07.03,EXP,tozi koj e ?,3,Този кой е ?,Този кой е ?,Този кой е ?
ELI,1;07.03,EXP,"kakvo pravi tuka kaka dani, mamo ?",6,"Какво прави тука кака дани, мамо ?","Какво прави тука кака дани , мамо ?","Какво прави тука кака дани , мамо ?"
ELI,1;07.08,EXP,zashto ?,1,Защо ?,Защо ?,Защо ?
ELI,1;07.08,EXP,"Ima li obuvki, mamo meca ?",5,"Има ли обувки, мамо меца ?","Има ли обувки , мамо меца ?","Има ли обувки , мамо меца ?"
ELI,1;07.08,BOR,kakvo stana tuka be ?,4,Какво стана тука бе ?,Какво стана тука бе ?,Какво стана тука бе ?
ELI,1;07.08,EXP,"kakvo kaza tati, che e tova ?",6,"Какво каза тати, че е това ?","Какво каза тати , че е това ?","Какво каза тати , че е това ?"
ELI,1;07.08,EXP,kazhi mi mamo ?,3,Кажи ми мамо ?,Кажи ми мамо ?,Кажи ми мамо ?
ELI,1;07.08,EXP,razvali kyshtata .,2,Развали къщата .,Развали къщата .,Развали къщата .
ELI,1;07.08,EXP,Tova ?,1,Това ?,Това ?,Това ?
ELI,1;07.08,EXP,trjabva da pishash v gyrneto .,5,Трябва да пишаш в гърнето .,Трябва да пишаш в гърнето .,Трябва да пишаш в гърнето .
ELI,1;07.08,BOR,o-pa .,1,О-па .,О-па .,О-па .
ELI,1;07.08,EXP,"ej, neposlushke .",2,"Ей, непослушке .","Ей , непослушке .","Ей , непослушке ."
ELI,1;07.08,EXP,Kati sega shte ja gledame .,5,Кати сега ще я гледаме .,Кати сега ще я гледаме .,Кати сега ще я гледаме .
ELI,1;07.08,EXP,"piso, stiga byrka nasam natam i vadi razni neshta, zashtoto shte te machkam .",13,"Писо, стига бърка насам натам и вади разни неща, защото ще те мачкам .","Писо , стига бърка насам натам и вади разни неща , защото ще те мачкам .","Писо , стига бърка насам натам и вади разни неща , защото ще те мачкам ."
ELI,1;07.08,BOR,zapovjadaj .,1,Заповядай .,Заповядай .,Заповядай .
ELI,1;07.08,EXP,"a-u, kakvo jadesh ti ?",4,"А-у, какво ядеш ти ?","А-у , какво ядеш ти ?","А-у , какво ядеш ти ?"
ELI,1;07.08,BOR,zashto ?,1,Защо ?,Защо ?,Защо ?
ELI,1;07.08,EXP,I stava edno losho neshto na ekrancheto .,7,И става едно лошо нещо на екранчето .,И става едно лошо нещо на екранчето .,И става едно лошо нещо на екранчето .
ELI,1;07.08,BOR,tazi li si xaresa ti ?,5,Тази ли си xареса ти ?,Тази ли си xареса ти ?,Тази ли си xареса ти ?
ELI,1;07.08,BOR,xajde podavaj mi .,3,Xайде подавай ми .,Xайде подавай ми .,Xайде подавай ми .
ELI,1;07.08,EXP,"njama li go, mamo, tati tam ?",6,"Няма ли го, мамо, тати там ?","Няма ли го , мамо , тати там ?","Няма ли го , мамо , тати там ?"
ELI,1;07.08,EXP,kakvo pravi bebeto tam ?,4,Какво прави бебето там ?,Какво прави бебето там ?,Какво прави бебето там ?
ELI,1;07.08,EXP,"a-u, kakvo stava, mamo ?",4,"А-у, какво става, мамо ?","А-у , какво става , мамо ?","А-у , какво става , мамо ?"
ELI,1;07.08,EXP,"idi s tati, mamo .",4,"Иди с тати, мамо .","Иди с тати , мамо .","Иди с тати , мамо ."
ELI,1;07.08,EXP,"elito ima li pulover, mamo ?",5,"Елито има ли пуловер, мамо ?","Елито има ли пуловер , мамо ?","Елито има ли пуловер , мамо ?"
ELI,1;07.08,EXP,Ima li ?,2,Има ли ?,Има ли ?,Има ли ?
ELI,1;07.08,BOR,I trjabva da vikame bebeta .,5,И трябва да викаме бебета .,И трябва да викаме бебета .,И трябва да викаме бебета .
ELI,1;07.08,BOR,chakaj .,1,Чакай .,Чакай .,Чакай .
ELI,1;07.08,BOR,"Ela tuka, sega shte gi xranim .",6,"Ела тука, сега ще ги xраним .","Ела тука , сега ще ги xраним .","Ела тука , сега ще ги xраним ."
ELI,1;07.08,EXP,"o, i tja ima jakichka na pulovera i tja si go razteglja .",12,"О, и тя има якичка на пуловера и тя си го разтегля .","О , и тя има якичка на пуловера и тя си го разтегля .","О , и тя има якичка на пуловера и тя си го разтегля ."
ELI,1;07.08,EXP,"a tova koj e, mamo ?",5,"А това кой е, мамо ?","А това кой е , мамо ?","А това кой е , мамо ?"
ELI,1;07.08,EXP,tuk li da go ostavim ?,5,Тук ли да го оставим ?,Тук ли да го оставим ?,Тук ли да го оставим ?
ELI,1;07.08,BOR,"pokazhi gi, tja da zjapa .",5,"Покажи ги, тя да зяпа .","Покажи ги , тя да зяпа .","Покажи ги , тя да зяпа ."
ELI,1;07.08,EXP,"a, tova ?",2,"А, това ?","А , това ?","А , това ?"
ELI,1;07.08,BOR,pravo v ustata .,3,Право в устата .,Право в устата .,Право в устата .
ELI,1;07.08,BOR,tjax shte gi naredim na edinija stol .,7,Тяx ще ги наредим на единия стол .,Тяx ще ги наредим на единия стол .,Тяx ще ги наредим на единия стол .
ELI,1;07.08,EXP,da mama .,2,Да мама .,Да мама .,Да мама .
ELI,1;07.08,EXP,kukurigu@o Petljo .,2,Кукуригу@о петльо .,Кукуригу петльо .,Кукуригу петльо .
ELI,1;07.13,EXP,"vizh, ribata kak shte izjade malechko-palechko .",6,"Виж, рибата как ще изяде малечко-палечко .","Виж , рибата как ще изяде малечко-палечко .","Виж , рибата как ще изяде малечко-палечко ."
ELI,1;07.13,EXP,ox .,1,Оx .,Оx .,Оx .
ELI,1;07.13,EXP,kuklo .,1,Кукло .,Кукло .,Кукло .
ELI,1;07.13,EXP,kyde otide ?,2,Къде отиде ?,Къде отиде ?,Къде отиде ?
ELI,1;07.13,EXP,kakvo ?,1,Какво ?,Какво ?,Какво ?
ELI,1;07.13,EXP,navsjakyde ribi .,2,Навсякъде риби .,Навсякъде риби .,Навсякъде риби .
ELI,1;07.13,EXP,"njama li ja, mamo ?",4,"Няма ли я, мамо ?","Няма ли я , мамо ?","Няма ли я , мамо ?"
ELI,1;07.13,EXP,topcheta .,1,Топчета .,Топчета .,Топчета .
ELI,1;07.13,EXP,mama kak gi razglezhda vnimatelno .,5,Мама как ги разглежда внимателно .,Мама как ги разглежда внимателно .,Мама как ги разглежда внимателно .
ELI,1;07.13,EXP,shte ja ostavish vyrxu masata .,5,Ще я оставиш върxу масата .,Ще я оставиш върxу масата .,Ще я оставиш върxу масата .
ELI,1;07.13,EXP,"ej, pisana .",2,"Ей, писана .","Ей , писана .","Ей , писана ."
ELI,1;07.13,EXP,ognishteto .,1,Огнището .,Огнището .,Огнището .
ELI,1;07.13,EXP,da e po-vkusnichko .,3,Да е по-вкусничко .,Да е по-вкусничко .,Да е по-вкусничко .
ELI,1;07.13,EXP,elito s mucunkata napred .,4,Елито с муцунката напред .,Елито с муцунката напред .,Елито с муцунката напред .
ELI,1;07.13,EXP,"vizh, stava svetlo .",3,"Виж, става светло .","Виж , става светло .","Виж , става светло ."
ELI,1;07.13,EXP,pari .,1,Пари .,Пари .,Пари .
ELI,1;07.13,EXP,"Eli, ne taka .",3,"Ели, не така .","Ели , не така .","Ели , не така ."
ELI,1;07.13,EXP,"vizh go xubavo, kakvo e ?",5,"Виж го xубаво, какво е ?","Виж го xубаво , какво е ?","Виж го xубаво , какво е ?"
ELI,1;07.13,EXP,tuka pari li ?,3,Тука пари ли ?,Тука пари ли ?,Тука пари ли ?
ELI,1;07.13,EXP,tymno stana .,2,Тъмно стана .,Тъмно стана .,Тъмно стана .
ELI,1;07.13,EXP,Tova kakvo e ?,3,Това какво е ?,Това какво е ?,Това какво е ?
ELI,1;07.13,EXP,Bambi .,1,Бамби .,Бамби .,Бамби .
ELI,1;07.13,EXP,"taka li, izplezilo si e ezicheto .",6,"Така ли, изплезило си е езичето .","Така ли , изплезило си е езичето .","Така ли , изплезило си е езичето ."
ELI,1;07.13,EXP,"kakvo iskash, mamo da xapnex, kakvo ?",6,"Какво искаш, мамо да xапнеx, какво ?","Какво искаш , мамо да xапнеx , какво ?","Какво искаш , мамо да xапнеx , какво ?"
ELI,1;07.13,EXP,mishe .,1,Мише .,Мише .,Мише .
ELI,1;07.13,EXP,koja riba naj-mnogo ti xaresva ?,5,Коя риба най-много ти xаресва ?,Коя риба най-много ти xаресва ?,Коя риба най-много ти xаресва ?
ELI,1;07.13,EXP,kakvo ?,1,Какво ?,Какво ?,Какво ?
ELI,1;07.13,EXP,tazi li e takava .,4,Тази ли е такава .,Тази ли е такава .,Тази ли е такава .
ELI,1;07.13,EXP,njama da kysash .,3,Няма да късаш .,Няма да късаш .,Няма да късаш .
ELI,1;07.13,EXP,"ritka, ritka, ritka .",3,"Ритка, ритка, ритка .","Ритка , ритка , ритка .","Ритка , ритка , ритка ."
ELI,1;07.13,EXP,"Kati eto ja tam, kati .",5,"Кати ето я там, кати .","Кати ето я там , кати .","Кати ето я там , кати ."
ELI,1;07.13,EXP,kakvoto vidish i .,3,Каквото видиш и .,Каквото видиш и .,Каквото видиш и .
ELI,1;07.13,EXP,zashto iskash pette knizhki navednyzh da chetesh ?,7,Защо искаш петте книжки наведнъж да четеш ?,Защо искаш петте книжки наведнъж да четеш ?,Защо искаш петте книжки наведнъж да четеш ?
ELI,1;07.13,EXP,kakvo mamo ?,2,Какво мамо ?,Какво мамо ?,Какво мамо ?
ELI,1;07.13,EXP,eto ja .,2,Ето я .,Ето я .,Ето я .
ELI,1;07.13,EXP,"kakvo pravjat te, mamo ?",4,"Какво правят те, мамо ?","Какво правят те , мамо ?","Какво правят те , мамо ?"
ELI,1;07.13,EXP,tazi li ?,2,Тази ли ?,Тази ли ?,Тази ли ?
ELI,1;07.13,EXP,"Tova kakvo e, mamo ?",4,"Това какво е, мамо ?","Това какво е , мамо ?","Това какво е , мамо ?"
ELI,1;07.13,EXP,kakvo ima chete koteto ?,4,Какво има чете котето ?,Какво има чете котето ?,Какво има чете котето ?
ELI,1;07.13,EXP,kakvo ?,1,Какво ?,Какво ?,Какво ?
ELI,1;07.13,EXP,nie maj neja ne sme ja cheli .,7,Ние май нея не сме я чели .,Ние май нея не сме я чели .,Ние май нея не сме я чели .
ELI,1;07.13,EXP,"kakvo pravjat ribite, pluvat li ?",5,"Какво правят рибите, плуват ли ?","Какво правят рибите , плуват ли ?","Какво правят рибите , плуват ли ?"
ELI,1;07.13,EXP,"govori s nego po telefoncheto, mamo .",6,"Говори с него по телефончето, мамо .","Говори с него по телефончето , мамо .","Говори с него по телефончето , мамо ."
ELI,1;07.22,BOR,"kakvo stana eli, kakvo napravi ?",5,"Какво стана ели, какво направи ?","Какво стана ели , какво направи ?","Какво стана ели , какво направи ?"
ELI,1;07.22,BOR,ja izduxaj nosleto .,3,Я издуxай нослето .,Я издуxай нослето .,Я издуxай нослето .
ELI,1;07.22,EXP,na prednija zapis deto go skapaxme .,6,На предния запис дето го скапаxме .,На предния запис дето го скапаxме .,На предния запис дето го скапаxме .
ELI,1;07.22,EXP,kakvo i ima ?,3,Какво и има ?,Какво и има ?,Какво и има ?
ELI,1;07.22,EXP,"a-u, che e udobnichko .",4,"А-у, че е удобничко .","А-у , че е удобничко .","А-у , че е удобничко ."
ELI,1;07.22,BOR,kazhi chorapcheta .,2,Кажи чорапчета .,Кажи чорапчета .,Кажи чорапчета .
ELI,1;07.22,BOR,"Eli, naxrani li se ?",4,"Ели, наxрани ли се ?","Ели , наxрани ли се ?","Ели , наxрани ли се ?"
ELI,1;07.22,EXP,kakvo gledashe elito po televizijata ?,5,Какво гледаше елито по телевизията ?,Какво гледаше елито по телевизията ?,Какво гледаше елито по телевизията ?
ELI,1;07.22,BOR,kakvo shte pravi eli ?,4,Какво ще прави ели ?,Какво ще прави ели ?,Какво ще прави ели ?
ELI,1;07.22,BOR,kyde e bolito na elito ?,5,Къде е болито на елито ?,Къде е болито на елито ?,Къде е болито на елито ?
ELI,1;07.22,BOR,kakvo ?,1,Какво ?,Какво ?,Какво ?
ELI,1;07.22,EXP,"a, otzad dekora i beshe s kakvo ?",7,"А, отзад декора и беше с какво ?","А , отзад декора и беше с какво ?","А , отзад декора и беше с какво ?"
ELI,1;07.22,EXP,"kakvo sa tova, mamo ?",4,"Какво са това, мамо ?","Какво са това , мамо ?","Какво са това , мамо ?"
ELI,1;07.22,BOR,xajde da smenim pampersa .,4,Xайде да сменим памперса .,Xайде да сменим памперса .,Xайде да сменим памперса .
ELI,1;07.22,EXP,Sega dishash li xubavo ?,4,Сега дишаш ли xубаво ?,Сега дишаш ли xубаво ?,Сега дишаш ли xубаво ?
ELI,1;07.22,BOR,koj e bolen ?,3,Кой е болен ?,Кой е болен ?,Кой е болен ?
ELI,1;07.22,EXP,kyde ?,1,Къде ?,Къде ?,Къде ?
ELI,1;07.22,BOR,vytre li shte gi puskash ?,5,Вътре ли ще ги пускаш ?,Вътре ли ще ги пускаш ?,Вътре ли ще ги пускаш ?
ELI,1;07.22,EXP,"za balona deto sutrinta si stanala i kakvo si puskala, mamo ?",11,"За балона дето сутринта си станала и какво си пускала, мамо ?","За балона дето сутринта си станала и какво си пускала , мамо ?","За балона дето сутринта си станала и какво си пускала , мамо ?"
ELI,1;07.22,EXP,zashto ?,1,Защо ?,Защо ?,Защо ?
ELI,1;07.22,BOR,"ne, ne tam .",3,"Не, не там .","Не , не там .","Не , не там ."
ELI,1;07.22,BOR,"I kakvo ima mecheto, tati ?",5,"И какво има мечето, тати ?","И какво има мечето , тати ?","И какво има мечето , тати ?"
ELI,1;07.22,BOR,xajde da otidem ottatyk .,4,Xайде да отидем оттатък .,Xайде да отидем оттатък .,Xайде да отидем оттатък .
ELI,1;07.22,BOR,iskash da papash li ?,4,Искаш да папаш ли ?,Искаш да папаш ли ?,Искаш да папаш ли ?
ELI,1;07.22,BOR,kakvo tati .,2,Какво тати .,Какво тати .,Какво тати .
ELI,1;07.22,EXP,"a, edni chexli .",3,"А, едни чеxли .","А , едни чеxли .","А , едни чеxли ."
ELI,1;07.22,BOR,bez topche .,2,Без топче .,Без топче .,Без топче .
SIM,1;01.28,PLA,kakvo iskash ?,2,Какво искаш ?,Какво искаш ?,Какво искаш ?
SIM,1;01.28,PLA,da !,1,Да !,Да !,Да !
SIM,1;01.28,PLA,kakvo iskash ?,2,Какво искаш ?,Какво искаш ?,Какво искаш ?
SIM,1;01.28,PLA,"koj se chuva tam, mamo ?",5,"Кой се чува там, мамо ?","Кой се чува там , мамо ?","Кой се чува там , мамо ?"
SIM,1;02.25,DIM,"gore li, tati ?",3,"Горе ли, тати ?","Горе ли , тати ?","Горе ли , тати ?"
SIM,1;02.25,PLA,tati shte pie li chaj ?,5,Тати ще пие ли чай ?,Тати ще пие ли чай ?,Тати ще пие ли чай ?
SIM,1;02.28,PLA,kakvo jadesh ?,2,Какво ядеш ?,Какво ядеш ?,Какво ядеш ?
SIM,1;04.14,PLA,pchelata kakvo dava ?,3,Пчелата какво дава ?,Пчелата какво дава ?,Пчелата какво дава ?
SIM,1;04.14,PLA,vizh kakvi golemi nokti ima .,5,Виж какви големи нокти има .,Виж какви големи нокти има .,Виж какви големи нокти има .
SIM,1;04.14,PLA,kak pravi ?,2,Как прави ?,Как прави ?,Как прави ?
SIM,1;04.14,PLA,Na zajo da dam li ?,5,На зайо да дам ли ?,На зайо да дам ли ?,На зайо да дам ли ?
SIM,1;04.14,DIM,"tati, tati, tati .",3,"Тати, тати, тати .","Тати , тати , тати .","Тати , тати , тати ."
SIM,1;04.14,PLA,"ne, be mamo, njama ako !",5,"Не, бе мамо, няма ако !","Не , бе мамо , няма ако !","Не , бе мамо , няма ако !"
SIM,1;04.14,PLA,Zajo ?,1,Зайо ?,Зайо ?,Зайо ?
SIM,1;04.14,PLA,Koj e tova ?,3,Кой е това ?,Кой е това ?,Кой е това ?
SIM,1;04.14,PLA,kamyni ima po pytja .,4,Камъни има по пътя .,Камъни има по пътя .,Камъни има по пътя .
SIM,1;04.14,PLA,"eto, mame, vodata .",3,"Ето, маме, водата .","Ето , маме , водата .","Ето , маме , водата ."
SIM,1;04.14,PLA,kak pravi agneto ?,3,Как прави агнето ?,Как прави агнето ?,Как прави агнето ?
SIM,1;04.19,PLA,simona ?,1,Симона ?,Симона ?,Симона ?
SIM,1;04.19,PLA,"tuk bluzkata e mokra, shte ja perem .",7,"Тук блузката е мокра, ще я перем .","Тук блузката е мокра , ще я перем .","Тук блузката е мокра , ще я перем ."
SIM,1;04.19,PLA,"tuk sa, tuk sa kartofkite, mamo .",6,"Тук са, тук са картофките, мамо .","Тук са , тук са картофките , мамо .","Тук са , тук са картофките , мамо ."
SIM,1;04.19,PLA,kosa .,1,Коса .,Коса .,Коса .
SIM,1;04.19,PLA,"ti nali veche spinka, mamo ?",5,"Ти нали вече спинка, мамо ?","Ти нали вече спинка , мамо ?","Ти нали вече спинка , мамо ?"
SIM,1;04.19,PLA,izlja go .,2,Изля го .,Изля го .,Изля го .
SIM,1;04.19,PLA,"kosa, kosa .",2,"Коса, коса .","Коса , коса .","Коса , коса ."
SIM,1;04.19,PLA,Iskash li krastavichka ?,3,Искаш ли краставичка ?,Искаш ли краставичка ?,Искаш ли краставичка ?
SIM,1;04.19,DIM,"blagodarja, tate !",2,"Благодаря, тате !","Благодаря , тате !","Благодаря , тате !"
SIM,1;04.19,DIM,"kakvo shche mi dadesh, tati ?",5,"Какво шче ми дадеш, тати ?","Какво шче ми дадеш , тати ?","Какво шче ми дадеш , тати ?"
SIM,1;04.19,PLA,"da, mami .",2,"Да, мами .","Да , мами .","Да , мами ."
SIM,1;04.19,PLA,"kosa, za kosata e tova .",5,"Коса, за косата е това .","Коса , за косата е това .","Коса , за косата е това ."
SIM,1;04.19,PLA,"tja izleze, mamo .",3,"Тя излезе, мамо .","Тя излезе , мамо .","Тя излезе , мамо ."
SIM,1;04.25,PLA,tuk kakvo ima ?,3,Тук какво има ?,Тук какво има ?,Тук какво има ?
SIM,1;04.25,PLA,shte govorish li na bebeto ?,5,Ще говориш ли на бебето ?,Ще говориш ли на бебето ?,Ще говориш ли на бебето ?
SIM,1;04.25,PLA,"da, mamo .",2,"Да, мамо .","Да , мамо .","Да , мамо ."
SIM,1;04.25,PLA,"auu, gyba .",2,"Ауу, гъба .","Ауу , гъба .","Ауу , гъба ."
SIM,1;04.25,PLA,bratche .,1,Братче .,Братче .,Братче .
SIM,1;04.25,PLA,bratche .,1,Братче .,Братче .,Братче .
SIM,1;04.25,PLA,xrana .,1,Xрана .,Xрана .,Xрана .
SIM,1;04.25,PLA,Moni da ne skochi ?,4,Мони да не скочи ?,Мони да не скочи ?,Мони да не скочи ?
SIM,1;04.25,PLA,da si igrae s tvoite igrachki .,6,Да си играе с твоите играчки .,Да си играе с твоите играчки .,Да си играе с твоите играчки .
SIM,1;05.02,PLA,byrkash li ?,2,Бъркаш ли ?,Бъркаш ли ?,Бъркаш ли ?
SIM,1;05.02,PLA,goljama kaka moni !,3,Голяма кака мони !,Голяма кака мони !,Голяма кака мони !
SIM,1;05.02,PLA,kupi .,1,Купи .,Купи .,Купи .
SIM,1;05.02,PLA,da !,1,Да !,Да !,Да !
SIM,1;05.02,PLA,"dovechera, kato piesh pak mljako .",5,"Довечера, като пиеш пак мляко .","Довечера , като пиеш пак мляко .","Довечера , като пиеш пак мляко ."
SIM,1;05.02,PLA,bravo na Moni !,3,Браво на мони !,Браво на мони !,Браво на мони !
SIM,1;05.02,PLA,"vratata e zatvorena, da .",4,"Вратата е затворена, да .","Вратата е затворена , да .","Вратата е затворена , да ."
SIM,1;05.02,PLA,kakvo shte gi pravish ?,4,Какво ще ги правиш ?,Какво ще ги правиш ?,Какво ще ги правиш ?
SIM,1;05.02,PLA,mnogo trudno .,2,Много трудно .,Много трудно .,Много трудно .
SIM,1;05.02,PLA,"trudno e, mamo, da .",4,"Трудно е, мамо, да .","Трудно е , мамо , да .","Трудно е , мамо , да ."
SIM,1;05.02,PLA,"ja go pipni, studeno li e ?",6,"Я го пипни, студено ли е ?","Я го пипни , студено ли е ?","Я го пипни , студено ли е ?"
SIM,1;05.02,PLA,"byrkam, byrkam, byrkam .",3,"Бъркам, бъркам, бъркам .","Бъркам , бъркам , бъркам .","Бъркам , бъркам , бъркам ."
SIM,1;05.02,PLA,"koj dava mljako, mamo ?",4,"Кой дава мляко, мамо ?","Кой дава мляко , мамо ?","Кой дава мляко , мамо ?"
SIM,1;05.10,PLA,koteto se skri .,3,Котето се скри .,Котето се скри .,Котето се скри .
SIM,1;05.10,PLA,"jadem samo vytreshnoto, mamo .",4,"Ядем само вътрешното, мамо .","Ядем само вътрешното , мамо .","Ядем само вътрешното , мамо ."
SIM,1;05.10,PLA,pak shte se kachi .,4,Пак ще се качи .,Пак ще се качи .,Пак ще се качи .
SIM,1;05.10,PLA,"az slagam moite, ti slagash tvoite ochila .",7,"Аз слагам моите, ти слагаш твоите очила .","Аз слагам моите , ти слагаш твоите очила .","Аз слагам моите , ти слагаш твоите очила ."
SIM,1;05.10,PLA,vizh kakvi golemi nokti ima .,5,Виж какви големи нокти има .,Виж какви големи нокти има .,Виж какви големи нокти има .
SIM,1;05.10,PLA,"gotovo, sega si chista .",4,"Готово, сега си чиста .","Готово , сега си чиста .","Готово , сега си чиста ."
SIM,1;05.10,PLA,mmm vkusen banan .,3,Ммм вкусен банан .,Ммм вкусен банан .,Ммм вкусен банан .
SIM,1;05.10,PLA,vizh rozite .,2,Виж розите .,Виж розите .,Виж розите .
SIM,1;05.10,PLA,"eto, vizh sega, tova shte go izxvyrlja v kosha .",9,"Ето, виж сега, това ще го изxвърля в коша .","Ето , виж сега , това ще го изxвърля в коша .","Ето , виж сега , това ще го изxвърля в коша ."
SIM,1;05.10,PLA,"dobre, dyrzha go gore .",4,"Добре, държа го горе .","Добре , държа го горе .","Добре , държа го горе ."
SIM,1;05.10,PLA,ja go vizh .,3,Я го виж .,Я го виж .,Я го виж .
SIM,1;05.16,PLA,"ti jade mnogo, mamo .",4,"Ти яде много, мамо .","Ти яде много , мамо .","Ти яде много , мамо ."
SIM,1;05.16,PLA,"kyde e tozi kosym, mamo ?",5,"Къде е този косъм, мамо ?","Къде е този косъм , мамо ?","Къде е този косъм , мамо ?"
SIM,1;05.16,PLA,da si ja slozhi li mama ?,6,Да си я сложи ли мама ?,Да си я сложи ли мама ?,Да си я сложи ли мама ?
SIM,1;05.16,PLA,pej ?,1,Пей ?,Пей ?,Пей ?
SIM,1;05.16,PLA,"ritaj, xajde ritaj !",3,"Ритай, xайде ритай !","Ритай , xайде ритай !","Ритай , xайде ритай !"
SIM,1;05.16,PLA,eto taka .,2,Ето така .,Ето така .,Ето така .
SIM,1;05.16,PLA,"bravo, mamo !",2,"Браво, мамо !","Браво , мамо !","Браво , мамо !"
SIM,1;05.16,PLA,Simonchii .,1,Симончии .,Симончии .,Симончии .
SIM,1;05.16,PLA,"da, ochila .",2,"Да, очила .","Да , очила .","Да , очила ."
SIM,1;05.16,PLA,da ja ritna li az ?,5,Да я ритна ли аз ?,Да я ритна ли аз ?,Да я ритна ли аз ?
SIM,1;05.16,PLA,chuvash li go ?,3,Чуваш ли го ?,Чуваш ли го ?,Чуваш ли го ?
SIM,1;05.18,PLA,kokoko [: kokoshka] snasjat jajca .,3,Кококо [: кокошка] снасят яйца .,Кококо снасят яйца .,Кококо снасят яйца .
SIM,1;05.18,PLA,"pricheska li si pravish, mamo ?",5,"Прическа ли си правиш, мамо ?","Прическа ли си правиш , мамо ?","Прическа ли си правиш , мамо ?"
SIM,1;05.18,PLA,"da, imash mnogo xubavi chorapi s kotki .",7,"Да, имаш много xубави чорапи с котки .","Да , имаш много xубави чорапи с котки .","Да , имаш много xубави чорапи с котки ."
SIM,1;05.18,PLA,"da, mama .",2,"Да, мама .","Да , мама .","Да , мама ."
SIM,1;05.18,PLA,gyrne .,1,Гърне .,Гърне .,Гърне .
SIM,1;05.18,PLA,Moni ima pricheska .,3,Мони има прическа .,Мони има прическа .,Мони има прическа .
SIM,1;05.18,PLA,pypche .,1,Пъпче .,Пъпче .,Пъпче .
SIM,1;05.18,PLA,shte stavame li ot gyrneto ?,5,Ще ставаме ли от гърнето ?,Ще ставаме ли от гърнето ?,Ще ставаме ли от гърнето ?
SIM,1;05.21,PLA,"auu, kakvo se chuva ?",4,"Ауу, какво се чува ?","Ауу , какво се чува ?","Ауу , какво се чува ?"
SIM,1;05.21,PLA,iskash li ?,2,Искаш ли ?,Искаш ли ?,Искаш ли ?
SIM,1;05.21,PLA,"mnogo e tjasno, mamo .",4,"Много е тясно, мамо .","Много е тясно , мамо .","Много е тясно , мамо ."
SIM,1;05.21,PLA,"ostavi gi, da .",3,"Остави ги, да .","Остави ги , да .","Остави ги , да ."
SIM,1;05.21,PLA,"ne, ne .",2,"Не, не .","Не , не .","Не , не ."
SIM,1;05.21,PLA,"+, dobre .",1,"+, добре .",", добре .",", добре ."
SIM,1;05.21,PLA,da .,1,Да .,Да .,Да .
SIM,1;05.21,PLA,mecho na kogo nosi vtoroto pismo ?,6,Мечо на кого носи второто писмо ?,Мечо на кого носи второто писмо ?,Мечо на кого носи второто писмо ?
SIM,1;05.21,KAL,olio .,1,Олио .,Олио .,Олио .
SIM,1;05.21,PLA,tjasno e .,2,Тясно е .,Тясно е .,Тясно е .
SIM,1;05.21,PLA,celijat se kype tati .,4,Целият се къпе тати .,Целият се къпе тати .,Целият се къпе тати .
SIM,1;05.21,KAL,s olioto shachama kakvo e tova .,6,С олиото шачама какво е това .,С олиото шачама какво е това .,С олиото шачама какво е това .
SIM,1;05.21,PLA,"daj go na baba da gotvi, molja te .",8,"Дай го на баба да готви, моля те .","Дай го на баба да готви , моля те .","Дай го на баба да готви , моля те ."
SIM,1;05.21,PLA,"surova e, ne se jade .",5,"Сурова е, не се яде .","Сурова е , не се яде .","Сурова е , не се яде ."
SIM,1;05.21,PLA,ja pogledni .,2,Я погледни .,Я погледни .,Я погледни .
SIM,1;05.21,PLA,toplo e .,2,Топло е .,Топло е .,Топло е .
SIM,1;05.21,PLA,"mnogo e toplo, mamo, da gi obuvame .",7,"Много е топло, мамо, да ги обуваме .","Много е топло , мамо , да ги обуваме .","Много е топло , мамо , да ги обуваме ."
SIM,1;05.21,KAL,"shte ja izmiem, ela da ja izmiem .",7,"Ще я измием, ела да я измием .","Ще я измием , ела да я измием .","Ще я измием , ела да я измием ."
SIM,1;05.21,PLA,ja vizh goljamata kotka .,4,Я виж голямата котка .,Я виж голямата котка .,Я виж голямата котка .
SIM,1;05.21,PLA,kakvo pravi katerichkata ?,3,Какво прави катеричката ?,Какво прави катеричката ?,Какво прави катеричката ?
SIM,1;05.21,PLA,v banjata s dusha .,4,В банята с душа .,В банята с душа .,В банята с душа .
SIM,1;06.06,PLA,"mamo, tova e kafe, ne mozhe da si kusvash kafe .",10,"Мамо, това е кафе, не може да си кусваш кафе .","Мамо , това е кафе , не може да си кусваш кафе .","Мамо , това е кафе , не може да си кусваш кафе ."
SIM,1;06.06,PLA,koteto pomirisa li go ?,4,Котето помириса ли го ?,Котето помириса ли го ?,Котето помириса ли го ?
SIM,1;06.06,PLA,eto legnax .,2,Ето легнаx .,Ето легнаx .,Ето легнаx .
SIM,1;06.06,PLA,da .,1,Да .,Да .,Да .
SIM,1;06.06,PLA,"da, mamo, vizhdam .",3,"Да, мамо, виждам .","Да , мамо , виждам .","Да , мамо , виждам ."
SIM,1;06.06,PLA,iskash tam da postelim odealoto ?,5,Искаш там да постелим одеалото ?,Искаш там да постелим одеалото ?,Искаш там да постелим одеалото ?
SIM,1;06.06,PLA,"mamo, kakvo imash na rokljata ?",5,"Мамо, какво имаш на роклята ?","Мамо , какво имаш на роклята ?","Мамо , какво имаш на роклята ?"
SIM,1;06.06,PLA,da .,1,Да .,Да .,Да .
SIM,1;06.06,PLA,auu !,1,Ауу !,Ауу !,Ауу !
SIM,1;06.06,PLA,"koj drug e na snimkata, mamo ?",6,"Кой друг е на снимката, мамо ?","Кой друг е на снимката , мамо ?","Кой друг е на снимката , мамо ?"
SIM,1;06.06,PLA,xajde ritaj .,2,Xайде ритай .,Xайде ритай .,Xайде ритай .
SIM,1;06.06,PLA,tvojata roklja e mnogo krasiva .,5,Твоята рокля е много красива .,Твоята рокля е много красива .,Твоята рокля е много красива .
SIM,1;06.06,PLA,"Kalojancho, Kalojancho, mamo, tvoeto bratche .",5,"Калоянчо, калоянчо, мамо, твоето братче .","Калоянчо , калоянчо , мамо , твоето братче .","Калоянчо , калоянчо , мамо , твоето братче ."
SIM,1;06.06,PLA,Simonchi ?,1,Симончи ?,Симончи ?,Симончи ?
SIM,1;06.06,KAL,gali ?,1,Гали ?,Гали ?,Гали ?
SIM,1;06.06,PLA,kakvo tyrsish ?,2,Какво търсиш ?,Какво търсиш ?,Какво търсиш ?
SIM,1;06.06,PLA,ja vizh !,2,Я виж !,Я виж !,Я виж !
SIM,1;06.06,PLA,"da, mamo, koteto plache .",4,"Да, мамо, котето плаче .","Да , мамо , котето плаче .","Да , мамо , котето плаче ."
SIM,1;06.06,PLA,mnogo xubavo mirishe .,3,Много xубаво мирише .,Много xубаво мирише .,Много xубаво мирише .
SIM,1;06.06,PLA,"da, mamo .",2,"Да, мамо .","Да , мамо .","Да , мамо ."
SIM,1;06.06,PLA,vyzglavnichkata li gushkash ti ?,4,Възглавничката ли гушкаш ти ?,Възглавничката ли гушкаш ти ?,Възглавничката ли гушкаш ти ?
SIM,1;06.19,PLA,daa .,1,Даа .,Даа .,Даа .
SIM,1;06.19,PLA,"xop, xajde da ti pomogna da se kachish .",8,"Xоп, xайде да ти помогна да се качиш .","Xоп , xайде да ти помогна да се качиш .","Xоп , xайде да ти помогна да се качиш ."
SIM,1;06.19,KAL,Kalojancho kakvo pie ?,3,Калоянчо какво пие ?,Калоянчо какво пие ?,Калоянчо какво пие ?
SIM,1;06.19,PLA,zakljuch .,1,Закльуч .,Закльуч .,Закльуч .
SIM,1;06.19,PLA,kakvo ima na tazi topka ?,5,Какво има на тази топка ?,Какво има на тази топка ?,Какво има на тази топка ?
SIM,1;06.19,PLA,mmm vkusno .,2,Ммм вкусно .,Ммм вкусно .,Ммм вкусно .
SIM,1;06.19,PLA,shte si igraem li na topka ?,6,Ще си играем ли на топка ?,Ще си играем ли на топка ?,Ще си играем ли на топка ?
SIM,1;06.19,PLA,tuk .,1,Тук .,Тук .,Тук .
SIM,1;06.27,PLA,njama poveche .,2,Няма повече .,Няма повече .,Няма повече .
SIM,1;06.27,PLA,"ne, mami .",2,"Не, мами .","Не , мами .","Не , мами ."
SIM,1;06.27,PLA,kakvo pravish ?,2,Какво правиш ?,Какво правиш ?,Какво правиш ?
SIM,1;06.27,PLA,iskash li da si izpiesh chaja ?,6,Искаш ли да си изпиеш чая ?,Искаш ли да си изпиеш чая ?,Искаш ли да си изпиеш чая ?
SIM,1;06.27,KAL,xajde izpij tova .,3,Xайде изпий това .,Xайде изпий това .,Xайде изпий това .
SIM,1;06.27,PLA,molja te .,2,Моля те .,Моля те .,Моля те .
SIM,1;06.27,PLA,"kak se kazva vtoeto bratche, mamo ?",6,"Как се казва втоето братче, мамо ?","Как се казва втоето братче , мамо ?","Как се казва втоето братче , мамо ?"
SIM,1;06.27,PLA,"kakvo, mamo ?",2,"Какво, мамо ?","Какво , мамо ?","Какво , мамо ?"
SIM,1;06.27,PLA,kazhi mamo .,2,Кажи мамо .,Кажи мамо .,Кажи мамо .
SIM,1;07.06,PLA,kyde se slaga tozi banski ?,5,Къде се слага този бански ?,Къде се слага този бански ?,Къде се слага този бански ?
SIM,1;07.06,PLA,kak kazvam na baba ?,4,Как казвам на баба ?,Как казвам на баба ?,Как казвам на баба ?
SIM,1;07.06,PLA,"Simonchi, mama kak kazva na baba ?",6,"Симончи, мама как казва на баба ?","Симончи , мама как казва на баба ?","Симончи , мама как казва на баба ?"
SIM,1;07.06,PLA,no toj ne se slaga na glavata .,7,Но той не се слага на главата .,Но той не се слага на главата .,Но той не се слага на главата .
SIM,1;07.08,PLA,dobre .,1,Добре .,Добре .,Добре .
SIM,1;07.08,PLA,auu !,1,Ауу !,Ауу !,Ауу !
SIM,1;07.08,PLA,mxm .,1,Мxм .,Мxм .,Мxм .
SIM,1;07.08,PLA,"samo edna, molja te !",4,"Само една, моля те !","Само една , моля те !","Само една , моля те !"
SIM,1;07.08,PLA,xm .,1,Xм .,Xм .,Xм .
SIM,1;07.08,PLA,ima malko cvetence .,3,Има малко цветенце .,Има малко цветенце .,Има малко цветенце .
SIM,1;07.08,PLA,"ama zashto da te dyrzha, mamo, nali iskashe da izlezem ?",10,"Ама защо да те държа, мамо, нали искаше да излезем ?","Ама защо да те държа , мамо , нали искаше да излезем ?","Ама защо да те държа , мамо , нали искаше да излезем ?"
SIM,1;07.08,PLA,shte si obuesh li chorapite ?,5,Ще си обуеш ли чорапите ?,Ще си обуеш ли чорапите ?,Ще си обуеш ли чорапите ?
SIM,1;07.08,PLA,drugoto kakyv cvjat e ?,4,Другото какъв цвят е ?,Другото какъв цвят е ?,Другото какъв цвят е ?
SIM,1;07.11,PLA,"ne, veche ne pari .",4,"Не, вече не пари .","Не , вече не пари .","Не , вече не пари ."
SIM,1;07.11,PLA,ti iskash li da sednesh ?,5,Ти искаш ли да седнеш ?,Ти искаш ли да седнеш ?,Ти искаш ли да седнеш ?
SIM,1;07.11,PLA,da .,1,Да .,Да .,Да .
SIM,1;07.11,KAL,zapovjadaj .,1,Заповядай .,Заповядай .,Заповядай .
SIM,1;07.11,PLA,"Kakvo be, mamo ?",3,"Какво бе, мамо ?","Какво бе , мамо ?","Какво бе , мамо ?"
SIM,1;07.11,PLA,"lyuleem se, daa .",3,"Люлеем се, даа .","Люлеем се , даа .","Люлеем се , даа ."
SIM,1;07.11,PLA,"tvojata tikvichka, da .",3,"Твоята тиквичка, да .","Твоята тиквичка , да .","Твоята тиквичка , да ."
SIM,1;07.11,PLA,kogo lekuvaxa ?,2,Кого лекуваxа ?,Кого лекуваxа ?,Кого лекуваxа ?
SIM,1;07.11,PLA,"nishto, to shte izstine .",4,"Нищо, то ще изстине .","Нищо , то ще изстине .","Нищо , то ще изстине ."
SIM,1;07.18,PLA,blagodarja .,1,Благодаря .,Благодаря .,Благодаря .
SIM,1;07.18,PLA,"vizh, ima prychki .",3,"Виж, има пръчки .","Виж , има пръчки .","Виж , има пръчки ."
SIM,1;07.18,KAL,eej tam e moreto .,4,Еей там е морето .,Еей там е морето .,Еей там е морето .
SIM,1;07.18,PLA,dovechera s kakite v kolko chasa imame sreshta ?,8,Довечера с каките в колко часа имаме среща ?,Довечера с каките в колко часа имаме среща ?,Довечера с каките в колко часа имаме среща ?
SIM,1;07.18,KAL,a nie na koja planeta zhiveem ?,6,А ние на коя планета живеем ?,А ние на коя планета живеем ?,А ние на коя планета живеем ?
SIM,1;07.18,PLA,shofira .,1,Шофира .,Шофира .,Шофира .
SIM,1;07.19,PLA,kyrpichki poveche ne mi trjabvat .,5,Кърпички повече не ми трябват .,Кърпички повече не ми трябват .,Кърпички повече не ми трябват .
SIM,1;07.19,PLA,tova e shishe .,3,Това е шише .,Това е шише .,Това е шише .
SIM,1;07.19,PLA,samo edna kyrpichka .,3,Само една кърпичка .,Само една кърпичка .,Само една кърпичка .
SIM,1;07.19,PLA,s mecho ?,2,С мечо ?,С мечо ?,С мечо ?
SIM,1;07.19,PLA,mxm .,1,Мxм .,Мxм .,Мxм .
SIM,1;07.19,PLA,"bravo, mamo !",2,"Браво, мамо !","Браво , мамо !","Браво , мамо !"
SIM,1;07.19,PLA,"ne moga, mamo .",3,"Не мога, мамо .","Не мога , мамо .","Не мога , мамо ."
SIM,1;07.19,PLA,"mm, kakvo xubavo meche !",4,"Мм, какво xубаво мече !","Мм , какво xубаво мече !","Мм , какво xубаво мече !"
SIM,1;07.21,PLA,odraska te .,2,Одраска те .,Одраска те .,Одраска те .
SIM,1;07.21,PLA,ne stypvaj vyrxu topkata shte padnesh .,6,Не стъпвай върxу топката ще паднеш .,Не стъпвай върxу топката ще паднеш .,Не стъпвай върxу топката ще паднеш .
SIM,1;07.21,PLA,"da, Kalojancho jade .",3,"Да, калоянчо яде .","Да , калоянчо яде .","Да , калоянчо яде ."
SIM,1;07.22,PLA,kakvo ima tam ?,3,Какво има там ?,Какво има там ?,Какво има там ?
SIM,1;07.22,PLA,to na kakvo prilichashe ?,4,То на какво приличаше ?,То на какво приличаше ?,То на какво приличаше ?
SIM,1;07.22,PLA,"dobre, mamo .",2,"Добре, мамо .","Добре , мамо .","Добре , мамо ."
SIM,1;07.23,DIM,xajde .,1,Xайде .,Xайде .,Xайде .
SIM,1;07.23,DIM,dinjaja .,1,Диняя .,Диняя .,Диняя .
SIM,1;07.23,DIM,tova e bokluche .,3,Това е боклуче .,Това е боклуче .,Това е боклуче .
SIM,1;07.23,DIM,Moni iska dinja .,3,Мони иска диня .,Мони иска диня .,Мони иска диня .
SIM,1;07.23,KAL,ne iskash .,2,Не искаш .,Не искаш .,Не искаш .
SIM,1;07.23,DIM,Moni iska li dinka ?,4,Мони иска ли динка ?,Мони иска ли динка ?,Мони иска ли динка ?
SIM,1;07.23,DIM,"boli, da .",2,"Боли, да .","Боли , да .","Боли , да ."
SIM,1;07.23,KAL,dobre .,1,Добре .,Добре .,Добре .
SIM,1;07.23,KAL,shte gi jadesh li ?,4,Ще ги ядеш ли ?,Ще ги ядеш ли ?,Ще ги ядеш ли ?
SIM,1;07.24,PLA,kakvo drugo si kupi ?,4,Какво друго си купи ?,Какво друго си купи ?,Какво друго си купи ?
SIM,1;07.28,PLA,xajde da xodim v toaletnata !,5,Xайде да xодим в тоалетната !,Xайде да xодим в тоалетната !,Xайде да xодим в тоалетната !
SIM,1;07.28,PLA,auu !,1,Ауу !,Ауу !,Ауу !
SIM,1;07.28,PLA,sega shte spite li dvamata ?,5,Сега ще спите ли двамата ?,Сега ще спите ли двамата ?,Сега ще спите ли двамата ?
SIM,1;07.28,KAL,chakame da izstine chushkata .,4,Чакаме да изстине чушката .,Чакаме да изстине чушката .,Чакаме да изстине чушката .
SIM,1;07.28,PLA,eto otvorix go .,3,Ето отвориx го .,Ето отвориx го .,Ето отвориx го .
SIM,1;07.28,PLA,ti imash ako !,3,Ти имаш ако !,Ти имаш ако !,Ти имаш ако !
SIM,1;07.28,PLA,dobre .,1,Добре .,Добре .,Добре .
SIM,1;07.28,PLA,"gorchi, da .",2,"Горчи, да .","Горчи , да .","Горчи , да ."
SIM,1;07.28,PLA,"kakvo gledash, mamo ?",3,"Какво гледаш, мамо ?","Какво гледаш , мамо ?","Какво гледаш , мамо ?"
SIM,1;08.01,PLA,"pechkata ne pee, mami .",4,"Печката не пее, мами .","Печката не пее , мами .","Печката не пее , мами ."
SIM,1;08.01,PLA,da ne te xapjat .,4,Да не те xапят .,Да не те xапят .,Да не те xапят .
SIM,1;08.01,PLA,"za baba e, no kakyv cvjat e ?",7,"За баба е, но какъв цвят е ?","За баба е , но какъв цвят е ?","За баба е , но какъв цвят е ?"
SIM,1;08.01,PLA,"mnogo e goljama, da .",4,"Много е голяма, да .","Много е голяма , да .","Много е голяма , да ."
SIM,1;08.06,PLA,blagodarja .,1,Благодаря .,Благодаря .,Благодаря .
SIM,1;08.06,PLA,Moni kakvo jadesh ?,3,Мони какво ядеш ?,Мони какво ядеш ?,Мони какво ядеш ?
SIM,1;08.06,PLA,biskvitka ?,1,Бисквитка ?,Бисквитка ?,Бисквитка ?
SIM,1;08.06,PLA,"mm, mnogo e vkusen .",4,"Мм, много е вкусен .","Мм , много е вкусен .","Мм , много е вкусен ."
SIM,1;08.06,PLA,"daleche e, ne mozhesh da ja stignesh .",7,"Далече е, не можеш да я стигнеш .","Далече е , не можеш да я стигнеш .","Далече е , не можеш да я стигнеш ."
SIM,1;08.06,PLA,"mnogo e vkusno, nali ?",4,"Много е вкусно, нали ?","Много е вкусно , нали ?","Много е вкусно , нали ?"
SIM,1;08.06,PLA,da .,1,Да .,Да .,Да .
SIM,1;08.06,PLA,"bravo, milichko !",2,"Браво, миличко !","Браво , миличко !","Браво , миличко !"
SIM,1;08.07,PLA,blagodarja .,1,Благодаря .,Благодаря .,Благодаря .
SIM,1;08.07,KAL,"koj suchi, babo, koj kuchi ?",5,"Кой сучи, бабо, кой кучи ?","Кой сучи , бабо , кой кучи ?","Кой сучи , бабо , кой кучи ?"
SIM,1;08.07,PLA,izcapal se e s mljako .,5,Изцапал се е с мляко .,Изцапал се е с мляко .,Изцапал се е с мляко .
SIM,1;08.07,KAL,celuni go .,2,Целуни го .,Целуни го .,Целуни го .
SIM,1;08.07,KAL,baba kakvo jade ?,3,Баба какво яде ?,Баба какво яде ?,Баба какво яде ?
SIM,1;08.07,PLA,a ti kyde imash benka ?,5,А ти къде имаш бенка ?,А ти къде имаш бенка ?,А ти къде имаш бенка ?
SIM,1;08.07,PLA,tazi shapka li ?,3,Тази шапка ли ?,Тази шапка ли ?,Тази шапка ли ?
SIM,1;08.07,PLA,kolko ?,1,Колко ?,Колко ?,Колко ?
SIM,1;08.10,PLA,slusha li ?,2,Слуша ли ?,Слуша ли ?,Слуша ли ?
SIM,1;08.10,PLA,ama na pytja minavat koli .,5,Ама на пътя минават коли .,Ама на пътя минават коли .,Ама на пътя минават коли .
SIM,1;08.10,PLA,kyde iskash da xodim ?,4,Къде искаш да xодим ?,Къде искаш да xодим ?,Къде искаш да xодим ?
SIM,1;08.10,PLA,"Arina, bjagaj !",2,"Арина, бягай !","Арина , бягай !","Арина , бягай !"
SIM,1;08.10,PLA,ja vizh tati kakvo e ostavil otvyn .,7,Я виж тати какво е оставил отвън .,Я виж тати какво е оставил отвън .,Я виж тати какво е оставил отвън .
SIM,1;08.11,PLA,kakvo malko .,2,Какво малко .,Какво малко .,Какво малко .
SIM,1;08.11,PLA,"dve, ama ednata ja vze ot men .",7,"Две, ама едната я взе от мен .","Две , ама едната я взе от мен .","Две , ама едната я взе от мен ."
SIM,1;08.11,PLA,kak go kazaxme ?,3,Как го казаxме ?,Как го казаxме ?,Как го казаxме ?
SIM,1;08.12,KAL,kyde e Ogi ?,3,Къде е оги ?,Къде е оги ?,Къде е оги ?
SIM,1;08.12,KAL,molja .,1,Моля .,Моля .,Моля .
SIM,1;08.12,KAL,bravo !,1,Браво !,Браво !,Браво !
SIM,1;08.12,KAL,bluzka .,1,Блузка .,Блузка .,Блузка .
SIM,1;08.12,KAL,kyde vizhdash koshche ?,3,Къде виждаш кошче ?,Къде виждаш кошче ?,Къде виждаш кошче ?
SIM,1;08.13,PLA,"da, ima stara kyshta tam .",5,"Да, има стара къща там .","Да , има стара къща там .","Да , има стара къща там ."
SIM,1;08.13,PLA,"na Moni, kato se kachi v kolata ѝ slagame kolan .",10,"На мони, като се качи в колата ѝ слагаме колан .","На мони , като се качи в колата ѝ слагаме колан .","На мони , като се качи в колата ѝ слагаме колан ."
SIM,1;08.13,PLA,kakvo dvete ?,2,Какво двете ?,Какво двете ?,Какво двете ?
SIM,1;08.13,PLA,"koe brymchi, mamo ?",3,"Кое бръмчи, мамо ?","Кое бръмчи , мамо ?","Кое бръмчи , мамо ?"
SIM,1;08.13,PLA,moreto dnes dali e burno ?,5,Морето днес дали е бурно ?,Морето днес дали е бурно ?,Морето днес дали е бурно ?
SIM,1;08.13,PLA,Moni shte jade sandvich .,4,Мони ще яде сандвич .,Мони ще яде сандвич .,Мони ще яде сандвич .
SIM,1;08.13,PLA,"v gorata ima mnogo dyrveta, mamo .",6,"В гората има много дървета, мамо .","В гората има много дървета , мамо .","В гората има много дървета , мамо ."
SIM,1;08.14,PLA,molja .,1,Моля .,Моля .,Моля .
SIM,1;08.14,PLA,"Moni, kyde e kofichkata ?",4,"Мони, къде е кофичката ?","Мони , къде е кофичката ?","Мони , къде е кофичката ?"
SIM,1;08.14,PLA,"ne go kysaj, neka da porasne .",6,"Не го късай, нека да порасне .","Не го късай , нека да порасне .","Не го късай , нека да порасне ."
SIM,1;08.14,PLA,zelenite njama da gi berem .,5,Зелените няма да ги берем .,Зелените няма да ги берем .,Зелените няма да ги берем .
SIM,1;08.14,PLA,zhylti sa .,2,Жълти са .,Жълти са .,Жълти са .
SIM,1;08.17,PLA,taka go puskash otnovo .,4,Така го пускаш отново .,Така го пускаш отново .,Така го пускаш отново .
SIM,1;08.17,PLA,iskash li oshte dinja ?,4,Искаш ли още диня ?,Искаш ли още диня ?,Искаш ли още диня ?
SIM,1;08.17,PLA,"aa, igrachkata .",2,"Аа, играчката .","Аа , играчката .","Аа , играчката ."
SIM,1;08.17,PLA,kakvo ima na masata .,4,Какво има на масата .,Какво има на масата .,Какво има на масата .
SIM,1;08.17,PLA,"da, mami, tvoite drexi prostira .",5,"Да, мами, твоите дреxи простира .","Да , мами , твоите дреxи простира .","Да , мами , твоите дреxи простира ."
SIM,1;08.17,PLA,mnogo e krasiva .,3,Много е красива .,Много е красива .,Много е красива .
SIM,1;08.17,PLA,"a, baba kakvo pravi vyn ?",5,"А, баба какво прави вън ?","А , баба какво прави вън ?","А , баба какво прави вън ?"
SIM,1;08.17,PLA,kakvo ?,1,Какво ?,Какво ?,Какво ?
SIM,1;08.22,PLA,"toj spinka oshte, mamo .",4,"Той спинка още, мамо .","Той спинка още , мамо .","Той спинка още , мамо ."
SIM,1;08.22,PLA,"meko e, da .",3,"Меко е, да .","Меко е , да .","Меко е , да ."
SIM,1;08.22,PLA,tezi gashti na kogo sa ?,5,Тези гащи на кого са ?,Тези гащи на кого са ?,Тези гащи на кого са ?
SIM,1;08.22,PLA,"da, mamo, shte mu dadem kapki, no ne sa tezi kapkite .",11,"Да, мамо, ще му дадем капки, но не са тези капките .","Да , мамо , ще му дадем капки , но не са тези капките .","Да , мамо , ще му дадем капки , но не са тези капките ."
SIM,1;08.22,PLA,na kogo e ?,3,На кого е ?,На кого е ?,На кого е ?
SIM,1;08.24,PLA,"peesh li, mamo ?",3,"Пееш ли, мамо ?","Пееш ли , мамо ?","Пееш ли , мамо ?"
SIM,1;08.24,PLA,kape medyt .,2,Капе медът .,Капе медът .,Капе медът .
SIM,1;08.24,PLA,"dobre, otivam za malka lyzhichka .",5,"Добре, отивам за малка лъжичка .","Добре , отивам за малка лъжичка .","Добре , отивам за малка лъжичка ."
SIM,1;08.26,PLA,"da, mamo .",2,"Да, мамо .","Да , мамо .","Да , мамо ."
SIM,1;09.02,PLA,mama ne slusha li ?,4,Мама не слуша ли ?,Мама не слуша ли ?,Мама не слуша ли ?
SIM,1;09.02,PLA,kakvo e tova ?,3,Какво е това ?,Какво е това ?,Какво е това ?
SIM,1;09.02,PLA,"kolko sa, mami, dve ili tri ?",6,"Колко са, мами, две или три ?","Колко са , мами , две или три ?","Колко са , мами , две или три ?"
SIM,1;09.02,PLA,koj izcapa tam ?,3,Кой изцапа там ?,Кой изцапа там ?,Кой изцапа там ?
SIM,1;09.02,PLA,"a, mamo, az da meta .",5,"А, мамо, аз да мета .","А , мамо , аз да мета .","А , мамо , аз да мета ."
SIM,1;09.02,PLA,shte padnesh ot tam .,4,Ще паднеш от там .,Ще паднеш от там .,Ще паднеш от там .
SIM,1;09.02,PLA,ima li muxi ?,3,Има ли муxи ?,Има ли муxи ?,Има ли муxи ?
SIM,1;09.02,PLA,udobno ti e na kracheto ?,5,Удобно ти е на крачето ?,Удобно ти е на крачето ?,Удобно ти е на крачето ?
SIM,1;09.02,PLA,chakaj da ti pomogna .,4,Чакай да ти помогна .,Чакай да ти помогна .,Чакай да ти помогна .
SIM,1;09.02,PLA,dobre .,1,Добре .,Добре .,Добре .
SIM,1;09.02,PLA,i drugo e napravila .,4,И друго е направила .,И друго е направила .,И друго е направила .
SIM,1;09.03,PLA,ti kakvo shte narisuvash ?,4,Ти какво ще нарисуваш ?,Ти какво ще нарисуваш ?,Ти какво ще нарисуваш ?
SIM,1;09.03,PLA,mirishe li ?,2,Мирише ли ?,Мирише ли ?,Мирише ли ?
SIM,1;09.03,KAL,vkusno li e ?,3,Вкусно ли е ?,Вкусно ли е ?,Вкусно ли е ?
SIM,1;09.03,PLA,mami .,1,Мами .,Мами .,Мами .
SIM,1;09.03,PLA,"da ja napravim drug cvjat, chervena .",6,"Да я направим друг цвят, червена .","Да я направим друг цвят , червена .","Да я направим друг цвят , червена ."
SIM,1;09.03,PLA,na kakvo beshe stypila ?,4,На какво беше стъпила ?,На какво беше стъпила ?,На какво беше стъпила ?
SIM,1;09.03,KAL,"zashto kashli, kakvo ja boli ?",5,"Защо кашли, какво я боли ?","Защо кашли , какво я боли ?","Защо кашли , какво я боли ?"
SIM,1;09.03,PLA,jabylki ?,1,Ябълки ?,Ябълки ?,Ябълки ?
SIM,1;09.03,PLA,oranzhev .,1,Оранжев .,Оранжев .,Оранжев .
SIM,1;09.03,KAL,"o, ne .",2,"О, не .","О , не .","О , не ."
SIM,1;09.03,KAL,"Maca kakvo praveshe sutrinta, kato se sybudi ti ?",8,"Маца какво правеше сутринта, като се събуди ти ?","Маца какво правеше сутринта , като се събуди ти ?","Маца какво правеше сутринта , като се събуди ти ?"
SIM,1;09.03,PLA,na snimkata koj beshe ?,4,На снимката кой беше ?,На снимката кой беше ?,На снимката кой беше ?
SIM,1;09.03,PLA,ne e li zajo ?,4,Не е ли зайо ?,Не е ли зайо ?,Не е ли зайо ?
SIM,1;09.03,PLA,ne te razbrax .,3,Не те разбраx .,Не те разбраx .,Не те разбраx .
SIM,1;09.04,PLA,mozhesh li sama da pusnesh televizora ?,6,Можеш ли сама да пуснеш телевизора ?,Можеш ли сама да пуснеш телевизора ?,Можеш ли сама да пуснеш телевизора ?
SIM,1;09.04,PLA,Moni kakva e ?,3,Мони каква е ?,Мони каква е ?,Мони каква е ?
SIM,1;09.05,PLA,"tuk sym, mamo .",3,"Тук съм, мамо .","Тук съм , мамо .","Тук съм , мамо ."
SIM,1;09.05,PLA,a koj ja e gotvil ?,5,А кой я е готвил ?,А кой я е готвил ?,А кой я е готвил ?
SIM,1;09.05,PLA,"a tezi bujki [: obuvki] kakvi sa, mamo ?",6,"А тези буйки [: обувки] какви са, мамо ?","А тези буйки какви са , мамо ?","А тези обувки какви са , мамо ?"
SIM,1;09.05,DIM,"tate, gushi, gushi .",3,"Тате, гуши, гуши .","Тате , гуши , гуши .","Тате , гуши , гуши ."
SIM,1;09.05,PLA,kogo obichash ?,2,Кого обичаш ?,Кого обичаш ?,Кого обичаш ?
SIM,1;09.05,PLA,znachi shte spim trimata .,4,Значи ще спим тримата .,Значи ще спим тримата .,Значи ще спим тримата .
SIM,1;09.12,KAL,baba e stara .,3,Баба е стара .,Баба е стара .,Баба е стара .
SIM,1;09.12,PLA,vizh tuk kakvo ima drugo za mandzhata .,7,Виж тук какво има друго за манджата .,Виж тук какво има друго за манджата .,Виж тук какво има друго за манджата .
SIM,1;09.12,PLA,kakvo podrezhdash ?,2,Какво подреждаш ?,Какво подреждаш ?,Какво подреждаш ?
SIM,1;09.12,PLA,Kakvi sa te ?,3,Какви са те ?,Какви са те ?,Какви са те ?
SIM,1;09.16,PLA,lelja .,1,Леля .,Леля .,Леля .
SIM,1;09.16,PLA,a tazi za kalinkite .,4,А тази за калинките .,А тази за калинките .,А тази за калинките .
SIM,1;09.16,PLA,tova kyde se slaga ?,4,Това къде се слага ?,Това къде се слага ?,Това къде се слага ?
SIM,1;09.16,PLA,a tuk Moni s kogo e ?,6,А тук мони с кого е ?,А тук мони с кого е ?,А тук мони с кого е ?
SIM,1;09.16,PLA,izmori li se veche ?,4,Измори ли се вече ?,Измори ли се вече ?,Измори ли се вече ?
SIM,1;09.16,PLA,tochno taka .,2,Точно така .,Точно така .,Точно така .
SIM,1;09.16,PLA,zashto si mushkash rykata tam ?,5,Защо си мушкаш ръката там ?,Защо си мушкаш ръката там ?,Защо си мушкаш ръката там ?
SIM,1;09.16,PLA,"e, ostavi koteto, ostavi koteto .",5,"Е, остави котето, остави котето .","Е , остави котето , остави котето .","Е , остави котето , остави котето ."
SIM,1;09.16,PLA,"eto, shte ja slozhim vytre i shte prodylzhish da ja butash .",11,"Ето, ще я сложим вътре и ще продължиш да я буташ .","Ето , ще я сложим вътре и ще продължиш да я буташ .","Ето , ще я сложим вътре и ще продължиш да я буташ ."
SIM,1;09.16,PLA,znaesh li tati sega kyde e ?,6,Знаеш ли тати сега къде е ?,Знаеш ли тати сега къде е ?,Знаеш ли тати сега къде е ?
SIM,1;09.16,PLA,"chakaj malko, toj ne mozhe samichyk .",6,"Чакай малко, той не може самичък .","Чакай малко , той не може самичък .","Чакай малко , той не може самичък ."
SIM,1;09.16,PLA,a tuk ?,2,А тук ?,А тук ?,А тук ?
SIM,1;09.16,PLA,"stanaxa ni krasivi prystite, veche go pribrax .",7,"Станаxа ни красиви пръстите, вече го прибраx .","Станаxа ни красиви пръстите , вече го прибраx .","Станаxа ни красиви пръстите , вече го прибраx ."
SIM,1;09.16,PLA,a shte mu izpeesh li njakoja pesnichka ?,7,А ще му изпееш ли някоя песничка ?,А ще му изпееш ли някоя песничка ?,А ще му изпееш ли някоя песничка ?
SIM,1;09.17,PLA,kaka Dani .,2,Кака дани .,Кака дани .,Кака дани .
SIM,1;09.17,PLA,"alo, Moni .",2,"Ало, мони .","Ало , мони .","Ало , мони ."
SIM,1;09.17,PLA,"da, veche ne ni trjabva .",5,"Да, вече не ни трябва .","Да , вече не ни трябва .","Да , вече не ни трябва ."
SIM,1;09.17,KAL,"Milka e krava, babo .",4,"Милка е крава, бабо .","Милка е крава , бабо .","Милка е крава , бабо ."
SIM,1;09.17,KAL,"oo, taka li ?",3,"Оо, така ли ?","Оо , така ли ?","Оо , така ли ?"
SIM,1;09.17,KAL,"kakvo vidjaxme, Simonchi ?",3,"Какво видяxме, симончи ?","Какво видяxме , симончи ?","Какво видяxме , симончи ?"
SIM,1;09.17,PLA,"ne otivaj da strjaskash baba, tja veche spinka .",8,"Не отивай да стряскаш баба, тя вече спинка .","Не отивай да стряскаш баба , тя вече спинка .","Не отивай да стряскаш баба , тя вече спинка ."
SIM,1;09.17,PLA,az ne vidjax nikoj da minava .,6,Аз не видяx никой да минава .,Аз не видяx никой да минава .,Аз не видяx никой да минава .
SIM,1;09.17,PLA,i zashto ne kaza ?,4,И защо не каза ?,И защо не каза ?,И защо не каза ?
SIM,1;09.17,PLA,daj mi za malko telefoncheto .,5,Дай ми за малко телефончето .,Дай ми за малко телефончето .,Дай ми за малко телефончето .
SIM,1;09.17,PLA,iskash li da otidem pri bebcho ?,6,Искаш ли да отидем при бебчо ?,Искаш ли да отидем при бебчо ?,Искаш ли да отидем при бебчо ?
SIM,1;09.17,PLA,iskash da ti dyrpam ushite ?,5,Искаш да ти дърпам ушите ?,Искаш да ти дърпам ушите ?,Искаш да ти дърпам ушите ?
SIM,1;09.17,PLA,vizh kakva si malka .,4,Виж каква си малка .,Виж каква си малка .,Виж каква си малка .
SIM,1;09.17,PLA,kakvo e tova ?,3,Какво е това ?,Какво е това ?,Какво е това ?
SIM,1;09.17,PLA,na tvoeto pantalonche koj geroj e ?,6,На твоето панталонче кой герой е ?,На твоето панталонче кой герой е ?,На твоето панталонче кой герой е ?
SIM,1;09.17,PLA,koj ?,1,Кой ?,Кой ?,Кой ?
SIM,1;09.21,PLA,"tuk sym, mamo .",3,"Тук съм, мамо .","Тук съм , мамо .","Тук съм , мамо ."
SIM,1;09.21,PLA,ti s kogo spinkash ?,4,Ти с кого спинкаш ?,Ти с кого спинкаш ?,Ти с кого спинкаш ?
SIM,1;09.21,PLA,vyn shte se izcapat i dvete topki .,7,Вън ще се изцапат и двете топки .,Вън ще се изцапат и двете топки .,Вън ще се изцапат и двете топки .
SIM,1;09.21,PLA,"tam e mokro, mamo .",4,"Там е мокро, мамо .","Там е мокро , мамо .","Там е мокро , мамо ."
SIM,1;09.21,PLA,"dobro utro, mami .",3,"Добро утро, мами .","Добро утро , мами .","Добро утро , мами ."
SIM,1;09.21,PLA,"mnogo kixash, mamo .",3,"Много киxаш, мамо .","Много киxаш , мамо .","Много киxаш , мамо ."
SIM,1;09.21,PLA,idvam .,1,Идвам .,Идвам .,Идвам .
SIM,1;09.21,PLA,otvarjam .,1,Отварям .,Отварям .,Отварям .
SIM,1;09.21,PLA,"mami, tuk te e uxapal edin komar .",7,"Мами, тук те е уxапал един комар .","Мами , тук те е уxапал един комар .","Мами , тук те е уxапал един комар ."
SIM,1;09.23,PLA,"nali go chu, che se razplaka ?",6,"Нали го чу, че се разплака ?","Нали го чу , че се разплака ?","Нали го чу , че се разплака ?"
SIM,1;09.24,PLA,trudno mu e da dyrzhi kremcheto .,6,Трудно му е да държи кремчето .,Трудно му е да държи кремчето .,Трудно му е да държи кремчето .
SIM,1;09.24,PLA,i teb te e uxapalo komarche .,6,И теб те е уxапало комарче .,И теб те е уxапало комарче .,И теб те е уxапало комарче .
SIM,1;09.24,DIM,"zdravej, tate .",2,"Здравей, тате .","Здравей , тате .","Здравей , тате ."
SIM,1;09.25,PLA,chervenite baloni .,2,Червените балони .,Червените балони .,Червените балони .
SIM,1;09.25,PLA,koj e na tazi snimka ?,5,Кой е на тази снимка ?,Кой е на тази снимка ?,Кой е на тази снимка ?
SIM,1;09.29,PLA,oshte ne spinka .,3,Още не спинка .,Още не спинка .,Още не спинка .
SIM,1;09.29,PLA,"kak taka na pot, mamo ?",5,"Как така на пот, мамо ?","Как така на пот , мамо ?","Как така на пот , мамо ?"
SIM,1;10.01,PLA,njamam snimki .,2,Нямам снимки .,Нямам снимки .,Нямам снимки .
SIM,1;10.01,PLA,"da, imash mnogo krasiv pantalon .",5,"Да, имаш много красив панталон .","Да , имаш много красив панталон .","Да , имаш много красив панталон ."
SIM,1;10.01,PLA,tova Groznoto pate li e ?,5,Това грозното пате ли е ?,Това грозното пате ли е ?,Това грозното пате ли е ?
SIM,1;10.01,PLA,"da, mamo .",2,"Да, мамо .","Да , мамо .","Да , мамо ."
SIM,1;10.01,PLA,shte otidem da go vzemem .,5,Ще отидем да го вземем .,Ще отидем да го вземем .,Ще отидем да го вземем .
SIM,1;10.01,DIM,"tate, taka e, trjabva da vnimavash .",6,"Тате, така е, трябва да внимаваш .","Тате , така е , трябва да внимаваш .","Тате , така е , трябва да внимаваш ."
SIM,1;10.01,PLA,"vizh kak te gleda Kalojancho sega, igraj si s nego .",10,"Виж как те гледа калоянчо сега, играй си с него .","Виж как те гледа калоянчо сега , играй си с него .","Виж как те гледа калоянчо сега , играй си с него ."
SIM,1;10.01,PLA,kakvo pravixme vinoto ?,3,Какво правиxме виното ?,Какво правиxме виното ?,Какво правиxме виното ?
SIM,1;10.03,PLA,kakvo shte slozhim v boba ?,5,Какво ще сложим в боба ?,Какво ще сложим в боба ?,Какво ще сложим в боба ?
SIM,1;10.03,PLA,"ostavi go, mami, njama ti nishto na kracheto .",8,"Остави го, мами, няма ти нищо на крачето .","Остави го , мами , няма ти нищо на крачето .","Остави го , мами , няма ти нищо на крачето ."
SIM,1;10.03,PLA,shte mi pomagash li da gotvim .,6,Ще ми помагаш ли да готвим .,Ще ми помагаш ли да готвим .,Ще ми помагаш ли да готвим .
SIM,1;10.07,PLA,"toj e oshte mynichyk, ne mozhe taka da se gushka .",10,"Той е още мъничък, не може така да се гушка .","Той е още мъничък , не може така да се гушка .","Той е още мъничък , не може така да се гушка ."
SIM,1;10.07,PLA,"Mausa [: Miki Maus] ama za prane e tazi bluzka s Mausa [: Miki Maus], milo .",12,"Мауса [: мики маус] ама за пране е тази блузка с мауса [: мики маус], мило .","Мауса ама за пране е тази блузка с мауса , мило .","Мауса ама за пране е тази блузка с мауса , мило ."
SIM,1;10.07,PLA,da .,1,Да .,Да .,Да .
SIM,1;10.07,PLA,tazi bluzka s kakvo e ?,5,Тази блузка с какво е ?,Тази блузка с какво е ?,Тази блузка с какво е ?
SIM,1;10.07,PLA,i dvete kracheta obuxme s pantalon .,6,И двете крачета обуxме с панталон .,И двете крачета обуxме с панталон .,И двете крачета обуxме с панталон .
SIM,1;10.07,PLA,daj da ti pomogna .,4,Дай да ти помогна .,Дай да ти помогна .,Дай да ти помогна .
SIM,1;10.07,PLA,malkoto bebe i goljamoto bebe Moni .,6,Малкото бебе и голямото бебе мони .,Малкото бебе и голямото бебе мони .,Малкото бебе и голямото бебе мони .
SIM,1;10.08,PLA,"Kalojancho govori li ti, mame ?",5,"Калоянчо говори ли ти, маме ?","Калоянчо говори ли ти , маме ?","Калоянчо говори ли ти , маме ?"
SIM,1;10.08,PLA,tati kak se kazva ?,4,Тати как се казва ?,Тати как се казва ?,Тати как се казва ?
SIM,1;10.09,PLA,tozi e razvalen .,3,Този е развален .,Този е развален .,Този е развален .
SIM,1;10.10,PLA,mnogo ti blagodarja .,3,Много ти благодаря .,Много ти благодаря .,Много ти благодаря .
SIM,1;10.10,PLA,kazhat mamo .,2,Кажат мамо .,Кажат мамо .,Кажат мамо .
SIM,1;10.12,PLA,vizh kak se glezi .,4,Виж как се глези .,Виж как се глези .,Виж как се глези .
SIM,1;10.12,PLA,da go obyrna li veche bebcho ?,6,Да го обърна ли вече бебчо ?,Да го обърна ли вече бебчо ?,Да го обърна ли вече бебчо ?
SIM,1;10.12,PLA,vzemi si samo edna za da ne gi izsipem na legloto .,11,Вземи си само една за да не ги изсипем на леглото .,Вземи си само една за да не ги изсипем на леглото .,Вземи си само една за да не ги изсипем на леглото .
SIM,1;10.12,PLA,te sa za desert .,4,Те са за десерт .,Те са за десерт .,Те са за десерт .
SIM,1;10.12,PLA,kakvo ?,1,Какво ?,Какво ?,Какво ?
SIM,1;10.13,PLA,"da, mami .",2,"Да, мами .","Да , мами .","Да , мами ."
SIM,1;10.14,PLA,pak li shte pravish chaj ili keks ?,7,Пак ли ще правиш чай или кекс ?,Пак ли ще правиш чай или кекс ?,Пак ли ще правиш чай или кекс ?
SIM,1;10.16,PLA,trjabva da risuvash samo vyrxi lista .,6,Трябва да рисуваш само върxи листа .,Трябва да рисуваш само върxи листа .,Трябва да рисуваш само върxи листа .
SIM,1;10.16,PLA,ti maj gi obyrka pesnichkite .,5,Ти май ги обърка песничките .,Ти май ги обърка песничките .,Ти май ги обърка песничките .
SIM,1;10.16,PLA,balon li ?,2,Балон ли ?,Балон ли ?,Балон ли ?
SIM,1;10.17,PLA,da .,1,Да .,Да .,Да .
SIM,1;10.17,PLA,tozi koj e ?,3,Този кой е ?,Този кой е ?,Този кой е ?
SIM,1;10.22,PLA,"dobre, sjadam do teb .",4,"Добре, сядам до теб .","Добре , сядам до теб .","Добре , сядам до теб ."
SIM,1;10.22,PLA,"tja baba sega otide da go pravi, mami .",8,"Тя баба сега отиде да го прави, мами .","Тя баба сега отиде да го прави , мами .","Тя баба сега отиде да го прави , мами ."
SIM,1;10.22,PLA,"njama, da .",2,"Няма, да .","Няма , да .","Няма , да ."
SIM,1;10.23,PLA,kakvo pie Moni ?,3,Какво пие мони ?,Какво пие мони ?,Какво пие мони ?
SIM,1;10.23,PLA,tova e parchence ot salama .,5,Това е парченце от салама .,Това е парченце от салама .,Това е парченце от салама .
SIM,1;10.27,PLA,mina li sega ?,3,Мина ли сега ?,Мина ли сега ?,Мина ли сега ?
SIM,1;10.27,PLA,drugoto mua .,2,Другото муа .,Другото муа .,Другото муа .
SIM,1;10.29,PLA,"da, mami .",2,"Да, мами .","Да , мами .","Да , мами ."
SIM,1;11.02,PLA,drugo iskash li da si vzimame za izpyt ?,8,Друго искаш ли да си взимаме за изпът ?,Друго искаш ли да си взимаме за изпът ?,Друго искаш ли да си взимаме за изпът ?
SIM,1;11.02,PLA,eto ja shapkata .,3,Ето я шапката .,Ето я шапката .,Ето я шапката .
SIM,1;11.04,PLA,tuk ima oshte edno choveche .,5,Тук има още едно човече .,Тук има още едно човече .,Тук има още едно човече .
SIM,1;11.04,PLA,da .,1,Да .,Да .,Да .
SIM,1;11.04,PLA,"da, mamo, shte dojda sled mynichko .",6,"Да, мамо, ще дойда след мъничко .","Да , мамо , ще дойда след мъничко .","Да , мамо , ще дойда след мъничко ."
SIM,1;11.04,PLA,"da, njakoj se e kachil na dyrvoto .",7,"Да, някой се е качил на дървото .","Да , някой се е качил на дървото .","Да , някой се е качил на дървото ."
SIM,1;11.04,PLA,"dobre, shte vyrvja s Moni .",5,"Добре, ще вървя с мони .","Добре , ще вървя с мони .","Добре , ще вървя с мони ."
SIM,1;11.04,PLA,"edno, dve .",2,"Едно, две .","Едно , две .","Едно , две ."
SIM,1;11.04,PLA,bravo !,1,Браво !,Браво !,Браво !
SIM,1;11.04,PLA,da si napravim snimki li ?,5,Да си направим снимки ли ?,Да си направим снимки ли ?,Да си направим снимки ли ?
SIM,1;11.04,PLA,"toj sega ima baterija, njama nuzhda da ja smenim .",9,"Той сега има батерия, няма нужда да я сменим .","Той сега има батерия , няма нужда да я сменим .","Той сега има батерия , няма нужда да я сменим ."
SIM,1;11.04,PLA,ne te razbrax .,3,Не те разбраx .,Не те разбраx .,Не те разбраx .
SIM,1;11.04,PLA,ot tazi strana se redi .,5,От тази страна се реди .,От тази страна се реди .,От тази страна се реди .
SIM,1;11.04,PLA,Kalojancho go njama .,3,Калоянчо го няма .,Калоянчо го няма .,Калоянчо го няма .
SIM,1;11.07,PLA,kak pravish ?,2,Как правиш ?,Как правиш ?,Как правиш ?
SIM,1;11.07,PLA,ti si kaka .,3,Ти си кака .,Ти си кака .,Ти си кака .
SIM,1;11.07,PLA,"chashata e mrysna, trjabva pyrvo da ja izmiem .",8,"Чашата е мръсна, трябва първо да я измием .","Чашата е мръсна , трябва първо да я измием .","Чашата е мръсна , трябва първо да я измием ."
SIM,1;11.07,PLA,"toj e bebence ne mozhe da obue gashtichki, zashtoto ne mozhe da kazva, mamo, toj ne mozhe da govori .",19,"Той е бебенце не може да обуе гащички, защото не може да казва, мамо, той не може да говори .","Той е бебенце не може да обуе гащички , защото не може да казва , мамо , той не може да говори .","Той е бебенце не може да обуе гащички , защото не може да казва , мамо , той не може да говори ."
SIM,1;11.07,PLA,ne sa namesteni li ?,4,Не са наместени ли ?,Не са наместени ли ?,Не са наместени ли ?
SIM,1;11.08,PLA,"njama, svyrshil e .",3,"Няма, свършил е .","Няма , свършил е .","Няма , свършил е ."
SIM,1;11.08,PLA,da i oxljo ima .,4,Да и оxльо има .,Да и оxльо има .,Да и оxльо има .
SIM,1;11.08,PLA,"zhylydi, da .",2,"Жълъди, да .","Жълъди , да .","Жълъди , да ."
SIM,1;11.08,PLA,ne mozhesh li da pokazhesh s prystcheta ?,7,Не можеш ли да покажеш с пръстчета ?,Не можеш ли да покажеш с пръстчета ?,Не можеш ли да покажеш с пръстчета ?
SIM,1;11.08,PLA,"njama go na zemjata, zashtoto se e kachil tuk gore .",10,"Няма го на земята, защото се е качил тук горе .","Няма го на земята , защото се е качил тук горе .","Няма го на земята , защото се е качил тук горе ."
SIM,1;11.08,PLA,eto gi .,2,Ето ги .,Ето ги .,Ето ги .
SIM,1;11.14,PLA,"da, milichka .",2,"Да, миличка .","Да , миличка .","Да , миличка ."
SIM,1;11.14,PLA,toj oshte ne mozhe sam da sjada .,7,Той още не може сам да сяда .,Той още не може сам да сяда .,Той още не може сам да сяда .
SIM,1;11.14,PLA,"mamo, az veche sym vi snimala taka .",7,"Мамо, аз вече съм ви снимала така .","Мамо , аз вече съм ви снимала така .","Мамо , аз вече съм ви снимала така ."
SIM,1;11.14,PLA,"njama da plachesh, ama njama da mozhem da ja polzvame .",10,"Няма да плачеш, ама няма да можем да я ползваме .","Няма да плачеш , ама няма да можем да я ползваме .","Няма да плачеш , ама няма да можем да я ползваме ."
SIM,1;11.14,PLA,da .,1,Да .,Да .,Да .
SIM,1;11.18,PLA,"da, krasivi koledni lampichki .",4,"Да, красиви коледни лампички .","Да , красиви коледни лампички .","Да , красиви коледни лампички ."
SIM,1;11.18,PLA,s kogo shte spinkash dnes ?,5,С кого ще спинкаш днес ?,С кого ще спинкаш днес ?,С кого ще спинкаш днес ?
SIM,1;11.18,PLA,"da, no trjabva da obuem i pantalon otgore .",8,"Да, но трябва да обуем и панталон отгоре .","Да , но трябва да обуем и панталон отгоре .","Да , но трябва да обуем и панталон отгоре ."
SIM,1;11.19,PLA,televizora .,1,Телевизора .,Телевизора .,Телевизора .
SIM,1;11.23,PLA,kakvo shte pravish sega .,4,Какво ще правиш сега .,Какво ще правиш сега .,Какво ще правиш сега .
SIM,1;11.23,KAL,"ne moga, babo .",3,"Не мога, бабо .","Не мога , бабо .","Не мога , бабо ."
SIM,2;00.00,PLA,"da, chux .",2,"Да, чуx .","Да , чуx .","Да , чуx ."
SIM,2;00.00,PLA,"oo, ne, mamo .",3,"Оо, не, мамо .","Оо , не , мамо .","Оо , не , мамо ."
SIM,2;00.00,KAL,ti dnes kakvo imash ?,4,Ти днес какво имаш ?,Ти днес какво имаш ?,Ти днес какво имаш ?
SIM,2;00.01,PLA,"da, mame, sled malko shte ti ja dam .",8,"Да, маме, след малко ще ти я дам .","Да , маме , след малко ще ти я дам .","Да , маме , след малко ще ти я дам ."
SIM,2;00.06,PLA,"da, gori .",2,"Да, гори .","Да , гори .","Да , гори ."
SIM,2;00.06,PLA,"ne go shtipi, mami .",4,"Не го щипи, мами .","Не го щипи , мами .","Не го щипи , мами ."
SIM,2;00.06,PLA,"dobre, sjadam .",2,"Добре, сядам .","Добре , сядам .","Добре , сядам ."
SIM,2;00.06,PLA,"ne, baba e stanala veche .",5,"Не, баба е станала вече .","Не , баба е станала вече .","Не , баба е станала вече ."
SIM,2;00.06,PLA,da .,1,Да .,Да .,Да .
SIM,2;00.06,PLA,xaresva li ti mesoto ?,4,Xаресва ли ти месото ?,Xаресва ли ти месото ?,Xаресва ли ти месото ?
SIM,2;00.09,PLA,tezi pesnichki ne gi znam .,5,Тези песнички не ги знам .,Тези песнички не ги знам .,Тези песнички не ги знам .
SIM,2;00.18,PLA,na kogo da kazhe.,4,На кого да каже.,На кого да каже .,На кого да каже .
SIM,2;00.20,PLA,ne go izJazhdaj.,3,Не го изяждай.,Не го изяждай .,Не го изяждай .
SIM,2;00.20,PLA,da.,1,Да.,Да .,Да .
SIM,2;00.20,PLA,"da, kato piesh poveche voda, taka pravi.",7,"Да, като пиеш повече вода, така прави.","Да , като пиеш повече вода , така прави .","Да , като пиеш повече вода , така прави ."
SIM,2;00.23,PLA,"otvsjakyde, da.",2,"Отвсякъде, да.","Отвсякъде , да .","Отвсякъде , да ."
SIM,2;00.23,PLA,"da, ama kato padnesh shte plachesh.",6,"Да, ама като паднеш ще плачеш.","Да , ама като паднеш ще плачеш .","Да , ама като паднеш ще плачеш ."
SIM,2;00.23,PLA,"chisti, chisti.",2,"Чисти, чисти.","Чисти , чисти .","Чисти , чисти ."
SIM,2;00.23,PLA,da.,1,Да.,Да .,Да .
SIM,2;00.24,PLA,"tuk njakyde, mamo.",3,"Тук някъде, мамо.","Тук някъде , мамо .","Тук някъде , мамо ."
SIM,2;00.24,PLA,kyde te boli?,3,Къде те боли?,Къде те боли ?,Къде те боли ?
SIM,2;00.26,PLA,nedej da ljagash vyrxu koremcheto mu.,6,Недей да лягаш върxу коремчето му.,Недей да лягаш върxу коремчето му .,Недей да лягаш върxу коремчето му .
SIM,2;00.26,PLA,shte mozhesh li da mi ja slozhish?,7,Ще можеш ли да ми я сложиш?,Ще можеш ли да ми я сложиш ?,Ще можеш ли да ми я сложиш ?
SIM,2;01.05,PLA,"njama, mamo.",2,"Няма, мамо.","Няма , мамо .","Няма , мамо ."
SIM,2;01.05,PLA,"nameri si neshto za Jadene, ne iska da idva.",9,"Намери си нещо за ядене, не иска да идва.","Намери си нещо за ядене , не иска да идва .","Намери си нещо за ядене , не иска да идва ."
SIM,2;01.06,PLA,"shte go zaboli, nJama da go shtipesh tam.",8,"Ще го заболи, няма да го щипеш там.","Ще го заболи , няма да го щипеш там .","Ще го заболи , няма да го щипеш там ."
SIM,2;01.06,PLA,izbjagal dalech v gorata.,4,Избягал далеч в гората.,Избягал далеч в гората .,Избягал далеч в гората .
SIM,2;01.06,PLA,prasencata posle?,2,Прасенцата после?,Прасенцата после ?,Прасенцата после ?
SIM,2;01.06,PLA,sega nali ti obuvam chorapogashtnik.,5,Сега нали ти обувам чорапогащник.,Сега нали ти обувам чорапогащник .,Сега нали ти обувам чорапогащник .
SIM,2;01.06,PLA,i posle prasencata kakvo napravili?,5,И после прасенцата какво направили?,И после прасенцата какво направили ?,И после прасенцата какво направили ?
SIM,2;01.10,PLA,dobre.,1,Добре.,Добре .,Добре .
SIM,2;01.10,PLA,nali shteshe da go slushash sys slushalkite?,7,Нали щеше да го слушаш със слушалките?,Нали щеше да го слушаш със слушалките ?,Нали щеше да го слушаш със слушалките ?
SIM,2;01.10,PLA,"ne, samo za pyrzholi e.",5,"Не, само за пържоли е.","Не , само за пържоли е .","Не , само за пържоли е ."
SIM,2;01.12,PLA,toj mozhe da ne iska sega da si lapa rycete.,10,Той може да не иска сега да си лапа ръцете.,Той може да не иска сега да си лапа ръцете .,Той може да не иска сега да си лапа ръцете .
SIM,2;01.12,PLA,kyde?,1,Къде?,Къде ?,Къде ?
SIM,2;01.12,PLA,tova pesnichka li e?,3,Това песничка ли е?,Това песничка ли е ?,Това песничка ли е ?
SIM,2;01.19,PLA,"vnimavaj, kako.",2,"Внимавай, како.","Внимавай , како .","Внимавай , како ."
SIM,2;01.23,PLA,exe!,1,Еxе!,Еxе !,Еxе !
SIM,2;01.23,PLA,"ama nie si vzexme nova pokrivka, zatova tazi sme ja ostavili tam.",12,"Ама ние си взеxме нова покривка, затова тази сме я оставили там.","Ама ние си взеxме нова покривка , затова тази сме я оставили там .","Ама ние си взеxме нова покривка , затова тази сме я оставили там ."
SIM,2;01.25,PLA,koj chuka?,2,Кой чука?,Кой чука ?,Кой чука ?
SIM,2;01.25,PLA,"ne, mamo.",2,"Не, мамо.","Не , мамо .","Не , мамо ."
SIM,2;01.25,PLA,koj beshe s nas?,4,Кой беше с нас?,Кой беше с нас ?,Кой беше с нас ?
SIM,2;01.25,PLA,pak li e kuche?,4,Пак ли е куче?,Пак ли е куче ?,Пак ли е куче ?
SIM,2;01.25,PLA,i koj oshte beshe s nas?,6,И кой още беше с нас?,И кой още беше с нас ?,И кой още беше с нас ?
SIM,2;02.06,PLA,kyde ja prashtash?,3,Къде я пращаш?,Къде я пращаш ?,Къде я пращаш ?
SIM,2;02.06,PLA,kakvi sa?,2,Какви са?,Какви са ?,Какви са ?
SIM,2;02.06,PLA,da.,1,Да.,Да .,Да .
SIM,2;02.06,PLA,"au, Kalojancho si iztyrva igrachkata.",5,"Ау, калоянчо си изтърва играчката.","Ау , калоянчо си изтърва играчката .","Ау , калоянчо си изтърва играчката ."
SIM,2;02.06,PLA,dobre.,1,Добре.,Добре .,Добре .
SIM,2;02.07,PLA,a tvojata bukva?,3,А твоята буква?,А твоята буква ?,А твоята буква ?
SIM,2;02.07,PLA,"Kalojancho izobshto ne gi e pipal, sama gi sybori.",9,"Калоянчо изобщо не ги е пипал, сама ги събори.","Калоянчо изобщо не ги е пипал , сама ги събори .","Калоянчо изобщо не ги е пипал , сама ги събори ."
SIM,2;02.07,PLA,da.,1,Да.,Да .,Да .
SIM,2;02.07,PLA,koja bukvichka slozhi sega?,4,Коя буквичка сложи сега?,Коя буквичка сложи сега ?,Коя буквичка сложи сега ?
SIM,2;02.07,PLA,eto gi.,2,Ето ги.,Ето ги .,Ето ги .
SIM,2;02.07,PLA,"da, malko se spyna.",4,"Да, малко се спъна.","Да , малко се спъна .","Да , малко се спъна ."
SIM,2;02.07,PLA,tochno taka.,2,Точно така.,Точно така .,Точно така .
SIM,2;02.14,PLA,s kolancheto se zakachi.,4,С коланчето се закачи.,С коланчето се закачи .,С коланчето се закачи .
SIM,2;02.14,PLA,toj bez da iska.,4,Той без да иска.,Той без да иска .,Той без да иска .
SIM,2;02.14,KAL,"a, kak me nareche?",4,"А, как ме нарече?","А , как ме нарече ?","А , как ме нарече ?"
SIM,2;02.14,PLA,"trjabva da mu izrezhem noktite, shtom te e odraskal.",9,"Трябва да му изрежем ноктите, щом те е одраскал.","Трябва да му изрежем ноктите , щом те е одраскал .","Трябва да му изрежем ноктите , щом те е одраскал ."
SIM,2;02.14,PLA,imeto na doktora kak e?,4,Името на доктора как е?,Името на доктора как е ?,Името на доктора как е ?
SIM,2;02.14,PLA,tozi ednorog kakyv e?,3,Този еднорог какъв е?,Този еднорог какъв е ?,Този еднорог какъв е ?
SIM,2;02.14,PLA,a kak se kazvash?,4,А как се казваш?,А как се казваш ?,А как се казваш ?
SIM,2;02.14,PLA,ti nali si doktor.,4,Ти нали си доктор.,Ти нали си доктор .,Ти нали си доктор .
SIM,2;02.15,DIM,"kazhi kakvo iskash, tate?",4,"Кажи какво искаш, тате?","Кажи какво искаш , тате ?","Кажи какво искаш , тате ?"
SIM,2;02.15,PLA,nali vsjaka shteshe da si pipa na nejnija kompjutyr?,9,Нали всяка щеше да си пипа на нейния компйутър?,Нали всяка щеше да си пипа на нейния компйутър ?,Нали всяка щеше да си пипа на нейния компйутър ?
SIM,2;02.15,PLA,iskash li kakao?,3,Искаш ли какао?,Искаш ли какао ?,Искаш ли какао ?
SIM,2;02.15,DIM,"ajde otidi ta, otidi sega.",5,"Айде отиди та, отиди сега.","Айде отиди та , отиди сега .","Айде отиди та , отиди сега ."
SIM,2;02.15,PLA,"da, mamo.",2,"Да, мамо.","Да , мамо .","Да , мамо ."
SIM,2;02.15,PLA,stiga s tezi snimki sega.,5,Стига с тези снимки сега.,Стига с тези снимки сега .,Стига с тези снимки сега .
SIM,2;02.15,DIM,"xajde, tate, uceli me.",4,"Xайде, тате, уцели ме.","Xайде , тате , уцели ме .","Xайде , тате , уцели ме ."
SIM,2;02.15,PLA,"Simonchi, az shte si igraja na tvoja kompjutyr, ako ti prodylzhavash da cykash na moja.",15,"Симончи, аз ще си играя на твоя компйутър, ако ти продължаваш да цъкаш на моя.","Симончи , аз ще си играя на твоя компйутър , ако ти продължаваш да цъкаш на моя .","Симончи , аз ще си играя на твоя компйутър , ако ти продължаваш да цъкаш на моя ."
SIM,2;02.15,DIM,"kazhi mi, ne moga da te razbera kakvo iskash.",9,"Кажи ми, не мога да те разбера какво искаш.","Кажи ми , не мога да те разбера какво искаш .","Кажи ми , не мога да те разбера какво искаш ."
SIM,2;02.15,DIM,"a, koj padna?",3,"А, кой падна?","А , кой падна ?","А , кой падна ?"
SIM,2;02.15,DIM,edin mach da napravim.,4,Един мач да направим.,Един мач да направим .,Един мач да направим .
SIM,2;02.15,PLA,Simonchi pee.,2,Симончи пее.,Симончи пее .,Симончи пее .
SIM,2;02.15,PLA,"mami, xajde da si igraesh na tvoja kompjutyr.",8,"Мами, xайде да си играеш на твоя компйутър.","Мами , xайде да си играеш на твоя компйутър .","Мами , xайде да си играеш на твоя компйутър ."
SIM,2;02.15,PLA,"da, ama Kalojancho se razsyrdi, che iskash da xodish pri drugo bebe.",12,"Да, ама калоянчо се разсърди, че искаш да xодиш при друго бебе.","Да , ама калоянчо се разсърди , че искаш да xодиш при друго бебе .","Да , ама калоянчо се разсърди , че искаш да xодиш при друго бебе ."
SIM,2;02.17,PLA,drugoto koljano boli li te?,5,Другото коляно боли ли те?,Другото коляно боли ли те ?,Другото коляно боли ли те ?
SIM,2;02.17,PLA,"ne te boli, zashtoto tam ne si se udarila.",9,"Не те боли, защото там не си се ударила.","Не те боли , защото там не си се ударила .","Не те боли , защото там не си се ударила ."
SIM,2;02.17,PLA,tochno taka.,2,Точно така.,Точно така .,Точно така .
SIM,2;02.19,PLA,ne mi se karaj.,4,Не ми се карай.,Не ми се карай .,Не ми се карай .
SIM,2;02.19,PLA,spokojno.,1,Спокойно.,Спокойно .,Спокойно .
SIM,2;02.19,PLA,kakvo iskash?,2,Какво искаш?,Какво искаш ?,Какво искаш ?
SIM,2;02.19,PLA,kakvo mu davash na Kalojancho?,5,Какво му даваш на калоянчо?,Какво му даваш на калоянчо ?,Какво му даваш на калоянчо ?
SIM,2;02.19,PLA,"dobre, mamo.",2,"Добре, мамо.","Добре , мамо .","Добре , мамо ."
SIM,2;02.19,PLA,toj ne mozhe da jade kompot.,6,Той не може да яде компот.,Той не може да яде компот .,Той не може да яде компот .
SIM,2;02.19,PLA,mnogo interesna rabota imash.,4,Много интересна работа имаш.,Много интересна работа имаш .,Много интересна работа имаш .
SIM,2;02.20,PLA,kazhi de.,2,Кажи де.,Кажи де .,Кажи де .
SIM,2;02.20,PLA,ti njama li da spinkash?,5,Ти няма ли да спинкаш?,Ти няма ли да спинкаш ?,Ти няма ли да спинкаш ?
SIM,2;02.20,PLA,ne si li izmorena.,4,Не си ли изморена.,Не си ли изморена .,Не си ли изморена .
SIM,2;02.20,PLA,kakvo?,1,Какво?,Какво ?,Какво ?
SIM,2;02.21,PLA,samo soleti li pushish ti?,5,Само солети ли пушиш ти?,Само солети ли пушиш ти ?,Само солети ли пушиш ти ?
SIM,2;02.21,PLA,daj mu edno parchence na nego.,6,Дай му едно парченце на него.,Дай му едно парченце на него .,Дай му едно парченце на него .
SIM,2;02.21,PLA,mynichko parchence.,2,Мъничко парченце.,Мъничко парченце .,Мъничко парченце .
SIM,2;02.21,PLA,baba ne pushi.,3,Баба не пуши.,Баба не пуши .,Баба не пуши .
SIM,2;03.00,PLA,ne!,1,Не!,Не !,Не !
SIM,2;03.00,PLA,"ama toj dyvche bavno, njama zybi.",6,"Ама той дъвче бавно, няма зъби.","Ама той дъвче бавно , няма зъби .","Ама той дъвче бавно , няма зъби ."
SIM,2;03.14,DIM,"ax, tate, shte go udarish!",5,"Аx, тате, ще го удариш!","Аx , тате , ще го удариш !","Аx , тате , ще го удариш !"
SIM,2;03.14,DIM,"Moni, Moni!",2,"Мони, мони!","Мони , мони !","Мони , мони !"
SIM,2;03.14,DIM,"tatence, kyde otivash?",3,"Татенце, къде отиваш?","Татенце , къде отиваш ?","Татенце , къде отиваш ?"
SIM,2;03.16,PLA,toj kayv ti e na teb Kalojancho?,7,Той каъв ти е на теб калоянчо?,Той каъв ти е на теб калоянчо ?,Той каъв ти е на теб калоянчо ?
SIM,2;03.16,PLA,kakvo chakaxme da dojde?,4,Какво чакаxме да дойде?,Какво чакаxме да дойде ?,Какво чакаxме да дойде ?
SIM,2;03.16,PLA,ama ne e nuzhno da gi troshish tolkova mynichki.,9,Ама не е нужно да ги трошиш толкова мънички.,Ама не е нужно да ги трошиш толкова мънички .,Ама не е нужно да ги трошиш толкова мънички .
SIM,2;03.16,PLA,v rodilnija dom.,3,В родилния дом.,В родилния дом .,В родилния дом .
SIM,2;03.16,PLA,opitva se da ti kazhe kaka.,6,Опитва се да ти каже кака.,Опитва се да ти каже кака .,Опитва се да ти каже кака .
SIM,2;03.16,PLA,"da, mamo.",2,"Да, мамо.","Да , мамо .","Да , мамо ."
SIM,2;03.16,PLA,"to e mnogo mynichko kucheto, kak shte te e strax ot takova malko kuche.",14,"То е много мъничко кучето, как ще те е страx от такова малко куче.","То е много мъничко кучето , как ще те е страx от такова малко куче .","То е много мъничко кучето , как ще те е страx от такова малко куче ."
SIM,2;03.17,PLA,"orancevo nebeto, oranzhevo moreto.",4,"Оранцево небето, оранжево морето.","Оранцево небето , оранжево морето .","Оранцево небето , оранжево морето ."
SIM,2;03.26,PLA,nie sme gi izchistili.,4,Ние сме ги изчистили.,Ние сме ги изчистили .,Ние сме ги изчистили .
SIM,2;03.26,PLA,ti li shte mi pazish telefona?,6,Ти ли ще ми пазиш телефона?,Ти ли ще ми пазиш телефона ?,Ти ли ще ми пазиш телефона ?
SIM,2;03.26,PLA,"ne ti e tolkova goljam dzhoba, mame.",7,"Не ти е толкова голям джоба, маме.","Не ти е толкова голям джоба , маме .","Не ти е толкова голям джоба , маме ."
SIM,2;03.26,PLA,"ne, njama pjasyk vytre.",4,"Не, няма пясък вътре.","Не , няма пясък вътре .","Не , няма пясък вътре ."
SIM,2;04.00,PLA,ne e mrysno.,3,Не е мръсно.,Не е мръсно .,Не е мръсно .
SIM,2;04.00,PLA,"pesnichka, kojato i az da ja znaja.",7,"Песничка, която и аз да я зная.","Песничка , която и аз да я зная .","Песничка , която и аз да я зная ."
SIM,2;04.04,PLA,tochno taka.,2,Точно така.,Точно така .,Точно така .
SIM,2;04.04,PLA,"mislja, che shte stanat naj-vkusnite pyrzholki.",6,"Мисля, че ще станат най-вкусните пържолки.","Мисля , че ще станат най-вкусните пържолки .","Мисля , че ще станат най-вкусните пържолки ."
SIM,2;04.04,PLA,tova kakvo e?,2,Това какво е?,Това какво е ?,Това какво е ?
SIM,2;04.04,PLA,brashno?,1,Брашно?,Брашно ?,Брашно ?
SIM,2;04.14,PLA,"njama nuzhda da gi peresh, te sa gotovi za jadene domatchetata.",11,"Няма нужда да ги переш, те са готови за ядене доматчетата.","Няма нужда да ги переш , те са готови за ядене доматчетата .","Няма нужда да ги переш , те са готови за ядене доматчетата ."
SIM,2;04.14,PLA,koj shte ima rozhden den skoro?,6,Кой ще има рожден ден скоро?,Кой ще има рожден ден скоро ?,Кой ще има рожден ден скоро ?
SIM,2;04.15,PLA,"tova e kamion, kamion s baloni.",6,"Това е камион, камион с балони.","Това е камион , камион с балони .","Това е камион , камион с балони ."
SIM,2;04.15,PLA,osem?,1,Осем?,Осем ?,Осем ?
SIM,2;04.19,PLA,tochno taka.,2,Точно така.,Точно така .,Точно така .
SIM,2;04.19,PLA,da.,1,Да.,Да .,Да .
SIM,2;04.19,PLA,"drypni si rychichkata ot tuk, ima sladki.",7,"Дръпни си ръчичката от тук, има сладки.","Дръпни си ръчичката от тук , има сладки .","Дръпни си ръчичката от тук , има сладки ."
SIM,2;04.23,PLA,az gi ostavix za teb.,5,Аз ги оставиx за теб.,Аз ги оставиx за теб .,Аз ги оставиx за теб .
SIM,2;04.23,PLA,"da, zashtoto koj ja donese?",5,"Да, защото кой я донесе?","Да , защото кой я донесе ?","Да , защото кой я донесе ?"
SIM,2;05.01,PLA,toj ne mozhe da stigne da risuva.,7,Той не може да стигне да рисува.,Той не може да стигне да рисува .,Той не може да стигне да рисува .
SIM,2;05.01,PLA,a ljulka shte ima li?,5,А льулка ще има ли?,А льулка ще има ли ?,А льулка ще има ли ?
SIM,2;05.01,PLA,sys zeleno li?,3,Със зелено ли?,Със зелено ли ?,Със зелено ли ?
SIM,2;05.03,PLA,"svyrshila e, trjabva da ti naleJa oshte.",7,"Свършила е, трябва да ти налея още.","Свършила е , трябва да ти налея още .","Свършила е , трябва да ти налея още ."
SIM,2;05.03,PLA,"toj njama da se sybete, toj ne e tolkova malyk.",10,"Той няма да се събете, той не е толкова малък.","Той няма да се събете , той не е толкова малък .","Той няма да се събете , той не е толкова малък ."
SIM,2;05.03,PLA,oo!,1,Оо!,Оо !,Оо !
SIM,2;05.21,PLA,"da, mamo.",2,"Да, мамо.","Да , мамо .","Да , мамо ."
SIM,2;05.21,PLA,"to njama da vleze, mamo.",5,"То няма да влезе, мамо.","То няма да влезе , мамо .","То няма да влезе , мамо ."
SIM,2;05.21,PLA,tazi na kogo e?,3,Тази на кого е?,Тази на кого е ?,Тази на кого е ?
SIM,2;05.21,PLA,idvam.,1,Идвам.,Идвам .,Идвам .
SIM,2;05.21,PLA,na anglijski.,2,На английски.,На английски .,На английски .
SIM,2;05.22,PLA,"a, tuk koj e?",3,"А, тук кой е?","А , тук кой е ?","А , тук кой е ?"
SIM,2;05.22,PLA,"kakvo, mamo?",2,"Какво, мамо?","Какво , мамо ?","Какво , мамо ?"
SIM,2;05.22,PLA,zagubila li sym te?,4,Загубила ли съм те?,Загубила ли съм те ?,Загубила ли съм те ?
SIM,2;05.22,PLA,"ne sym te ostavila, mamo.",5,"Не съм те оставила, мамо.","Не съм те оставила , мамо .","Не съм те оставила , мамо ."
SIM,2;05.22,PLA,koj oshte e tam?,4,Кой още е там?,Кой още е там ?,Кой още е там ?
SIM,2;05.22,PLA,"oo, Monchi kixa.",3,"Оо, мончи киxа.","Оо , мончи киxа .","Оо , мончи киxа ."
SIM,2;05.22,PLA,a tuk?,2,А тук?,А тук ?,А тук ?
SIM,2;05.22,PLA,Moni e doktor Koleva.,4,Мони е доктор колева.,Мони е доктор колева .,Мони е доктор колева .
SIM,2;05.28,PLA,kyde e goljamata palatka?,4,Къде е голямата палатка?,Къде е голямата палатка ?,Къде е голямата палатка ?
SIM,2;05.28,PLA,iskash li da broim do pet?,6,Искаш ли да броим до пет?,Искаш ли да броим до пет ?,Искаш ли да броим до пет ?
SIM,2;05.28,PLA,ima dve nulichki.,3,Има две нулички.,Има две нулички .,Има две нулички .
SIM,2;05.28,PLA,hvyrljaj topcheto i da vidim kakvo shte ucelish.,8,Хвърляй топчето и да видим какво ще уцелиш.,Хвърляй топчето и да видим какво ще уцелиш .,Хвърляй топчето и да видим какво ще уцелиш .
SIM,2;05.28,PLA,"stiga, mamo!",2,"Стига, мамо!","Стига , мамо !","Стига , мамо !"
SIM,2;05.28,PLA,vyn vali li oshte?,4,Вън вали ли още?,Вън вали ли още ?,Вън вали ли още ?
SIM,2;05.28,PLA,kyde da otidete?,3,Къде да отидете?,Къде да отидете ?,Къде да отидете ?
SIM,2;05.28,PLA,ot tuk celish mishenata.,4,От тук целиш мишената.,От тук целиш мишената .,От тук целиш мишената .
SIM,2;05.28,PLA,na dve?,2,На две?,На две ?,На две ?
SIM,2;05.28,PLA,"ne zvynja, mamo.",3,"Не звъня, мамо.","Не звъня , мамо .","Не звъня , мамо ."
SIM,2;05.29,PLA,"aa, tova sa ochilata.",4,"Аа, това са очилата.","Аа , това са очилата .","Аа , това са очилата ."
SIM,2;05.29,PLA,da!,1,Да!,Да !,Да !
SIM,2;05.29,PLA,a kyde narisuva ochilata?,4,А къде нарисува очилата?,А къде нарисува очилата ?,А къде нарисува очилата ?
SIM,2;05.29,PLA,"bravo, mamo.",2,"Браво, мамо.","Браво , мамо .","Браво , мамо ."
SIM,2;05.29,PLA,"da, mamo.",2,"Да, мамо.","Да , мамо .","Да , мамо ."
SIM,2;05.29,PLA,kakvo?,1,Какво?,Какво ?,Какво ?
SIM,2;05.29,PLA,a ti na kartinkata kakva si ja narisuvala?,8,А ти на картинката каква си я нарисувала?,А ти на картинката каква си я нарисувала ?,А ти на картинката каква си я нарисувала ?
SIM,2;05.29,PLA,am!,1,Ам!,Ам !,Ам !
SIM,2;06.00,PLA,slynce li peche navyn?,4,Слънце ли пече навън?,Слънце ли пече навън ?,Слънце ли пече навън ?
SIM,2;06.00,PLA,"taka li, mamo?",3,"Така ли, мамо?","Така ли , мамо ?","Така ли , мамо ?"
SIM,2;06.00,PLA,kyde go vidja nego slynce?,5,Къде го видя него слънце?,Къде го видя него слънце ?,Къде го видя него слънце ?
SIM,2;06.00,PLA,mxm.,1,Мxм.,Мxм .,Мxм .
SIM,2;06.00,PLA,az sym tuk.,3,Аз съм тук.,Аз съм тук .,Аз съм тук .
SIM,2;06.00,PLA,mnogo xubavo krygche.,3,Много xубаво кръгче.,Много xубаво кръгче .,Много xубаво кръгче .
SIM,2;06.00,PLA,ne.,1,Не.,Не .,Не .
SIM,2;06.01,PLA,"razkazhi mi za detskija kyt, mamo.",6,"Разкажи ми за децкия кът, мамо.","Разкажи ми за децкия кът , мамо .","Разкажи ми за децкия кът , мамо ."
SIM,2;06.02,PLA,"vizh, Kalojancho ti podava.",4,"Виж, калоянчо ти подава.","Виж , калоянчо ти подава .","Виж , калоянчо ти подава ."
SIM,2;06.02,PLA,"bravo, mamo.",2,"Браво, мамо.","Браво , мамо .","Браво , мамо ."
SIM,2;06.02,PLA,"pribira chastite, koito ne ti trjabvat v torbichkata.",8,"Прибира частите, които не ти трябват в торбичката.","Прибира частите , които не ти трябват в торбичката .","Прибира частите , които не ти трябват в торбичката ."
SIM,2;06.02,PLA,bravo.,1,Браво.,Браво .,Браво .
SIM,2;06.02,PLA,mxm.,1,Мxм.,Мxм .,Мxм .
SIM,2;06.02,PLA,"ne znam, mamo.",3,"Не знам, мамо.","Не знам , мамо .","Не знам , мамо ."
SIM,2;06.02,PLA,kyshta ot limec?,3,Къща от лимец?,Къща от лимец ?,Къща от лимец ?
SIM,2;06.02,PLA,"aa, da ne vyrvi, kydeto si izbyrsala.",7,"Аа, да не върви, където си избърсала.","Аа , да не върви , където си избърсала .","Аа , да не върви , където си избърсала ."
SIM,2;06.03,PLA,"Monchi, ti princesa Simonchi li si?",6,"Мончи, ти принцеса симончи ли си?","Мончи , ти принцеса симончи ли си ?","Мончи , ти принцеса симончи ли си ?"
SIM,2;06.09,PLA,a onazi visokata kakyv cvjat e?,5,А онази високата какъв цвят е?,А онази високата какъв цвят е ?,А онази високата какъв цвят е ?
SIM,2;06.09,PLA,mxm.,1,Мxм.,Мxм .,Мxм .
SIM,2;06.09,PLA,leko da ne go blysnesh!,5,Леко да не го блъснеш!,Леко да не го блъснеш !,Леко да не го блъснеш !
SIM,2;06.09,PLA,ne e sinja.,3,Не е синя.,Не е синя .,Не е синя .
SIM,2;06.14,PLA,zashto da sa cherveni?,4,Защо да са червени?,Защо да са червени ?,Защо да са червени ?
SIM,2;06.14,PLA,"mame, zakleshtila si go.",4,"Маме, заклещила си го.","Маме , заклещила си го .","Маме , заклещила си го ."
SIM,2;06.14,PLA,kakvo stana.,2,Какво стана.,Какво стана .,Какво стана .
SIM,2;06.14,PLA,ne.,1,Не.,Не .,Не .
SIM,2;06.14,PLA,"toj sega se sybudi, mamo.",5,"Той сега се събуди, мамо.","Той сега се събуди , мамо .","Той сега се събуди , мамо ."
SIM,2;06.14,PLA,"ne, ne sa porastnali oshte negovite.",6,"Не, не са порастнали още неговите.","Не , не са порастнали още неговите .","Не , не са порастнали още неговите ."
SIM,2;06.14,PLA,"az mislja, che e moeto bebe.",6,"Аз мисля, че е моето бебе.","Аз мисля , че е моето бебе .","Аз мисля , че е моето бебе ."
SIM,2;06.18,PLA,Kalojancho gi vidja.,3,Калоянчо ги видя.,Калоянчо ги видя .,Калоянчо ги видя .
SIM,2;06.18,PLA,"dobre, daj mu oshte edna posledna, che mnogo se syrdi.",10,"Добре, дай му още една последна, че много се сърди.","Добре , дай му още една последна , че много се сърди .","Добре , дай му още една последна , че много се сърди ."
SIM,2;06.18,PLA,chu li go kak se glezi?,6,Чу ли го как се глези?,Чу ли го как се глези ?,Чу ли го как се глези ?
SIM,2;06.18,PLA,"stigat mu tolkova, toj ne mozhe da dyvche.",8,"Стигат му толкова, той не може да дъвче.","Стигат му толкова , той не може да дъвче .","Стигат му толкова , той не може да дъвче ."
SIM,2;06.19,PLA,"znachi dovechera, kato dojdat, da im kazhem, che ti shte xodish na svatbata, nali?",14,"Значи довечера, като дойдат, да им кажем, че ти ще xодиш на сватбата, нали?","Значи довечера , като дойдат , да им кажем , че ти ще xодиш на сватбата , нали ?","Значи довечера , като дойдат , да им кажем , че ти ще xодиш на сватбата , нали ?"
SIM,2;06.19,PLA,da.,1,Да.,Да .,Да .
SIM,2;06.19,PLA,vizh kak se plezi.,4,Виж как се плези.,Виж как се плези .,Виж как се плези .
SIM,2;06.19,PLA,tam e.,2,Там е.,Там е .,Там е .
SIM,2;06.19,PLA,te sa ti malko golemi.,5,Те са ти малко големи.,Те са ти малко големи .,Те са ти малко големи .
SIM,2;06.21,PLA,blagodarja.,1,Благодаря.,Благодаря .,Благодаря .
SIM,2;06.21,PLA,moeto bebe e.,3,Моето бебе е.,Моето бебе е .,Моето бебе е .
SIM,2;06.21,PLA,shte mu davash i toj da si igrae.,8,Ще му даваш и той да си играе.,Ще му даваш и той да си играе .,Ще му даваш и той да си играе .
SIM,2;06.21,PLA,znachi ti si moeto bebe?,5,Значи ти си моето бебе?,Значи ти си моето бебе ?,Значи ти си моето бебе ?
SIM,2;06.21,PLA,mnogo sa vi xapali komarchetata.,5,Много са ви xапали комарчетата.,Много са ви xапали комарчетата .,Много са ви xапали комарчетата .
SIM,2;06.21,PLA,Kalojancho!,1,Калоянчо!,Калоянчо !,Калоянчо !
SIM,2;06.24,PLA,xvyrljalja.,1,Xвърляля.,Xвърляля .,Xвърляля .
SIM,2;06.24,PLA,mnogo xubavo tancuvash.,3,Много xубаво танцуваш.,Много xубаво танцуваш .,Много xубаво танцуваш .
SIM,2;06.24,PLA,da.,1,Да.,Да .,Да .
SIM,2;06.26,PLA,"da, mozhesh da vlezesh i s pojasa.",7,"Да, можеш да влезеш и с пояса.","Да , можеш да влезеш и с пояса .","Да , можеш да влезеш и с пояса ."
SIM,2;06.26,PLA,da.,1,Да.,Да .,Да .
SIM,2;06.26,PLA,"nadjavame se da e zdrava, kato se vyrne.",8,"Надяваме се да е здрава, като се върне.","Надяваме се да е здрава , като се върне .","Надяваме се да е здрава , като се върне ."
SIM,2;06.26,PLA,"nali znaesh, che e pri doktor.",6,"Нали знаеш, че е при доктор.","Нали знаеш , че е при доктор .","Нали знаеш , че е при доктор ."
SIM,2;06.26,PLA,"taka, ako natiskash kopcheto, shte si napryskash liceto.",8,"Така, ако натискаш копчето, ще си напръскаш лицето.","Така , ако натискаш копчето , ще си напръскаш лицето .","Така , ако натискаш копчето , ще си напръскаш лицето ."
SIM,2;06.26,PLA,v trinajset chasa li?,4,В тринайсет часа ли?,В тринайсет часа ли ?,В тринайсет часа ли ?
SIM,2;06.26,PLA,i ti vze na Kalojancho.,5,И ти взе на калоянчо.,И ти взе на калоянчо .,И ти взе на калоянчо .
SIM,2;06.26,PLA,i kakvo shte pravish s tova?,6,И какво ще правиш с това?,И какво ще правиш с това ?,И какво ще правиш с това ?
SIM,2;07.00,PLA,daj da gi izmiem.,4,Дай да ги измием.,Дай да ги измием .,Дай да ги измием .
SIM,2;07.00,PLA,"toj ne mozhe da vyrvi oshte, ne mozhe da gi izcapa.",11,"Той не може да върви още, не може да ги изцапа.","Той не може да върви още , не може да ги изцапа .","Той не може да върви още , не може да ги изцапа ."
SIM,2;07.00,PLA,shte se zalee.,3,Ще се залее.,Ще се залее .,Ще се залее .
SIM,2;07.03,PLA,ne moga da stigna kopchencata.,5,Не мога да стигна копченцата.,Не мога да стигна копченцата .,Не мога да стигна копченцата .
SIM,2;07.03,PLA,da.,1,Да.,Да .,Да .
SIM,2;07.03,PLA,da.,1,Да.,Да .,Да .
SIM,2;07.07,PLA,"ne, mame.",2,"Не, маме.","Не , маме .","Не , маме ."
SIM,2;07.07,PLA,kolko kuchenca ima?,3,Колко кученца има?,Колко кученца има ?,Колко кученца има ?
SIM,2;07.07,PLA,tezi sa dve i oshte edno stavat?,7,Тези са две и още едно стават?,Тези са две и още едно стават ?,Тези са две и още едно стават ?
SIM,2;07.19,PLA,dobre.,1,Добре.,Добре .,Добре .
SIM,2;07.19,PLA,blagodarja.,1,Благодаря.,Благодаря .,Благодаря .
SIM,2;07.19,PLA,"o, izvinjavaj.",2,"О, извинявай.","О , извинявай .","О , извинявай ."
SIM,2;07.19,PLA,izchakaj malko samo Kalojancho da si izjade banancheto.,8,Изчакай малко само калоянчо да си изяде бананчето.,Изчакай малко само калоянчо да си изяде бананчето .,Изчакай малко само калоянчо да си изяде бананчето .
SIM,2;07.19,PLA,da.,1,Да.,Да .,Да .
SIM,2;07.19,PLA,trjabva da zaredish.,3,Трябва да заредиш.,Трябва да заредиш .,Трябва да заредиш .
SIM,2;07.19,PLA,eto parichki.,2,Ето парички.,Ето парички .,Ето парички .
SIM,2;07.19,PLA,ti maj si gi izmisljash.,5,Ти май си ги измисляш.,Ти май си ги измисляш .,Ти май си ги измисляш .
SIM,2;07.19,PLA,to veche ne stava.,4,То вече не става.,То вече не става .,То вече не става .
SIM,2;07.20,PLA,gladna li si?,3,Гладна ли си?,Гладна ли си ?,Гладна ли си ?
SIM,2;07.20,PLA,kato slynceto.,2,Като слънцето.,Като слънцето .,Като слънцето .
SIM,2;07.20,PLA,zhzh.,1,Жж.,Жж .,Жж .
SIM,2;07.22,PLA,"nali vizhdash, che ne izliza nishto.",6,"Нали виждаш, че не излиза нищо.","Нали виждаш , че не излиза нищо .","Нали виждаш , че не излиза нищо ."
SIM,2;07.22,PLA,"zashtoto e samo za mazane, ne e za jadene.",9,"Защото е само за мазане, не е за ядене.","Защото е само за мазане , не е за ядене .","Защото е само за мазане , не е за ядене ."
SIM,2;07.22,PLA,shte ti stane cjalata kosa v krem.,7,Ще ти стане цялата коса в крем.,Ще ти стане цялата коса в крем .,Ще ти стане цялата коса в крем .
SIM,2;07.27,PLA,i te dojdoxa li?,4,И те дойдоxа ли?,И те дойдоxа ли ?,И те дойдоxа ли ?
SIM,2;07.27,PLA,"stiga, mamo.",2,"Стига, мамо.","Стига , мамо .","Стига , мамо ."
SIM,2;07.28,PLA,kakvo iskash da mu vzemesh?,5,Какво искаш да му вземеш?,Какво искаш да му вземеш ?,Какво искаш да му вземеш ?
SIM,2;07.29,PLA,koj chuka?,2,Кой чука?,Кой чука ?,Кой чука ?
SIM,2;07.29,PLA,"az imam, daj mu tazi.",5,"Аз имам, дай му тази.","Аз имам , дай му тази .","Аз имам , дай му тази ."
SIM,2;07.29,PLA,ti kak peesh na Kalojancho?,5,Ти как пееш на калоянчо?,Ти как пееш на калоянчо ?,Ти как пееш на калоянчо ?
SIM,2;07.29,PLA,izjadox ja.,2,Изядоx я.,Изядоx я .,Изядоx я .
SIM,2;07.29,PLA,"mi sigurno otzad v kolata, kato vashite.",7,"Ми сигурно отзад в колата, като вашите.","Ми сигурно отзад в колата , като вашите .","Ми сигурно отзад в колата , като вашите ."
SIM,2;07.29,PLA,"ox, Kalojancho!",2,"Оx, калоянчо!","Оx , калоянчо !","Оx , калоянчо !"
SIM,2;08.05,PLA,nedej!,1,Недей!,Недей !,Недей !
SIM,2;08.06,PLA,kakvo?,1,Какво?,Какво ?,Какво ?
SIM,2;08.06,PLA,"ne znam, mamo.",3,"Не знам, мамо.","Не знам , мамо .","Не знам , мамо ."
SIM,2;08.06,PLA,zashto mu se karash taka?,5,Защо му се караш така?,Защо му се караш така ?,Защо му се караш така ?
SIM,2;08.16,PLA,"ne, milichko, utre.",3,"Не, миличко, утре.","Не , миличко , утре .","Не , миличко , утре ."
SIM,2;08.16,PLA,"ne zaspivaj, ne sme se kypali oshte.",7,"Не заспивай, не сме се къпали още.","Не заспивай , не сме се къпали още .","Не заспивай , не сме се къпали още ."
SIM,2;08.16,PLA,da.,1,Да.,Да .,Да .
SIM,2;08.16,PLA,vchera tati beshe li na rabota?,6,Вчера тати беше ли на работа?,Вчера тати беше ли на работа ?,Вчера тати беше ли на работа ?
SIM,2;08.18,PLA,"bravo, mamo.",2,"Браво, мамо.","Браво , мамо .","Браво , мамо ."
SIM,2;08.18,PLA,i koj e vytre?,4,И кой е вътре?,И кой е вътре ?,И кой е вътре ?
SIM,2;08.19,PLA,na nego kakvo mu ima?,5,На него какво му има?,На него какво му има ?,На него какво му има ?
SIM,2;08.19,PLA,trjabva oshte da go lekuvash.,5,Трябва още да го лекуваш.,Трябва още да го лекуваш .,Трябва още да го лекуваш .
SIM,2;08.19,PLA,trjabva da ti pomaga.,4,Трябва да ти помага.,Трябва да ти помага .,Трябва да ти помага .
SIM,2;08.19,PLA,bravo.,1,Браво.,Браво .,Браво .
SIM,2;08.28,PLA,"bravo, mamo.",2,"Браво, мамо.","Браво , мамо .","Браво , мамо ."
SIM,2;08.28,PLA,"vidja li go, mamo, kakvo pravi?",6,"Видя ли го, мамо, какво прави?","Видя ли го , мамо , какво прави ?","Видя ли го , мамо , какво прави ?"
SIM,2;08.28,PLA,posle kakvo shte pravim?,4,После какво ще правим?,После какво ще правим ?,После какво ще правим ?
SIM,2;08.28,PLA,tuk e obelkata ot patladzhana.,5,Тук е обелката от патладжана.,Тук е обелката от патладжана .,Тук е обелката от патладжана .
SIM,2;08.28,PLA,uspja li da go lapne?,5,Успя ли да го лапне?,Успя ли да го лапне ?,Успя ли да го лапне ?
SIM,2;08.29,PLA,za golo momiche?,3,За голо момиче?,За голо момиче ?,За голо момиче ?
SIM,2;08.29,PLA,ne si vylk.,3,Не си вълк.,Не си вълк .,Не си вълк .
SIM,2;08.29,PLA,obliza go.,2,Облиза го.,Облиза го .,Облиза го .
SIM,2;08.29,PLA,"ne taka, Monchi.",3,"Не така, мончи.","Не така , мончи .","Не така , мончи ."
SIM,2;09.09,PLA,da ti naleja li ot tozi?,6,Да ти налея ли от този?,Да ти налея ли от този ?,Да ти налея ли от този ?
SIM,2;09.09,PLA,"Maca e s chervenata kosa, a tazi s lilavata?",9,"Маца е с червената коса, а тази с лилавата?","Маца е с червената коса , а тази с лилавата ?","Маца е с червената коса , а тази с лилавата ?"
SIM,2;09.10,PLA,"da, mamo, vizhda.",3,"Да, мамо, вижда.","Да , мамо , вижда .","Да , мамо , вижда ."
SIM,2;09.10,PLA,kakvo pravish?,2,Какво правиш?,Какво правиш ?,Какво правиш ?
SIM,2;09.12,PLA,koj shte ima rozhden den?,5,Кой ще има рожден ден?,Кой ще има рожден ден ?,Кой ще има рожден ден ?
SIM,2;09.12,PLA,"mame, da ne padne?",4,"Маме, да не падне?","Маме , да не падне ?","Маме , да не падне ?"
SIM,2;09.12,PLA,akulite pluvat.,2,Акулите плуват.,Акулите плуват .,Акулите плуват .
SIM,2;09.12,PLA,ne.,1,Не.,Не .,Не .
SIM,2;09.18,PLA,da.,1,Да.,Да .,Да .
SIM,2;09.18,PLA,za da ti e toplo.,5,За да ти е топло.,За да ти е топло .,За да ти е топло .
SIM,2;09.20,PLA,"vizhdash li, mamo, kolko e neprijatno?",6,"Виждаш ли, мамо, колко е неприятно?","Виждаш ли , мамо , колко е неприятно ?","Виждаш ли , мамо , колко е неприятно ?"
SIM,2;09.24,PLA,zashtoto imat da vyrshat rabota s tjax.,7,Защото имат да вършат работа с тяx.,Защото имат да вършат работа с тяx .,Защото имат да вършат работа с тяx .
SIM,2;09.26,PLA,pileshka prychka li?,3,Пилешка пръчка ли?,Пилешка пръчка ли ?,Пилешка пръчка ли ?
SIM,2;09.26,PLA,"jam, jam, blagodarja.",3,"Ям, ям, благодаря.","Ям , ям , благодаря .","Ям , ям , благодаря ."
SIM,2;10.02,PLA,zaviti sme vsichki.,3,Завити сме всички.,Завити сме всички .,Завити сме всички .
SIM,2;10.03,PLA,shte vi gi dam v kupichka.,6,Ще ви ги дам в купичка.,Ще ви ги дам в купичка .,Ще ви ги дам в купичка .
SIM,2;10.03,PLA,ne znam.,2,Не знам.,Не знам .,Не знам .
SIM,2;10.03,PLA,"tja e na kartinkata, na nikoj ne e.",8,"Тя е на картинката, на никой не е.","Тя е на картинката , на никой не е .","Тя е на картинката , на никой не е ."
SIM,2;10.03,PLA,s kakvo shte go cherpish?,5,С какво ще го черпиш?,С какво ще го черпиш ?,С какво ще го черпиш ?
SIM,2;10.03,PLA,"toj iska da jade bonbonite, mamo, ne iska da gleda vlak.",11,"Той иска да яде бонбоните, мамо, не иска да гледа влак.","Той иска да яде бонбоните , мамо , не иска да гледа влак .","Той иска да яде бонбоните , мамо , не иска да гледа влак ."
SIM,2;10.03,PLA,"ne, Kalojanche, ne iskam.",4,"Не, калоянче, не искам.","Не , калоянче , не искам .","Не , калоянче , не искам ."
SIM,2;10.03,PLA,to kartinkata ne e kuche.,5,То картинката не е куче.,То картинката не е куче .,То картинката не е куче .
SIM,2;10.04,PLA,zashtoto e po-goljama.,3,Защото е по-голяма.,Защото е по-голяма .,Защото е по-голяма .
SIM,2;10.04,PLA,chasovnika ne znam kyde e.,5,Часовника не знам къде е.,Часовника не знам къде е .,Часовника не знам къде е .
SIM,2;10.04,PLA,ne znam koga shte mogat da dojdat.,7,Не знам кога ще могат да дойдат.,Не знам кога ще могат да дойдат .,Не знам кога ще могат да дойдат .
SIM,2;10.04,PLA,takava e.,2,Такава е.,Такава е .,Такава е .
SIM,2;10.04,PLA,za koi xora?,3,За кои xора?,За кои xора ?,За кои xора ?
SIM,2;10.04,PLA,"da, ima.",2,"Да, има.","Да , има .","Да , има ."
SIM,2;10.04,PLA,"zashtoto njama da ima dostatychno mjasto za kyshtite, za kolite.",10,"Защото няма да има достатъчно място за къщите, за колите.","Защото няма да има достатъчно място за къщите , за колите .","Защото няма да има достатъчно място за къщите , за колите ."
SIM,2;10.04,PLA,sled tri ne idva osem.,5,След три не идва осем.,След три не идва осем .,След три не идва осем .
SIM,2;10.07,PLA,trjabva da go oblechem.,4,Трябва да го облечем.,Трябва да го облечем .,Трябва да го облечем .
SIM,2;10.07,PLA,"kak razbra, che iska sok?",5,"Как разбра, че иска сок?","Как разбра , че иска сок ?","Как разбра , че иска сок ?"
SIM,2;10.09,PLA,"da, zashtoto se kachva prav.",5,"Да, защото се качва прав.","Да , защото се качва прав .","Да , защото се качва прав ."
SIM,2;10.09,PLA,objasni na Kalojancho kakvo shte pravim s plastmasite.,8,Обясни на калоянчо какво ще правим с пластмасите.,Обясни на калоянчо какво ще правим с пластмасите .,Обясни на калоянчо какво ще правим с пластмасите .
SIM,2;10.09,PLA,"otidi pri kaka, shte ti se obidi.",7,"Отиди при кака, ще ти се обиди.","Отиди при кака , ще ти се обиди .","Отиди при кака , ще ти се обиди ."
SIM,2;10.09,PLA,xelikopter.,1,Xеликоптер.,Xеликоптер .,Xеликоптер .
SIM,2;10.09,PLA,zashto shte gi reciklirame tezi butilki?,6,Защо ще ги рециклираме тези бутилки?,Защо ще ги рециклираме тези бутилки ?,Защо ще ги рециклираме тези бутилки ?
SIM,2;10.09,PLA,"ne, ne iska.",3,"Не, не иска.","Не , не иска .","Не , не иска ."
SIM,2;10.09,PLA,"chux, mamo.",2,"Чуx, мамо.","Чуx , мамо .","Чуx , мамо ."
SIM,2;10.09,PLA,"i tja e plastmasova, no njama da ja izxvyrljame, mamo, neja.",11,"И тя е пластмасова, но няма да я изxвърляме, мамо, нея.","И тя е пластмасова , но няма да я изxвърляме , мамо , нея .","И тя е пластмасова , но няма да я изxвърляме , мамо , нея ."
SIM,2;10.09,PLA,sega mozhesh li da objasnish ti na Kalojancho kakvo shte pravim?,11,Сега можеш ли да обясниш ти на калоянчо какво ще правим?,Сега можеш ли да обясниш ти на калоянчо какво ще правим ?,Сега можеш ли да обясниш ти на калоянчо какво ще правим ?
SIM,2;11.19,PLA,xaresa li vi pri baba i djado?,7,Xареса ли ви при баба и дядо?,Xареса ли ви при баба и дядо ?,Xареса ли ви при баба и дядо ?
SIM,2;11.19,PLA,taka li?,2,Така ли?,Така ли ?,Така ли ?
SIM,2;11.19,PLA,"Sliven e grad, mamo.",4,"Сливен е град, мамо.","Сливен е град , мамо .","Сливен е град , мамо ."
SIM,2;11.19,PLA,iska si shapkata.,3,Иска си шапката.,Иска си шапката .,Иска си шапката .
SIM,2;11.19,PLA,do nego na stolcheto.,4,До него на столчето.,До него на столчето .,До него на столчето .
SIM,2;11.22,PLA,"e, ne sa tolkova golemi, no ima i golemi tendzheri vytre.",11,"Е, не са толкова големи, но има и големи тенджери вътре.","Е , не са толкова големи , но има и големи тенджери вътре .","Е , не са толкова големи , но има и големи тенджери вътре ."
SIM,2;11.22,PLA,Simonchi.,1,Симончи.,Симончи .,Симончи .
SIM,2;11.22,PLA,kakvo pravish?,2,Какво правиш?,Какво правиш ?,Какво правиш ?
SIM,2;11.22,PLA,obiknoven chovek sym si.,4,Обикновен човек съм си.,Обикновен човек съм си .,Обикновен човек съм си .
SIM,2;11.22,PLA,koga shte gi jadem?,4,Кога ще ги ядем?,Кога ще ги ядем ?,Кога ще ги ядем ?
SIM,2;11.22,PLA,"stiga tolkova otvarja xladilnika, mamo.",5,"Стига толкова отваря xладилника, мамо.","Стига толкова отваря xладилника , мамо .","Стига толкова отваря xладилника , мамо ."
SIM,2;11.24,PLA,"to vsichki go pravim tova, ama kakvo shte rabotish?",9,"То всички го правим това, ама какво ще работиш?","То всички го правим това , ама какво ще работиш ?","То всички го правим това , ама какво ще работиш ?"
SIM,2;11.24,PLA,"dnes kakvo mi kaza, che iskash da preglezhdash?",8,"Днес какво ми каза, че искаш да преглеждаш?","Днес какво ми каза , че искаш да преглеждаш ?","Днес какво ми каза , че искаш да преглеждаш ?"
SIM,2;11.24,PLA,mmm.,1,Ммм.,Ммм .,Ммм .
SIM,2;11.29,PLA,"zashtoto e kukla, mamo.",4,"Защото е кукла, мамо.","Защото е кукла , мамо .","Защото е кукла , мамо ."
SIM,3;00.01,PLA,"da, ama toj vinagi gi natiska.",6,"Да, ама той винаги ги натиска.","Да , ама той винаги ги натиска .","Да , ама той винаги ги натиска ."
SIM,3;00.01,PLA,"da, goljamo Kalojanche.",3,"Да, голямо калоянче.","Да , голямо калоянче .","Да , голямо калоянче ."
SIM,3;00.01,PLA,Kalojancho s kogo govorish?,4,Калоянчо с кого говориш?,Калоянчо с кого говориш ?,Калоянчо с кого говориш ?
SIM,3;01.00,PLA,"nishto, az shte cheta s teb.",6,"Нищо, аз ще чета с теб.","Нищо , аз ще чета с теб .","Нищо , аз ще чета с теб ."
SIM,3;01.00,KAO,"pada dyrvoto, dyrvoto, dyrvoto.",4,"Пада дървото, дървото, дървото.","Пада дървото , дървото , дървото .","Пада дървото , дървото , дървото ."
TEF,1;03.11,BAB,"kazhi, chedo !",2,"Кажи, чедо !","Кажи , чедо !","Кажи , чедо !"
TEF,1;03.11,BAB,"kazhi, babo, buto [: kolata] kak pravi ?",5,"Кажи, бабо, буто [: колата] как прави ?","Кажи , бабо , буто как прави ?","Кажи , бабо , колата как прави ?"
TEF,1;03.11,BAB,ja vizh kakvo e tova ?,5,Я виж какво е това ?,Я виж какво е това ?,Я виж какво е това ?
TEF,1;03.11,BAB,a patenceto kak vika ?,4,А патенцето как вика ?,А патенцето как вика ?,А патенцето как вика ?
TEF,1;06.22,BAB,tazi koja e ?,3,Тази коя е ?,Тази коя е ?,Тази коя е ?
TEF,1;06.22,BAB,iskash li da papkash ?,4,Искаш ли да папкаш ?,Искаш ли да папкаш ?,Искаш ли да папкаш ?
TEF,1;06.22,BAB,tati kak se kazva ?,4,Тати как се казва ?,Тати как се казва ?,Тати как се казва ?
TEF,1;06.22,BAB,kato porasnesh kakva shte stanesh ?,5,Като пораснеш каква ще станеш ?,Като пораснеш каква ще станеш ?,Като пораснеш каква ще станеш ?
TEF,1;06.22,BAB,dobre !,1,Добре !,Добре !,Добре !
TEF,1;06.22,BAB,chakaj !,1,Чакай !,Чакай !,Чакай !
TEF,1;06.22,BAB,Mimi kakvo pravi ?,3,Мими какво прави ?,Мими какво прави ?,Мими какво прави ?
TEF,1;08.00,VEL,a lelja kakvo shche pie ?,5,А леля какво шче пие ?,А леля какво шче пие ?,А леля какво шче пие ?
TEF,1;08.00,BAB,"stefi, baba kakvo ima na kracheto ?",6,"Стефи, баба какво има на крачето ?","Стефи , баба какво има на крачето ?","Стефи , баба какво има на крачето ?"
TEF,1;08.00,BAB,daj go baba da go otvori !,6,Дай го баба да го отвори !,Дай го баба да го отвори !,Дай го баба да го отвори !
TEF,1;08.00,BAB,"a-u, ribka !",2,"А-у, рибка !","А-у , рибка !","А-у , рибка !"
TEF,1;08.00,BAB,"kakvo, babu ?",2,"Какво, бабу ?","Какво , бабу ?","Какво , бабу ?"
TEF,1;08.00,BAB,"a-u, babe, za nikyde ne si , vizh kakvo napravi !",9,"А-у, бабе, за никъде не си , виж какво направи !","А-у , бабе , за никъде не си , виж какво направи !","А-у , бабе , за никъде не си , виж какво направи !"
TEF,1;08.00,BAB,ama zashcho plache bebeto ?,4,Ама зашчо плаче бебето ?,Ама зашчо плаче бебето ?,Ама зашчо плаче бебето ?
TEF,1;08.00,BAB,koj e tuka ?,3,Кой е тука ?,Кой е тука ?,Кой е тука ?
TEF,1;08.00,BAB,vikaj kaka !,2,Викай кака !,Викай кака !,Викай кака !
TEF,1;08.00,BAB,ne pipaj !,2,Не пипай !,Не пипай !,Не пипай !
TEF,1;08.00,BAB,kak vika pileto ?,3,Как вика пилето ?,Как вика пилето ?,Как вика пилето ?
TEF,1;08.00,BAB,a chasovnika dade li ti ?,5,А часовника даде ли ти ?,А часовника даде ли ти ?,А часовника даде ли ти ?
TEF,1;08.00,BAB,stoj da opravim sandalkite !,4,Стой да оправим сандалките !,Стой да оправим сандалките !,Стой да оправим сандалките !
TEF,1;08.00,BAB,bocka li te Ezhko ?,4,Боцка ли те ежко ?,Боцка ли те ежко ?,Боцка ли те ежко ?
TEF,1;08.00,BAB,daj da go cunkam ?,4,Дай да го цункам ?,Дай да го цункам ?,Дай да го цункам ?
TEF,1;08.00,BAB,"ajde, babo, pej !",3,"Айде, бабо, пей !","Айде , бабо , пей !","Айде , бабо , пей !"
TEF,1;08.00,BAB,baba shche go maxne !,4,Баба шче го маxне !,Баба шче го маxне !,Баба шче го маxне !
TEF,1;08.00,BAB,"nedej go dyrpa , shche go schupish !",6,"Недей го дърпа , шче го счупиш !","Недей го дърпа , шче го счупиш !","Недей го дърпа , шче го счупиш !"
TEF,1;08.00,VEL,kopcheto go njama .,3,Копчето го няма .,Копчето го няма .,Копчето го няма .
TEF,1;08.00,VEL,"ne, kazhi ne !",3,"Не, кажи не !","Не , кажи не !","Не , кажи не !"
TEF,1;08.00,VEL,kakvo si nameri ?,3,Какво си намери ?,Какво си намери ?,Какво си намери ?
TEF,1;08.00,BAB,pate ?,1,Пате ?,Пате ?,Пате ?
TEF,1;11.04,VEL,kyde da sedne lelja ?,4,Къде да седне леля ?,Къде да седне леля ?,Къде да седне леля ?
TEF,1;11.04,BAB,ne e li gadno ?,4,Не е ли гадно ?,Не е ли гадно ?,Не е ли гадно ?
TEF,1;11.04,VEL,daj na mene vodata !,4,Дай на мене водата !,Дай на мене водата !,Дай на мене водата !
TEF,1;11.04,VEL,risuvam ?,1,Рисувам ?,Рисувам ?,Рисувам ?
TEF,1;11.04,VEL,na terasata ?,2,На терасата ?,На терасата ?,На терасата ?
TEF,1;11.04,VEL,ot gybka .,2,От гъбка .,От гъбка .,От гъбка .
TEF,1;11.04,BAB,pak da pusna pateto ?,4,Пак да пусна патето ?,Пак да пусна патето ?,Пак да пусна патето ?
TEF,1;11.04,VEL,pravi kominche ?,2,Прави коминче ?,Прави коминче ?,Прави коминче ?
TEF,1;11.04,VEL,kakvo pravi mecho ?,3,Какво прави мечо ?,Какво прави мечо ?,Какво прави мечо ?
TEF,1;11.04,BAB,drugata programa li iskash ?,4,Другата програма ли искаш ?,Другата програма ли искаш ?,Другата програма ли искаш ?
TEF,1;11.04,BAB,I kakvo kupi ?,3,И какво купи ?,И какво купи ?,И какво купи ?
TEF,1;11.04,VEL,narisuvaj edno zajche !,3,Нарисувай едно зайче !,Нарисувай едно зайче !,Нарисувай едно зайче !
TEF,1;11.04,BAB,"ne, ne mozhe !",3,"Не, не може !","Не , не може !","Не , не може !"
TEF,1;11.04,BAB,ama njama .,2,Ама няма .,Ама няма .,Ама няма .
TEF,1;11.04,VEL,eto go !,2,Ето го !,Ето го !,Ето го !
TEF,1;11.04,VEL,daj mi shapka !,3,Дай ми шапка !,Дай ми шапка !,Дай ми шапка !
TEF,1;11.04,VEL,kazhi toj e detski !,4,Кажи той е децки !,Кажи той е децки !,Кажи той е децки !
TEF,1;11.04,VEL,iskash lyzhichka ?,2,Искаш лъжичка ?,Искаш лъжичка ?,Искаш лъжичка ?
TEF,1;11.04,VEL,Kyde e tja ?,3,Къде е тя ?,Къде е тя ?,Къде е тя ?
TEF,1;11.04,MIM,koj shche sedne na stolcheto ?,5,Кой шче седне на столчето ?,Кой шче седне на столчето ?,Кой шче седне на столчето ?
TEF,1;11.04,VEL,chipi ?,1,Чипи ?,Чипи ?,Чипи ?
TEF,1;11.04,BAB,"Tova kakvo e, babo ?",4,"Това какво е, бабо ?","Това какво е , бабо ?","Това какво е , бабо ?"
TEF,1;11.04,BAB,"ne, ne, njama dolu .",4,"Не, не, няма долу .","Не , не , няма долу .","Не , не , няма долу ."
TEF,1;11.04,VEL,"a-a, mij shapkata .",3,"А-а, мий шапката .","А-а , мий шапката .","А-а , мий шапката ."
TEF,1;11.04,VEL,kakvo pravi Stefito ?,3,Какво прави стефито ?,Какво прави стефито ?,Какво прави стефито ?
TEF,1;11.04,MIM,kakvo mi davash da jam ?,5,Какво ми даваш да ям ?,Какво ми даваш да ям ?,Какво ми даваш да ям ?
TEF,1;11.04,MIM,koj se drusa ?,3,Кой се друса ?,Кой се друса ?,Кой се друса ?
TEF,1;11.04,BAB,"ja, da kazhem na lelja vchera kakvo se sluchi !",9,"Я, да кажем на леля вчера какво се случи !","Я , да кажем на леля вчера какво се случи !","Я , да кажем на леля вчера какво се случи !"
TEF,1;11.04,VEL,kukla ?,1,Кукла ?,Кукла ?,Кукла ?
TEF,1;11.04,BAB,"nali, babo ?",2,"Нали, бабо ?","Нали , бабо ?","Нали , бабо ?"
TEF,1;11.04,BAB,da pravim komin ?,3,Да правим комин ?,Да правим комин ?,Да правим комин ?
TEF,1;11.04,VEL,kakvo napravi Stefi ?,3,Какво направи стефи ?,Какво направи стефи ?,Какво направи стефи ?
TEF,1;11.04,VEL,bocni na lelja edna inzhekcija !,5,Боцни на леля една инжекция !,Боцни на леля една инжекция !,Боцни на леля една инжекция !
TEF,1;11.04,VEL,vizh edno choveche !,3,Виж едно човече !,Виж едно човече !,Виж едно човече !
TEF,1;11.04,BAB,ja kazhi kak se kazvat tvoite babi ?,7,Я кажи как се казват твоите баби ?,Я кажи как се казват твоите баби ?,Я кажи как се казват твоите баби ?
TEF,1;11.04,BAB,kakvo shte pravish sys stolcheto !,5,Какво ще правиш със столчето !,Какво ще правиш със столчето !,Какво ще правиш със столчето !
TEF,1;11.04,VEL,"izperi shapkata, che e mrysna !",5,"Изпери шапката, че е мръсна !","Изпери шапката , че е мръсна !","Изпери шапката , че е мръсна !"
TEF,1;11.04,VEL,shte slushash li ?,3,Ще слушаш ли ?,Ще слушаш ли ?,Ще слушаш ли ?
TEF,1;11.04,BAB,kazhi na lelja Velka kyde xodi mama !,7,Кажи на леля велка къде xоди мама !,Кажи на леля велка къде xоди мама !,Кажи на леля велка къде xоди мама !
TEF,1;11.04,BAB,njama nikoj !,2,Няма никой !,Няма никой !,Няма никой !
TEF,1;11.04,BAB,byrzo ela !,2,Бързо ела !,Бързо ела !,Бързо ела !
TEF,1;11.04,MIM,a toj Koko go njama .,5,А той коко го няма .,А той коко го няма .,А той коко го няма .
TEF,1;11.04,VEL,"kyde e kyshchichkata, Stefi ?",4,"Къде е къшчичката, стефи ?","Къде е къшчичката , стефи ?","Къде е къшчичката , стефи ?"
TEF,1;11.04,MIM,stefcheto ?,1,Стефчето ?,Стефчето ?,Стефчето ?
TEF,1;11.04,VEL,shche se mushnesh li da ja vzemesh ?,7,Шче се мушнеш ли да я вземеш ?,Шче се мушнеш ли да я вземеш ?,Шче се мушнеш ли да я вземеш ?
TEF,1;11.04,VEL,"kyde shte otivame, lel'o ?",4,"Къде ще отиваме, лел'о ?","Къде ще отиваме , лел'о ?","Къде ще отиваме , лельо ?"
TEF,1;11.04,VEL,da gi maxnem .,3,Да ги маxнем .,Да ги маxнем .,Да ги маxнем .
TEF,1;11.04,BAB,"xajde, kazhi, bebence, otvori si ustichkata !",6,"Xайде, кажи, бебенце, отвори си устичката !","Xайде , кажи , бебенце , отвори си устичката !","Xайде , кажи , бебенце , отвори си устичката !"
TEF,1;11.04,BAB,"da, rybcheta .",2,"Да, ръбчета .","Да , ръбчета .","Да , ръбчета ."
TEF,1;11.04,BAB,"da vidish, che njama nikoj !",5,"Да видиш, че няма никой !","Да видиш , че няма никой !","Да видиш , че няма никой !"
TEF,1;11.04,BAB,da pokazhem kak traka pileto .,5,Да покажем как трака пилето .,Да покажем как трака пилето .,Да покажем как трака пилето .
TEF,1;11.04,BAB,da .,1,Да .,Да .,Да .
TEF,1;11.08,BAB,"teche, izjash si pyrvo salamcheto i posle shte se drusash !",10,"Тече, изяш си първо саламчето и после ще се друсаш !","Тече , изяш си първо саламчето и после ще се друсаш !","Тече , изяш си първо саламчето и после ще се друсаш !"
TEF,1;11.25,BAB,ti s rychichka li shte go belish ?,7,Ти с ръчичка ли ще го белиш ?,Ти с ръчичка ли ще го белиш ?,Ти с ръчичка ли ще го белиш ?
TEF,1;11.25,VEL,techeto pravi bebe .,3,Течето прави бебе .,Течето прави бебе .,Течето прави бебе .
TEF,1;11.25,VEL,da dojde ?,2,Да дойде ?,Да дойде ?,Да дойде ?
TEF,1;11.25,BAB,drugo kakvo beshe ?,3,Друго какво беше ?,Друго какво беше ?,Друго какво беше ?
TEF,1;11.25,VEL,xajde vsichki bebeta da spjat !,5,Xайде всички бебета да спят !,Xайде всички бебета да спят !,Xайде всички бебета да спят !
TEF,1;11.25,VEL,dvete iskat ?,2,Двете искат ?,Двете искат ?,Двете искат ?
TEF,1;11.25,VEL,xajde da igraem ?,3,Xайде да играем ?,Xайде да играем ?,Xайде да играем ?
TEF,1;11.25,BAB,kakvo e tova ?,3,Какво е това ?,Какво е това ?,Какво е това ?
TEF,1;11.25,BAB,"stana li, babo ?",3,"Стана ли, бабо ?","Стана ли , бабо ?","Стана ли , бабо ?"
TEF,1;11.25,BAB,vnimavaj da ne schupish divana !,5,Внимавай да не счупиш дивана !,Внимавай да не счупиш дивана !,Внимавай да не счупиш дивана !
TEF,1;11.25,BAB,na barche .,2,На барче .,На барче .,На барче .
TEF,1;11.25,BAB,da go pribereme !,3,Да го прибереме !,Да го прибереме !,Да го прибереме !
TEF,1;11.25,VEL,da narezhem tortata na parchenca !,5,Да нарежем тортата на парченца !,Да нарежем тортата на парченца !,Да нарежем тортата на парченца !
TEF,1;11.25,BAB,tuj mama Mimi kato mynichka .,5,Туй мама мими като мъничка .,Туй мама мими като мъничка .,Туй мама мими като мъничка .
TEF,1;11.25,BAB,da obuem ancunga .,3,Да обуем анцунга .,Да обуем анцунга .,Да обуем анцунга .
TEF,1;11.25,BAB,Tova ?,1,Това ?,Това ?,Това ?
TEF,1;11.25,VEL,na telefona .,2,На телефона .,На телефона .,На телефона .
TEF,1;11.25,BAB,malko ?,1,Малко ?,Малко ?,Малко ?
TEF,1;11.25,VEL,da j dadem li xapche ?,5,Да й дадем ли xапче ?,Да й дадем ли xапче ?,Да й дадем ли xапче ?
TEF,1;11.25,VEL,ne gi pipaj !,3,Не ги пипай !,Не ги пипай !,Не ги пипай !
TEF,1;11.25,VEL,"xajde da podredim kyshtata: eto masata, chashkite .",7,"Xайде да подредим къщата: ето масата, чашките .","Xайде да подредим къщата : ето масата , чашките .","Xайде да подредим къщата : ето масата , чашките ."
TEF,1;11.25,VEL,xaijde byrzo da izmiem dupeto !,5,Xаийде бързо да измием дупето !,Xаийде бързо да измием дупето !,Xаийде бързо да измием дупето !
TEF,1;11.25,BAB,za Al'onka ?,2,За ал'онка ?,За ал'онка ?,За альонка ?
TEF,1;11.25,BAB,"o, blagodarja ti sykrovishte !",4,"О, благодаря ти съкровище !","О , благодаря ти съкровище !","О , благодаря ти съкровище !"
TEF,1;11.25,VEL,"o, te mrysni !",3,"О, те мръсни !","О , те мръсни !","О , те мръсни !"
TEF,1;11.25,VEL,studeno li e ?,3,Студено ли е ?,Студено ли е ?,Студено ли е ?
TEF,1;11.25,VEL,"kakvo stana, Teche ?",3,"Какво стана, тече ?","Какво стана , тече ?","Какво стана , тече ?"
TEF,1;11.25,BAB,"ti nali znaesh, che ne mozhesh da rezhesh .",8,"Ти нали знаеш, че не можеш да режеш .","Ти нали знаеш , че не можеш да режеш .","Ти нали знаеш , че не можеш да режеш ."
TEF,1;11.25,BAB,"eto chinijka, zapovjadaj !",3,"Ето чинийка, заповядай !","Ето чинийка , заповядай !","Ето чинийка , заповядай !"
TEF,1;11.25,VEL,kakvo shte j dadesh na Marija da si igrae ?,9,Какво ще й дадеш на мария да си играе ?,Какво ще й дадеш на мария да си играе ?,Какво ще й дадеш на мария да си играе ?
TEF,1;11.25,VEL,drugoto ?,1,Другото ?,Другото ?,Другото ?
TEF,1;11.25,BAB,obadi se na mama Mimi da dojde !,7,Обади се на мама мими да дойде !,Обади се на мама мими да дойде !,Обади се на мама мими да дойде !
TEF,1;11.25,BAB,iskash pri decata da xodish na detska gradina ?,8,Искаш при децата да xодиш на децка градина ?,Искаш при децата да xодиш на децка градина ?,Искаш при децата да xодиш на децка градина ?
TEF,1;11.25,BAB,"+"" tolkoz malko .",2,"+"" толкоз малко .",""" толкоз малко .",""" толкоз малко ."
TEF,1;11.25,BAB,shte plachesh ?,2,Ще плачеш ?,Ще плачеш ?,Ще плачеш ?
TEF,1;11.25,VEL,"stefi, kakvo ima tuka v torbichkata ?",6,"Стефи, какво има тука в торбичката ?","Стефи , какво има тука в торбичката ?","Стефи , какво има тука в торбичката ?"
TEF,1;11.25,BAB,I shte ti donesat podaryk .,5,И ще ти донесат подарък .,И ще ти донесат подарък .,И ще ти донесат подарък .
TEF,1;11.25,VEL,kakvo pravish ti ?,3,Какво правиш ти ?,Какво правиш ти ?,Какво правиш ти ?
TEF,1;11.25,VEL,mozhe li da sedja na nego ?,6,Може ли да седя на него ?,Може ли да седя на него ?,Може ли да седя на него ?
TEF,1;11.25,BAB,na lelja Velka i na chicho Mitko shte dadesh li portokalche ?,11,На леля велка и на чичо митко ще дадеш ли портокалче ?,На леля велка и на чичо митко ще дадеш ли портокалче ?,На леля велка и на чичо митко ще дадеш ли портокалче ?
TEF,1;11.25,BAB,ne moga da razbera .,4,Не мога да разбера .,Не мога да разбера .,Не мога да разбера .
TEF,1;11.25,VEL,na kakvo shte risuvash sega ?,5,На какво ще рисуваш сега ?,На какво ще рисуваш сега ?,На какво ще рисуваш сега ?
TEF,1;11.25,BAB,kolko slamki imash ?,3,Колко сламки имаш ?,Колко сламки имаш ?,Колко сламки имаш ?
TEF,1;11.25,VEL,koj shte kara vlaka ?,4,Кой ще кара влака ?,Кой ще кара влака ?,Кой ще кара влака ?
TEF,1;11.25,VEL,da padna li ?,3,Да падна ли ?,Да падна ли ?,Да падна ли ?
TEF,1;11.25,BAB,kyde sa gi pribrali dnes decata ot Doma ?,8,Къде са ги прибрали днес децата от дома ?,Къде са ги прибрали днес децата от дома ?,Къде са ги прибрали днес децата от дома ?
TEF,1;11.25,VEL,shte dadesh li da priberem kljucha ?,6,Ще дадеш ли да приберем кльуча ?,Ще дадеш ли да приберем кльуча ?,Ще дадеш ли да приберем кльуча ?
TEF,1;11.25,VEL,Tova sa shokoladcheta .,3,Това са шоколадчета .,Това са шоколадчета .,Това са шоколадчета .
TEF,2;00.09,VEL,shte spinka ?,2,Ще спинка ?,Ще спинка ?,Ще спинка ?
TEF,2;00.09,VEL,"xajde, Teche, dovizhdane !",3,"Xайде, тече, довиждане !","Xайде , тече , довиждане !","Xайде , тече , довиждане !"
TEF,2;00.09,VEL,shte te zaboli tumbacheto !,4,Ще те заболи тумбачето !,Ще те заболи тумбачето !,Ще те заболи тумбачето !
TEF,2;00.09,VEL,da mu dadem igrachki na zajcheto !,6,Да му дадем играчки на зайчето !,Да му дадем играчки на зайчето !,Да му дадем играчки на зайчето !
TEF,2;00.09,VEL,mama Zajka .,2,Мама зайка .,Мама зайка .,Мама зайка .
TEF,2;00.09,VEL,"o-o, tova dete samichko podrezhda !",5,"О-о, това дете самичко подрежда !","О-о , това дете самичко подрежда !","О-о , това дете самичко подрежда !"
TEF,2;00.09,VEL,izchisti go !,2,Изчисти го !,Изчисти го !,Изчисти го !
TEF,2;00.09,VEL,studeno mi e !,3,Студено ми е !,Студено ми е !,Студено ми е !
TEF,2;00.09,BAB,ne kaza koj ti podari bebeto ?,6,Не каза кой ти подари бебето ?,Не каза кой ти подари бебето ?,Не каза кой ти подари бебето ?
TEF,2;00.09,VEL,kakvo ima tam ?,3,Какво има там ?,Какво има там ?,Какво има там ?
TEF,2;00.09,VEL,vizh gybka !,2,Виж гъбка !,Виж гъбка !,Виж гъбка !
TEF,2;00.09,VEL,"a, kyde e bonbonkata, Stefi !",5,"А, къде е бонбонката, стефи !","А , къде е бонбонката , стефи !","А , къде е бонбонката , стефи !"
TEF,2;00.09,BAB,kazhi: mnogo blagodarja !,3,Кажи: много благодаря !,Кажи : много благодаря !,Кажи : много благодаря !
TEF,2;00.09,VEL,daj drugoto ?,2,Дай другото ?,Дай другото ?,Дай другото ?
TEF,2;00.09,VEL,da izvadim s lyzhichkata ?,4,Да извадим с лъжичката ?,Да извадим с лъжичката ?,Да извадим с лъжичката ?
TEF,2;00.09,VEL,Ima li mjasto i za men ?,6,Има ли място и за мен ?,Има ли място и за мен ?,Има ли място и за мен ?
TEF,2;00.09,VEL,njama tuka .,2,Няма тука .,Няма тука .,Няма тука .
TEF,2;00.09,VEL,kakvo jadoxte na rozhdenija den ?,5,Какво ядоxте на рождения ден ?,Какво ядоxте на рождения ден ?,Какво ядоxте на рождения ден ?
TEF,2;00.09,VEL,padnala .,1,Паднала .,Паднала .,Паднала .
TEF,2;00.09,BAB,Ima li oshte ?,3,Има ли още ?,Има ли още ?,Има ли още ?
TEF,2;00.09,BAB,"kakvo da ti dam, chedo ?",5,"Какво да ти дам, чедо ?","Какво да ти дам , чедо ?","Какво да ти дам , чедо ?"
TEF,2;00.09,BAB,"+"" Blagodarja, lel'o, za bonbonite !",4,"+"" благодаря, лел'о, за бонбоните !",""" благодаря , лел'о , за бонбоните !",""" благодаря , лельо , за бонбоните !"
TEF,2;00.09,VEL,da go zaviem kato bebe !,5,Да го завием като бебе !,Да го завием като бебе !,Да го завием като бебе !
TEF,2;00.09,BAB,aka ima li ?,3,Ака има ли ?,Ака има ли ?,Ака има ли ?
TEF,2;00.09,VEL,"ja, kakva kartinka ima Stefi ?",5,"Я, каква картинка има стефи ?","Я , каква картинка има стефи ?","Я , каква картинка има стефи ?"
TEF,2;00.09,VEL,mokro li e ?,3,Мокро ли е ?,Мокро ли е ?,Мокро ли е ?
TEF,2;00.09,VEL,lelja si trygva .,3,Леля си тръгва .,Леля си тръгва .,Леля си тръгва .
TEF,2;00.09,BAB,imash li oshte akapish ?,4,Имаш ли още акапиш ?,Имаш ли още акапиш ?,Имаш ли още акапиш ?
TEF,2;00.09,VEL,"tyrsi, Teche !",2,"Търси, тече !","Търси , тече !","Търси , тече !"
TEF,2;00.09,BAB,"tete, ti kakvo iskash Djado Mraz da ti donese ?",9,"Тете, ти какво искаш дядо мраз да ти донесе ?","Тете , ти какво искаш дядо мраз да ти донесе ?","Тете , ти какво искаш дядо мраз да ти донесе ?"
TEF,2;00.09,VEL,"kyde sa bonbonkite be, Rose ?",5,"Къде са бонбонките бе, росе ?","Къде са бонбонките бе , росе ?","Къде са бонбонките бе , росе ?"
TEF,2;00.09,VEL,baba sega shte preobue gashtichkite .,5,Баба сега ще преобуе гащичките .,Баба сега ще преобуе гащичките .,Баба сега ще преобуе гащичките .
TEF,2;00.09,VEL,padna kuklata .,2,Падна куклата .,Падна куклата .,Падна куклата .
TEF,2;00.09,VEL,ja ?,1,Я ?,Я ?,Я ?
TEF,2;00.09,BAB,koj e tozi ?,3,Кой е този ?,Кой е този ?,Кой е този ?
TEF,2;00.09,BAB,baba da gi skrie li ?,5,Баба да ги скрие ли ?,Баба да ги скрие ли ?,Баба да ги скрие ли ?
TEF,2;00.09,VEL,slozhi ja tuka !,3,Сложи я тука !,Сложи я тука !,Сложи я тука !
TEF,2;00.09,VEL,eto ja tuka !,3,Ето я тука !,Ето я тука !,Ето я тука !
TEF,2;00.09,VEL,"mersi, Teche !",2,"Мерси, тече !","Мерси , тече !","Мерси , тече !"
TEF,2;00.09,VEL,s odejaloto ?,2,С одеялото ?,С одеялото ?,С одеялото ?
TEF,2;00.09,VEL,oshte iskam !,2,Още искам !,Още искам !,Още искам !
TEF,2;00.09,VEL,pak iskam bonka !,3,Пак искам бонка !,Пак искам бонка !,Пак искам бонка !
TEF,2;00.09,BAB,I poveche njama ?,3,И повече няма ?,И повече няма ?,И повече няма ?
TEF,2;00.09,BAB,da ne ti se aka ?,5,Да не ти се ака ?,Да не ти се ака ?,Да не ти се ака ?
TEF,2;00.09,BAB,ajde stiga veche !,3,Айде стига вече !,Айде стига вече !,Айде стига вече !
TEF,2;00.09,BAB,ti vsichkite gi izjade veche !,5,Ти всичките ги изяде вече !,Ти всичките ги изяде вече !,Ти всичките ги изяде вече !
TEF,2;00.09,VEL,shte ima ?,2,Ще има ?,Ще има ?,Ще има ?
TEF,2;00.09,VEL,"stiga tolkova, molja te !",4,"Стига толкова, моля те !","Стига толкова , моля те !","Стига толкова , моля те !"
TEF,2;01.16,VEL,"ne, ne, ne !",3,"Не, не, не !","Не , не , не !","Не , не , не !"
TEF,2;01.16,BAB,a tez tuka koi sa ?,5,А тез тука кои са ?,А тез тука кои са ?,А тез тука кои са ?
TEF,2;01.16,VEL,zashto sa ti portokali ?,4,Защо са ти портокали ?,Защо са ти портокали ?,Защо са ти портокали ?
TEF,2;01.16,BAB,ximikal iskash li da risuvash ?,5,Xимикал искаш ли да рисуваш ?,Xимикал искаш ли да рисуваш ?,Xимикал искаш ли да рисуваш ?
TEF,2;01.16,BAB,"ne e tvoja, tvoja e tuka !",6,"Не е твоя, твоя е тука !","Не е твоя , твоя е тука !","Не е твоя , твоя е тука !"
TEF,2;01.16,VEL,"a-u, igrachkata se schupi !",4,"А-у, играчката се счупи !","А-у , играчката се счупи !","А-у , играчката се счупи !"
TEF,2;01.16,VEL,Sega koj shte mi napravi kafe ?,6,Сега кой ще ми направи кафе ?,Сега кой ще ми направи кафе ?,Сега кой ще ми направи кафе ?
TEF,2;01.16,BAB,xubava li e ?,3,Xубава ли е ?,Xубава ли е ?,Xубава ли е ?
TEF,2;01.16,VEL,a kakvo e ?,3,А какво е ?,А какво е ?,А какво е ?
TEF,2;01.16,VEL,vujcho pushi li cigara ?,4,Вуйчо пуши ли цигара ?,Вуйчо пуши ли цигара ?,Вуйчо пуши ли цигара ?
TEF,2;01.16,BAB,djado j j vika Stefani Terzijska .,6,Дядо й й вика стефани терзийска .,Дядо й й вика стефани терзийска .,Дядо й й вика стефани терзийска .
TEF,2;01.16,VEL,koja e majka na Koleto ?,5,Коя е майка на колето ?,Коя е майка на колето ?,Коя е майка на колето ?
TEF,2;01.16,VEL,ix che si dobra !,4,Иx че си добра !,Иx че си добра !,Иx че си добра !
TEF,2;01.16,BAB,kypjat se v moreto .,4,Къпят се в морето .,Къпят се в морето .,Къпят се в морето .
TEF,2;01.16,VEL,kyde mi e kafeto ?,4,Къде ми е кафето ?,Къде ми е кафето ?,Къде ми е кафето ?
TEF,2;01.16,VEL,kyde padna i kyde se udari ?,6,Къде падна и къде се удари ?,Къде падна и къде се удари ?,Къде падна и къде се удари ?
TEF,2;01.16,VEL,kakvo shte gi pravish ?,4,Какво ще ги правиш ?,Какво ще ги правиш ?,Какво ще ги правиш ?
TEF,2;01.16,VEL,kakvo pravish ?,2,Какво правиш ?,Какво правиш ?,Какво правиш ?
TEF,2;01.16,VEL,Sega ti shte mi napravish kafe !,6,Сега ти ще ми направиш кафе !,Сега ти ще ми направиш кафе !,Сега ти ще ми направиш кафе !
TEF,2;01.16,VEL,"a, svyrshi li albuma ?",4,"А, свърши ли албума ?","А , свърши ли албума ?","А , свърши ли албума ?"
TEF,2;01.16,VEL,kakvo e ?,2,Какво е ?,Какво е ?,Какво е ?
TEF,2;01.16,VEL,da se sybleka ?,3,Да се съблека ?,Да се съблека ?,Да се съблека ?
TEF,2;01.16,VEL,a kakvo pravi tova momche tuka ?,6,А какво прави това момче тука ?,А какво прави това момче тука ?,А какво прави това момче тука ?
TEF,2;01.16,VEL,a malkite ?,2,А малките ?,А малките ?,А малките ?
TEF,2;01.16,BAB,"ama iglata mnogo bocka, kazhi na lelja !",7,"Ама иглата много боцка, кажи на леля !","Ама иглата много боцка , кажи на леля !","Ама иглата много боцка , кажи на леля !"
TEF,2;01.16,VEL,kakvo pravjat tezi xora s chashite ?,6,Какво правят тези xора с чашите ?,Какво правят тези xора с чашите ?,Какво правят тези xора с чашите ?
TEF,2;01.16,VEL,koleto ima li si majka ?,5,Колето има ли си майка ?,Колето има ли си майка ?,Колето има ли си майка ?
TEF,2;01.16,BAB,kyde ta kypime ?,3,Къде та къпиме ?,Къде та къпиме ?,Къде та къпиме ?
TEF,2;01.16,BAB,tuj kakvo e ?,3,Туй какво е ?,Туй какво е ?,Туй какво е ?
TEF,2;02.16,VEL,"lelja Velka, kakvo da pravi lelja Velka ?",7,"Леля велка, какво да прави леля велка ?","Леля велка , какво да прави леля велка ?","Леля велка , какво да прави леля велка ?"
TEF,2;02.16,VEL,"a-u, kak shte go namerim sega ?",6,"А-у, как ще го намерим сега ?","А-у , как ще го намерим сега ?","А-у , как ще го намерим сега ?"
TEF,2;02.16,VEL,tuj bonboni li sa ?,4,Туй бонбони ли са ?,Туй бонбони ли са ?,Туй бонбони ли са ?
TEF,2;02.16,VEL,molja te da se najam !,5,Моля те да се наям !,Моля те да се наям !,Моля те да се наям !
TEF,2;02.16,VEL,"o, bravo , ti ja napravi !",5,"О, браво , ти я направи !","О , браво , ти я направи !","О , браво , ти я направи !"
TEF,2;02.16,VEL,"njama bluzata, samo elecheto, njama bluzata ?",6,"Няма блузата, само елечето, няма блузата ?","Няма блузата , само елечето , няма блузата ?","Няма блузата , само елечето , няма блузата ?"
TEF,2;02.16,VEL,"a-u, Mime, az si namerix neshto !",6,"А-у, миме, аз си намериx нещо !","А-у , миме , аз си намериx нещо !","А-у , миме , аз си намериx нещо !"
TEF,2;02.16,VEL,"kakvo ima tam , dupka ?",4,"Какво има там , дупка ?","Какво има там , дупка ?","Какво има там , дупка ?"
TEF,2;02.16,VEL,Ima oshtche ?,2,Има ощче ?,Има ощче ?,Има ощче ?
TEF,2;02.16,VEL,ajde da ja napravim pak !,5,Айде да я направим пак !,Айде да я направим пак !,Айде да я направим пак !
TEF,2;02.16,MIM,seno .,1,Сено .,Сено .,Сено .
TEF,2;02.16,MIM,"da, tezi sa na lelja Velka .",6,"Да, тези са на леля велка .","Да , тези са на леля велка .","Да , тези са на леля велка ."
TEF,2;02.16,MIM,"kakvo e tuj, deto go vzemash ?",6,"Какво е туй, дето го вземаш ?","Какво е туй , дето го вземаш ?","Какво е туй , дето го вземаш ?"
TEF,2;02.16,VEL,"tuj bonboni , ne sa xapcheta !",5,"Туй бонбони , не са xапчета !","Туй бонбони , не са xапчета !","Туй бонбони , не са xапчета !"
TEF,2;02.16,MIM,ne si rovi v gashtite !,5,Не си рови в гащите !,Не си рови в гащите !,Не си рови в гащите !
TEF,2;02.16,VEL,mynichka iglichka .,2,Мъничка игличка .,Мъничка игличка .,Мъничка игличка .
TEF,2;02.16,VEL,tja sestrichka li ti e ?,5,Тя сестричка ли ти е ?,Тя сестричка ли ти е ?,Тя сестричка ли ти е ?
TEF,2;02.16,VEL,"a, vizh parichka za kasichkata !",5,"А, виж паричка за касичката !","А , виж паричка за касичката !","А , виж паричка за касичката !"
TEF,2;02.16,VEL,da zakopcheja li chantata ?,4,Да закопчея ли чантата ?,Да закопчея ли чантата ?,Да закопчея ли чантата ?
TEF,2;02.16,MIM,kak se kazva ?,3,Как се казва ?,Как се казва ?,Как се казва ?
TEF,2;02.16,MIM,imash li si kasichka za parichkite ?,6,Имаш ли си касичка за паричките ?,Имаш ли си касичка за паричките ?,Имаш ли си касичка за паричките ?
TEF,2;02.16,VEL,koj shte gi podredi ?,4,Кой ще ги подреди ?,Кой ще ги подреди ?,Кой ще ги подреди ?
TEF,2;02.16,VEL,molja te napravi mi tozi kljuch !,6,Моля те направи ми този кльуч !,Моля те направи ми този кльуч !,Моля те направи ми този кльуч !
TEF,2;02.16,VEL,leshnicheto nameri ?,2,Лешничето намери ?,Лешничето намери ?,Лешничето намери ?
TEF,2;02.16,VEL,ja me butni !,3,Я ме бутни !,Я ме бутни !,Я ме бутни !
TEF,2;02.16,VEL,neka se vyrti koleloto !,4,Нека се върти колелото !,Нека се върти колелото !,Нека се върти колелото !
TEF,2;02.16,VEL,"iskam, ama mojto li e ?",5,"Искам, ама мойто ли е ?","Искам , ама мойто ли е ?","Искам , ама мойто ли е ?"
TEF,2;02.16,VEL,eto !,1,Ето !,Ето !,Ето !
TEF,2;02.16,VEL,lelja da ti pomogne li ?,5,Леля да ти помогне ли ?,Леля да ти помогне ли ?,Леля да ти помогне ли ?
TEF,2;02.16,VEL,na zemjata ?,2,На земята ?,На земята ?,На земята ?
TEF,2;02.16,VEL,kyde shte go slozhim ?,4,Къде ще го сложим ?,Къде ще го сложим ?,Къде ще го сложим ?
TEF,2;02.16,MIM,ot drugata strana .,3,От другата страна .,От другата страна .,От другата страна .
TEF,2;02.16,VEL,koj shte go nameri ?,4,Кой ще го намери ?,Кой ще го намери ?,Кой ще го намери ?
TEF,2;02.16,VEL,njakoj myrda .,2,Някой мърда .,Някой мърда .,Някой мърда .
TEF,2;03.24,VEL,"ajde da izlizame, che tuka e studeno !",7,"Айде да излизаме, че тука е студено !","Айде да излизаме , че тука е студено !","Айде да излизаме , че тука е студено !"
TEF,2;03.24,VEL,grebenche v kosata !,3,Гребенче в косата !,Гребенче в косата !,Гребенче в косата !
TEF,2;03.24,VEL,vujcho Niki kyde e ?,4,Вуйчо ники къде е ?,Вуйчо ники къде е ?,Вуйчо ники къде е ?
TEF,2;03.24,BAB,"leko, babe, schupi ribkata !",4,"Леко, бабе, счупи рибката !","Леко , бабе , счупи рибката !","Леко , бабе , счупи рибката !"
TEF,2;03.24,BAB,"prez ljatoto lelja shte pylni voda , sega e zima .",9,"През лятото леля ще пълни вода , сега е зима .","През лятото леля ще пълни вода , сега е зима .","През лятото леля ще пълни вода , сега е зима ."
TEF,2;03.24,BAB,ne pipaj !,2,Не пипай !,Не пипай !,Не пипай !
TEF,2;03.24,VEL,"da, tuj malka masichka .",4,"Да, туй малка масичка .","Да , туй малка масичка .","Да , туй малка масичка ."
TEF,2;03.24,VEL,"vizh kakvo parchalivo bebe , kaka Aleksandra go ushila !",8,"Виж какво парчаливо бебе , кака александра го ушила !","Виж какво парчаливо бебе , кака александра го ушила !","Виж какво парчаливо бебе , кака александра го ушила !"
TEF,2;03.24,BAB,"stiga, babo, shte stane mnogo sladko .",6,"Стига, бабо, ще стане много сладко .","Стига , бабо , ще стане много сладко .","Стига , бабо , ще стане много сладко ."
TEF,2;03.24,VEL,goljama kokoshka .,2,Голяма кокошка .,Голяма кокошка .,Голяма кокошка .
TEF,2;03.24,MIM,kakvo e tova ?,3,Какво е това ?,Какво е това ?,Какво е това ?
TEF,2;03.24,VEL,"Tam ima bonboni, no sa ljuti .",6,"Там има бонбони, но са льути .","Там има бонбони , но са льути .","Там има бонбони , но са льути ."
TEF,2;03.24,VEL,"lel'o, slozhi go tam ?",4,"Лел'о, сложи го там ?","Лел'о , сложи го там ?","Лельо , сложи го там ?"
TEF,2;03.24,VEL,vizh topka s kraka !,4,Виж топка с крака !,Виж топка с крака !,Виж топка с крака !
TEF,2;03.24,VEL,baba koza .,2,Баба коза .,Баба коза .,Баба коза .
TEF,2;03.24,BAB,a kogo shte pryskash ?,4,А кого ще пръскаш ?,А кого ще пръскаш ?,А кого ще пръскаш ?
TEF,2;03.24,VEL,stoj tuka na toplichko !,4,Стой тука на топличко !,Стой тука на топличко !,Стой тука на топличко !
TEF,2;03.24,BAB,"o-o, kolko strashno djavolche , vizh li kolko roga ima !",9,"О-о, колко страшно дяволче , виж ли колко рога има !","О-о , колко страшно дяволче , виж ли колко рога има !","О-о , колко страшно дяволче , виж ли колко рога има !"
TEF,2;03.24,VEL,"teche, vcheshi me !",3,"Тече, вчеши ме !","Тече , вчеши ме !","Тече , вчеши ме !"
TEF,2;03.24,MIM,"dobre zatvori go, az ne ti precha .",7,"Добре затвори го, аз не ти преча .","Добре затвори го , аз не ти преча .","Добре затвори го , аз не ти преча ."
TEF,2;03.24,VEL,"ja daj toz prysten tuka, ja daj prystena !",8,"Я дай тоз пръстен тука, я дай пръстена !","Я дай тоз пръстен тука , я дай пръстена !","Я дай тоз пръстен тука , я дай пръстена !"
TEF,2;03.24,VEL,"ne sa xubavi , njama da j xaresat .",7,"Не са xубави , няма да й xаресат .","Не са xубави , няма да й xаресат .","Не са xубави , няма да й xаресат ."
TEF,2;03.24,VEL,"ajde sega da izlizame, che taksito idva .",7,"Айде сега да излизаме, че таксито идва .","Айде сега да излизаме , че таксито идва .","Айде сега да излизаме , че таксито идва ."
TEF,2;03.24,VEL,kakvo stana be ?,3,Какво стана бе ?,Какво стана бе ?,Какво стана бе ?
TEF,2;03.24,VEL,"a, namerix drugi obuvki !",4,"А, намериx други обувки !","А , намериx други обувки !","А , намериx други обувки !"
TEF,2;03.24,MIM,"shte ja skysash , mamo, i pateto shte plache !",8,"Ще я скъсаш , мамо, и патето ще плаче !","Ще я скъсаш , мамо , и патето ще плаче !","Ще я скъсаш , мамо , и патето ще плаче !"
TEF,2;03.24,BAB,pitaj lelja mozhe li ?,4,Питай леля може ли ?,Питай леля може ли ?,Питай леля може ли ?
TEF,2;03.24,VEL,"a-a, mij zybite !",3,"А-а, мий зъбите !","А-а , мий зъбите !","А-а , мий зъбите !"
TEF,2;03.24,BAB,iskam da si obuesh pantofkite vednaga !,6,Искам да си обуеш пантофките веднага !,Искам да си обуеш пантофките веднага !,Искам да си обуеш пантофките веднага !
TEF,2;03.24,VEL,iskash da pribirame ?,3,Искаш да прибираме ?,Искаш да прибираме ?,Искаш да прибираме ?
TEF,2;03.24,BAB,onazi vecher ja gushim s djado Val'o i tja da znaesh kakvo napravi .,13,Онази вечер я гушим с дядо вал'о и тя да знаеш какво направи .,Онази вечер я гушим с дядо вал'о и тя да знаеш какво направи .,Онази вечер я гушим с дядо Вальо и тя да знаеш какво направи .
TEF,2;03.24,VEL,padna tova grebenche .,3,Падна това гребенче .,Падна това гребенче .,Падна това гребенче .
TEF,2;03.24,BAB,a-a !,1,А-а !,А-а !,А-а !
TEF,2;03.24,VEL,davaj chashki !,2,Давай чашки !,Давай чашки !,Давай чашки !
TEF,2;03.24,BAB,njama veche sok !,3,Няма вече сок !,Няма вече сок !,Няма вече сок !
TEF,2;03.24,VEL,chakaj da pijna malko mljako !,5,Чакай да пийна малко мляко !,Чакай да пийна малко мляко !,Чакай да пийна малко мляко !
TEF,2;03.24,VEL,kakvo shte go pravish pyzelcheto ?,5,Какво ще го правиш пъзелчето ?,Какво ще го правиш пъзелчето ?,Какво ще го правиш пъзелчето ?
TEF,2;03.24,MIM,vizh kakva xubava Snezhanka !,4,Виж каква xубава снежанка !,Виж каква xубава снежанка !,Виж каква xубава снежанка !
TEF,2;03.24,VEL,"njama, be !",2,"Няма, бе !","Няма , бе !","Няма , бе !"
TEF,2;03.24,BAB,kak da njamash !,3,Как да нямаш !,Как да нямаш !,Как да нямаш !
TEF,2;03.24,VEL,"mime, vizh prysten, deto se pylni s voda i pryska .",10,"Миме, виж пръстен, дето се пълни с вода и пръска .","Миме , виж пръстен , дето се пълни с вода и пръска .","Миме , виж пръстен , дето се пълни с вода и пръска ."
TEF,2;03.24,VEL,da go pusna ?,3,Да го пусна ?,Да го пусна ?,Да го пусна ?
TEF,2;03.24,BAB,"kolko , ja gi prebroj !",4,"Колко , я ги преброй !","Колко , я ги преброй !","Колко , я ги преброй !"
TEF,2;03.24,BAB,kazhi sega dovizhdane !,3,Кажи сега довиждане !,Кажи сега довиждане !,Кажи сега довиждане !
TEF,2;03.24,VEL,sjadajte !,1,Сядайте !,Сядайте !,Сядайте !
TEF,2;03.24,VEL,a kakvo ?,2,А какво ?,А какво ?,А какво ?
TEF,2;03.24,MIM,"ou, nacapa xubavata bluzka !",4,"Оу, нацапа xубавата блузка !","Оу , нацапа xубавата блузка !","Оу , нацапа xубавата блузка !"
TEF,2;03.24,BAB,gledaj kolko raboti ima .,4,Гледай колко работи има .,Гледай колко работи има .,Гледай колко работи има .
TEF,2;03.24,VEL,kakvo ?,1,Какво ?,Какво ?,Какво ?
TEF,2;04.21,VEL,a nie s teb shtche pushim li ?,7,А ние с теб щче пушим ли ?,А ние с теб щче пушим ли ?,А ние с теб щче пушим ли ?
TEF,2;04.21,MIM,iskala da j kupja goljam pistolet .,6,Искала да й купя голям пистолет .,Искала да й купя голям пистолет .,Искала да й купя голям пистолет .
TEF,2;04.21,BAB,"kyde stypa ti, babo ?",4,"Къде стъпа ти, бабо ?","Къде стъпа ти , бабо ?","Къде стъпа ти , бабо ?"
TEF,2;04.21,BAB,I kakvo pravi loshoto kuche ?,5,И какво прави лошото куче ?,И какво прави лошото куче ?,И какво прави лошото куче ?
TEF,2;04.21,BAB,da ti pomogna li ?,4,Да ти помогна ли ?,Да ти помогна ли ?,Да ти помогна ли ?
TEF,2;04.21,BAB,"ne, tuka ne mozhe .",4,"Не, тука не може .","Не , тука не може .","Не , тука не може ."
TEF,2;04.21,BAB,"ti izjash tazi bonbonka, a na lelja daj druga !",9,"Ти изяш тази бонбонка, а на леля дай друга !","Ти изяш тази бонбонка , а на леля дай друга !","Ти изяш тази бонбонка , а на леля дай друга !"
TEF,2;04.21,VEL,"zapovjadaj, milichka, da go priberesh v xladilnika !",7,"Заповядай, миличка, да го прибереш в xладилника !","Заповядай , миличка , да го прибереш в xладилника !","Заповядай , миличка , да го прибереш в xладилника !"
TEF,2;04.21,VEL,"kyde e sega taralezha, lel'o ?",5,"Къде е сега таралежа, лел'о ?","Къде е сега таралежа , лел'о ?","Къде е сега таралежа , лельо ?"
TEF,2;04.21,VEL,dzak !,1,Дзак !,Дзак !,Дзак !
TEF,2;04.21,VEL,s kakvo se napi ?,4,С какво се напи ?,С какво се напи ?,С какво се напи ?
TEF,2;04.21,VEL,da go zatvorja ?,3,Да го затворя ?,Да го затворя ?,Да го затворя ?
TEF,2;04.21,VIT,koj te nauchi taka da kazvash ?,6,Кой те научи така да казваш ?,Кой те научи така да казваш ?,Кой те научи така да казваш ?
TEF,2;04.21,BAB,"ne, ti imash sok .",4,"Не, ти имаш сок .","Не , ти имаш сок .","Не , ти имаш сок ."
TEF,2;04.21,VEL,da go priberesh ?,3,Да го прибереш ?,Да го прибереш ?,Да го прибереш ?
TEF,2;04.21,BAB,Taz chervenata .,2,Таз червената .,Таз червената .,Таз червената .
TEF,2;04.21,VEL,kakvo stava s kyshtata v Divdjadovo ?,6,Какво става с къщата в дивдядово ?,Какво става с къщата в дивдядово ?,Какво става с къщата в дивдядово ?
TEF,2;04.21,BAB,v doma .,2,В дома .,В дома .,В дома .
TEF,2;04.21,VEL,kakvo ?,1,Какво ?,Какво ?,Какво ?
TEF,2;04.21,BAB,a rakija ?,2,А ракия ?,А ракия ?,А ракия ?
TEF,2;04.21,BAB,"da, tyj mozhe .",3,"Да, тъй може .","Да , тъй може .","Да , тъй може ."
TEF,2;04.21,VEL,shto ne si xapnesh bananche ?,5,Що не си xапнеш бананче ?,Що не си xапнеш бананче ?,Що не си xапнеш бананче ?
TEF,2;04.21,VEL,toz bokluk moja li e tuka ?,6,Тоз боклук моя ли е тука ?,Тоз боклук моя ли е тука ?,Тоз боклук моя ли е тука ?
TEF,2;04.21,VEL,toj gaden li e tozi sirop ?,6,Той гаден ли е този сироп ?,Той гаден ли е този сироп ?,Той гаден ли е този сироп ?
TEF,2;04.21,VEL,da ne se uxapa ?,4,Да не се уxапа ?,Да не се уxапа ?,Да не се уxапа ?
TEF,2;04.21,BAB,oshte da jadesh li ?,4,Още да ядеш ли ?,Още да ядеш ли ?,Още да ядеш ли ?
TEF,2;04.21,BAB,"lelja ima , ti nali j dade .",6,"Леля има , ти нали й даде .","Леля има , ти нали й даде .","Леля има , ти нали й даде ."
TEF,2;04.21,VEL,da ti dadem li sirop ?,5,Да ти дадем ли сироп ?,Да ти дадем ли сироп ?,Да ти дадем ли сироп ?
TEF,2;04.21,VEL,kakvo ?,1,Какво ?,Какво ?,Какво ?
TEF,2;04.21,VEL,kyde sa ti chexlite ?,4,Къде са ти чеxлите ?,Къде са ти чеxлите ?,Къде са ти чеxлите ?
TEF,2;04.21,MIM,"a-a, Stefi, ti ne si bolna, mamo .",7,"А-а, стефи, ти не си болна, мамо .","А-а , стефи , ти не си болна , мамо .","А-а , стефи , ти не си болна , мамо ."
TEF,2;04.21,BAB,ti mozhesh li da ja sxruskash ?,6,Ти можеш ли да я сxрускаш ?,Ти можеш ли да я сxрускаш ?,Ти можеш ли да я сxрускаш ?
TEF,2;04.21,VEL,molja daj mi ja !,4,Моля дай ми я !,Моля дай ми я !,Моля дай ми я !
TEF,2;04.21,VEL,"kakvo pravish sega, be ?",4,"Какво правиш сега, бе ?","Какво правиш сега , бе ?","Какво правиш сега , бе ?"
TEF,2;04.21,BAB,"da, babe, posle banancheto .",4,"Да, бабе, после бананчето .","Да , бабе , после бананчето .","Да , бабе , после бананчето ."
TEF,2;04.21,BAB,zashto ?,1,Защо ?,Защо ?,Защо ?
TEF,2;04.21,BAB,"Ela, babo, eto ja mozajkata .",5,"Ела, бабо, ето я мозайката .","Ела , бабо , ето я мозайката .","Ела , бабо , ето я мозайката ."
TEF,2;04.21,VEL,mersi !,1,Мерси !,Мерси !,Мерси !
TEF,2;05.25,VEL,otivam si !,2,Отивам си !,Отивам си !,Отивам си !
TEF,2;05.25,BAB,gotova li si ?,3,Готова ли си ?,Готова ли си ?,Готова ли си ?
TEF,2;05.25,BAB,"ja kazhi vchera kyde xodi, na koe selo ?",8,"Я кажи вчера къде xоди, на кое село ?","Я кажи вчера къде xоди , на кое село ?","Я кажи вчера къде xоди , на кое село ?"
TEF,2;05.25,VEL,da si ja slozha li ?,5,Да си я сложа ли ?,Да си я сложа ли ?,Да си я сложа ли ?
TEF,2;05.25,VEL,molja te kupi mi edna prijatelka !,6,Моля те купи ми една приятелка !,Моля те купи ми една приятелка !,Моля те купи ми една приятелка !
TEF,2;05.25,DIM,"ami, az da dojda li da j izdyrpam ushite na loshata lelka, deto nakazva decata ?",15,"Ами, аз да дойда ли да й издърпам ушите на лошата лелка, дето наказва децата ?","Ами , аз да дойда ли да й издърпам ушите на лошата лелка , дето наказва децата ?","Ами , аз да дойда ли да й издърпам ушите на лошата лелка , дето наказва децата ?"
TEF,2;05.25,VEL,Edna cheresha padna na zemjata .,5,Една череша падна на земята .,Една череша падна на земята .,Една череша падна на земята .
TEF,2;05.25,VEL,ti si mojta prijatelka .,4,Ти си мойта приятелка .,Ти си мойта приятелка .,Ти си мойта приятелка .
TEF,2;05.25,VEL,kakvo kara mnogo silno ?,4,Какво кара много силно ?,Какво кара много силно ?,Какво кара много силно ?
TEF,2;05.25,VEL,"kakvo e, kakvo e tuj be ?",6,"Какво е, какво е туй бе ?","Какво е , какво е туй бе ?","Какво е , какво е туй бе ?"
TEF,2;05.25,VEL,na jasla ?,2,На ясла ?,На ясла ?,На ясла ?
TEF,2;05.25,DIM,"ne, ne .",2,"Не, не .","Не , не .","Не , не ."
TEF,2;05.25,VEL,mama Mimi li te butna ?,5,Мама мими ли те бутна ?,Мама мими ли те бутна ?,Мама мими ли те бутна ?
TEF,2;05.25,VEL,da ne padne dupeto na zemjata !,6,Да не падне дупето на земята !,Да не падне дупето на земята !,Да не падне дупето на земята !
TEF,2;05.25,VEL,kyde e ?,2,Къде е ?,Къде е ?,Къде е ?
TEF,2;05.25,DIM,mnogo ti blagodarja !,3,Много ти благодаря !,Много ти благодаря !,Много ти благодаря !
TEF,2;05.25,VEL,dobre .,1,Добре .,Добре .,Добре .
TEF,2;05.25,VEL,krevatcheto na kuklata .,3,Креватчето на куклата .,Креватчето на куклата .,Креватчето на куклата .
TEF,2;05.25,VEL,mozhesh li da ja karash ?,5,Можеш ли да я караш ?,Можеш ли да я караш ?,Можеш ли да я караш ?
TEF,2;05.25,VEL,chakaj da si obuja mojte obuvchici !,6,Чакай да си обуя мойте обувчици !,Чакай да си обуя мойте обувчици !,Чакай да си обуя мойте обувчици !
TEF,2;05.25,VEL,otkyde ?,1,Откъде ?,Откъде ?,Откъде ?
TEF,2;05.25,VEL,te sa moite !,3,Те са моите !,Те са моите !,Те са моите !
TEF,2;05.25,BAB,ne .,1,Не .,Не .,Не .
TEF,2;05.25,VEL,"o-o, ti ja nameri .",4,"О-о, ти я намери .","О-о , ти я намери .","О-о , ти я намери ."
TEF,2;05.25,MIM,piano ima tja .,3,Пиано има тя .,Пиано има тя .,Пиано има тя .
TEF,2;05.25,BAB,digaj gashtite !,2,Дигай гащите !,Дигай гащите !,Дигай гащите !
TEF,2;05.25,VEL,ja vizh tuka sega ?,4,Я виж тука сега ?,Я виж тука сега ?,Я виж тука сега ?
TEF,2;05.25,VEL,tja mojta .,2,Тя мойта .,Тя мойта .,Тя мойта .
TEF,2;05.25,VEL,toj tvoja chicho li e ?,5,Той твоя чичо ли е ?,Той твоя чичо ли е ?,Той твоя чичо ли е ?
TEF,2;05.25,VEL,chakaj az da te xvana !,5,Чакай аз да те xвана !,Чакай аз да те xвана !,Чакай аз да те xвана !
TEF,2;05.25,BAB,byrzo na gyrneto !,3,Бързо на гърнето !,Бързо на гърнето !,Бързо на гърнето !
TEF,2;05.25,VEL,kyde otivame ?,2,Къде отиваме ?,Къде отиваме ?,Къде отиваме ?
TEF,2;05.25,VEL,v kuxnjata .,2,В куxнята .,В куxнята .,В куxнята .
TEF,2;05.25,VEL,"I-i, topkata te butna !",4,"И-и, топката те бутна !","И-и , топката те бутна !","И-и , топката те бутна !"
TEF,2;05.25,VEL,taka ?,1,Така ?,Така ?,Така ?
TEF,2;05.25,VEL,kakvo ?,1,Какво ?,Какво ?,Какво ?
TEF,2;05.25,VEL,"ama ti mozhesh da dyvchesh dyvka , ti si goljamo dete !",10,"Ама ти можеш да дъвчеш дъвка , ти си голямо дете !","Ама ти можеш да дъвчеш дъвка , ти си голямо дете !","Ама ти можеш да дъвчеш дъвка , ти си голямо дете !"
TEF,2;05.25,VEL,"au, shte ti zamryzne dupeto na poda !",7,"Ау, ще ти замръзне дупето на пода !","Ау , ще ти замръзне дупето на пода !","Ау , ще ти замръзне дупето на пода !"
TEF,2;05.25,BAB,"njama go, to se e skrilo .",6,"Няма го, то се е скрило .","Няма го , то се е скрило .","Няма го , то се е скрило ."
