rule,results_min5_iters74.txt,results_min5_iters500.txt
ADJP --> ADJP CC ADJP,3.44857e-09,3.45181e-09
ADJP --> ADJP JJ,0.00123736,0.00125561
ADJP --> ADJP PP,3.43861e-09,3.44121e-09
ADJP --> ADJP S,3.4416e-09,3.44436e-09
ADJP --> ADJP SBAR,3.44069e-09,3.44335e-09
ADJP --> ADVP JJ,3.44021e-09,3.44276e-09
ADJP --> ADVP JJR,3.43927e-09,3.44179e-09
ADJP --> ADVP RB JJ,3.43885e-09,3.44127e-09
ADJP --> CD NN,0.00132513,0.00132448
ADJP --> DT JJ,0.0279652,0.0281334
ADJP --> DT JJ JJ,0.00757089,0.00755459
ADJP --> DT JJ JJR,0.000738935,0.000729049
ADJP --> JJ ADVP,0.0633364,0.06373
ADJP --> JJ CC JJ,0.0104982,0.0104787
ADJP --> JJ CC JJ CC JJ,0.000325164,0.000323458
ADJP --> JJ JJ,0.0243659,0.0243276
ADJP --> JJ JJ JJ,0.000809039,0.000787725
ADJP --> JJ NN,0.0329148,0.0333191
ADJP --> JJ NP,0.0255387,0.0260127
ADJP --> JJ PP,0.102754,0.103111
ADJP --> JJ RB,0.0673666,0.0670761
ADJP --> JJ S,0.141542,0.140953
ADJP --> JJ SBAR,0.00444309,0.004438
ADJP --> JJ VBG,3.43478e-09,3.43729e-09
ADJP --> JJR CC JJR,0.000626307,0.000626916
ADJP --> JJR PP,0.00245968,0.00244011
ADJP --> NN IN,0.137304,0.136753
ADJP --> NN JJ,3.43855e-09,3.44109e-09
ADJP --> NOT JJ,3.43762e-09,3.44022e-09
ADJP --> NOT RB JJ,3.43974e-09,3.44229e-09
ADJP --> NP ADJP,3.44099e-09,3.4435e-09
ADJP --> NP JJ,3.43983e-09,3.44231e-09
ADJP --> NP JJR,0.00360385,0.00361273
ADJP --> NP RB JJ,3.43773e-09,3.44023e-09
ADJP --> RB DT JJ,0.00266885,0.00262141
ADJP --> RB JJ,0.129387,0.129176
ADJP --> RB JJ PP,0.0132904,0.013238
ADJP --> RB JJ RB,0.00629797,0.00649298
ADJP --> RB JJ S,0.00829922,0.00846102
ADJP --> RB JJ SBAR,0.000988409,0.00101436
ADJP --> RB JJR,0.00113849,0.00114294
ADJP --> RB NP JJ,3.43864e-09,3.44117e-09
ADJP --> RB RB,0.010648,0.0106837
ADJP --> RB RB JJ,3.43913e-09,3.44167e-09
ADJP --> RBR JJ,3.43379e-09,3.43626e-09
ADJP --> VB NN,0.135605,0.135137
ADJP --> WRB JJ,0.0349519,0.0350465
ADVP --> ADVP CC ADVP,0.00794002,0.00789137
ADVP --> ADVP PP,0.000809854,1.61406e-09
ADVP --> ADVP SBAR,0.00103304,0.00107259
ADVP --> CD NN,1.61834e-09,1.61703e-09
ADVP --> DT JJ,0.0150635,0.0147489
ADVP --> DT JJ NN,0.0578265,0.0579726
ADVP --> DT JJ RBR,0.000413868,0.000409978
ADVP --> DT JJR,0.00537237,0.00535863
ADVP --> DT NN,0.415309,0.415509
ADVP --> DT RB,1.61562e-09,1.61448e-09
ADVP --> DT RBR,5.52527e-05,5.55862e-05
ADVP --> IN CC IN,1.61408e-09,1.61285e-09
ADVP --> IN DT,0.0321557,0.032443
ADVP --> IN JJS,0.000144448,0.000144285
ADVP --> IN NP,0.0286164,0.0294052
ADVP --> IN RB,1.61413e-09,1.61295e-09
ADVP --> JJ NN,0.0085678,0.00903132
ADVP --> NN IN,0.175992,0.176547
ADVP --> NN NN,0.00618821,0.00622662
ADVP --> NN PP,0.030107,0.030132
ADVP --> NOT RB,1.61629e-09,1.61512e-09
ADVP --> NOT RB RB,1.61057e-09,1.60937e-09
ADVP --> NP ADVP,1.61413e-09,1.61295e-09
ADVP --> NP RB,0.11213,0.111287
ADVP --> NP RBR,0.00079682,0.000795673
ADVP --> NP SBAR,0.00608902,0.00593056
ADVP --> PDT DT NN,0.00563008,0.00558434
ADVP --> RB ADJP,0.00118963,0.0012014
ADVP --> RB CC RB,0.00186405,0.00182445
ADVP --> RB IN,0.0292501,0.0288965
ADVP --> RB IN NP,1.61532e-09,1.61409e-09
ADVP --> RB JJ,0.0015449,0.0015807
ADVP --> RB NN,0.00248922,0.0025059
ADVP --> RB NP,0.0195496,0.0197081
ADVP --> RB PP,0.00727444,0.00734446
ADVP --> RB RB,0.00762345,0.00770614
ADVP --> RB RB CC RB,1.61624e-09,1.61523e-09
ADVP --> RB RB PP,1.61399e-09,1.6128e-09
ADVP --> RB RB RB,1.61615e-09,1.61504e-09
ADVP --> RB RB SBAR,1.61674e-09,1.61564e-09
ADVP --> RB RBR,0.00018939,0.000193084
ADVP --> RB RBS,0.000938892,0.000937578
ADVP --> RB SBAR,0.00338588,0.00343457
ADVP --> RBR PP,0.000622028,0.000625164
ADVP --> RBR RB,0.00160348,0.00159286
ADVP --> RP RB,0.0122337,0.0119025
AUX --> VB ASP,1.91423e-09,1.91373e-09
COP --> VB ASP,4.36004e-09,4.34084e-09
FRAG --> ADJP ADJP,0.00193264,0.00185856
FRAG --> ADJP ADVP,0.000695578,0.000681774
FRAG --> ADJP INTJ,1.84476e-09,1.81635e-09
FRAG --> ADJP NP,0.000640072,0.000617625
FRAG --> ADJP PP,0.00198328,0.00176868
FRAG --> ADJP S,6.80825e-05,6.65874e-05
FRAG --> ADJP SBAR,0.000394053,0.000402132
FRAG --> ADJP VP,0.000504475,0.000493268
FRAG --> ADVP ADJP,1.8346e-09,1.80616e-09
FRAG --> ADVP ADVP,0.00121934,0.00127273
FRAG --> ADVP INTJ,1.83404e-09,1.80566e-09
FRAG --> ADVP NP,0.00263801,0.00256149
FRAG --> ADVP NP PP,1.83475e-09,1.80637e-09
FRAG --> ADVP NP VP,1.83477e-09,1.80639e-09
FRAG --> ADVP PP,1.83368e-09,1.80525e-09
FRAG --> ADVP PP PP,1.83252e-09,1.8041e-09
FRAG --> ADVP S,1.83265e-09,1.80422e-09
FRAG --> ADVP SBAR,1.83534e-09,1.80688e-09
FRAG --> ADVP VP,1.83532e-09,1.8068e-09
FRAG --> ADVP VP NP,1.84203e-09,1.81382e-09
FRAG --> ADVP WHNP,0.000997109,0.000960474
FRAG --> CC ADJP,0.00128154,0.00120299
FRAG --> CC ADVP,0.00807504,0.00754027
FRAG --> CC ADVP NP,1.83527e-09,1.8067e-09
FRAG --> CC ADVP NP VP,1.83403e-09,1.80545e-09
FRAG --> CC ADVP S,1.83294e-09,1.80431e-09
FRAG --> CC ADVP VP,1.83542e-09,1.80694e-09
FRAG --> CC ADVP WHNP,1.83992e-09,1.81177e-09
FRAG --> CC FRAG,0.0194969,0.0195268
FRAG --> CC NP,0.10004,0.0971686
FRAG --> CC NP ADVP,0.000495486,0.000391187
FRAG --> CC NP INTJ,1.83323e-09,1.80473e-09
FRAG --> CC NP NP,1.83542e-09,1.80685e-09
FRAG --> CC NP PP,4.62519e-05,1.8067e-09
FRAG --> CC NP VP,0.000486595,1.80686e-09
FRAG --> CC PP,0.000972265,0.000966203
FRAG --> CC S,1.83038e-09,1.80193e-09
FRAG --> CC S CC S,1.83004e-09,1.80164e-09
FRAG --> CC S INTJ,1.83004e-09,1.80168e-09
FRAG --> CC S S,1.83211e-09,1.80354e-09
FRAG --> CC S SQ,1.82979e-09,1.80141e-09
FRAG --> CC SBAR,0.0150464,0.0147228
FRAG --> CC SBARQ,1.83494e-09,1.80738e-09
FRAG --> CC SINV,1.83418e-09,1.80543e-09
FRAG --> CC SQ,0.00444137,0.00435739
FRAG --> CC VP,0.00110965,1.80673e-09
FRAG --> CC WHADVP,0.0283406,0.0279729
FRAG --> CC WHNP,0.0129237,0.0125792
FRAG --> CC WHNP ADVP,1.83277e-09,1.80435e-09
FRAG --> CC WHNP NP,1.83244e-09,1.804e-09
FRAG --> CC WHNP VP,1.83402e-09,1.80468e-09
FRAG --> COMP S,7.65275e-05,6.93873e-05
FRAG --> DT NN,0.000218119,0.000193646
FRAG --> FRAG CC FRAG,1.83908e-09,1.81028e-09
FRAG --> FRAG CC S,1.83353e-09,1.80464e-09
FRAG --> FRAG CC SBARQ,1.83195e-09,1.80172e-09
FRAG --> FRAG CC SQ,1.83548e-09,1.80671e-09
FRAG --> IN WHADVP,0.000764966,0.000753699
FRAG --> INTJ ADJP,1.83492e-09,1.80648e-09
FRAG --> INTJ ADVP,0.0270505,0.0267943
FRAG --> INTJ ADVP NP,0.0019877,0.00186798
FRAG --> INTJ ADVP PP,0.00292401,0.00297656
FRAG --> INTJ CC NP,1.83298e-09,1.80464e-09
FRAG --> INTJ CC S,1.83029e-09,1.80189e-09
FRAG --> INTJ CC SBARQ,1.83005e-09,1.80119e-09
FRAG --> INTJ FRAG,1.83569e-09,1.80732e-09
FRAG --> INTJ INTJ,1.8418e-09,1.8132e-09
FRAG --> INTJ INTJ INTJ,1.83306e-09,1.80485e-09
FRAG --> INTJ INTJ NP,1.83874e-09,1.81053e-09
FRAG --> INTJ NOT NP,1.83183e-09,1.80347e-09
FRAG --> INTJ NP,0.0110072,0.0118031
FRAG --> INTJ NP ADVP,1.83419e-09,1.80584e-09
FRAG --> INTJ NP INTJ,1.83751e-09,1.80941e-09
FRAG --> INTJ NP NP,1.83536e-09,1.80687e-09
FRAG --> INTJ NP PP,0.000693181,0.000617621
FRAG --> INTJ NP VP,1.83272e-09,1.80427e-09
FRAG --> INTJ PP,0.000196938,0.000188288
FRAG --> INTJ PP PP,1.83298e-09,1.80457e-09
FRAG --> INTJ S,1.83322e-09,1.80492e-09
FRAG --> INTJ SBAR,0.0015863,0.00157476
FRAG --> INTJ SBARQ,1.83362e-09,1.80666e-09
FRAG --> INTJ VP,1.83473e-09,1.8063e-09
FRAG --> INTJ WHADVP,0.000203765,0.000203487
FRAG --> INTJ WHADVP NP,1.83523e-09,1.80727e-09
FRAG --> INTJ WHNP,0.00334854,0.00369993
FRAG --> NN NNS,0.00052882,0.000418113
FRAG --> NOT ADJP,0.00289293,0.00283366
FRAG --> NOT ADVP,0.000202916,0.000199532
FRAG --> NOT NP,1.82997e-09,1.80162e-09
FRAG --> NOT NP ADVP,1.82994e-09,1.80159e-09
FRAG --> NOT NP NP,1.82992e-09,1.80157e-09
FRAG --> NOT PP,1.83045e-09,1.8021e-09
FRAG --> NOT SBAR,1.85146e-09,1.82262e-09
FRAG --> NOT VP,1.8327e-09,1.80425e-09
FRAG --> NP ADJP,0.0211845,0.0197323
FRAG --> NP ADJP ADVP,1.83459e-09,1.80613e-09
FRAG --> NP ADJP INTJ,1.83161e-09,1.80323e-09
FRAG --> NP ADJP NP,1.83308e-09,1.80465e-09
FRAG --> NP ADVP,0.00884504,0.00697677
FRAG --> NP ADVP INTJ,1.83518e-09,1.80677e-09
FRAG --> NP ADVP PP,1.83433e-09,1.80598e-09
FRAG --> NP ADVP VP,1.83391e-09,1.80547e-09
FRAG --> NP CC,0.0455998,0.0464163
FRAG --> NP CC NP,1.83509e-09,1.80652e-09
FRAG --> NP CC S,1.83089e-09,1.80236e-09
FRAG --> NP CC WHNP,1.83433e-09,1.80605e-09
FRAG --> NP CC WHNP ADVP,1.83208e-09,1.80357e-09
FRAG --> NP INTJ,1.83449e-09,1.80608e-09
FRAG --> NP INTJ NP,1.83394e-09,1.80554e-09
FRAG --> NP NN,0.0283863,0.0163891
FRAG --> NP NP,0.00905526,0.0145089
FRAG --> NP NP NP,0.00104159,0.00128783
FRAG --> NP NP NP INTJ,1.85134e-09,1.8245e-09
FRAG --> NP NP NP NP,1.8441e-09,1.81787e-09
FRAG --> NP NP NP NP NP,1.91264e-09,1.90786e-09
FRAG --> NP NP PP,1.83445e-09,1.8061e-09
FRAG --> NP NP VP,1.83314e-09,1.80465e-09
FRAG --> NP PP,1.8344e-09,1.80591e-09
FRAG --> NP PP INTJ,1.83567e-09,1.8071e-09
FRAG --> NP PRT,0.00906189,0.00774975
FRAG --> NP S,1.83355e-09,1.80513e-09
FRAG --> NP SBAR,0.0017617,0.000960078
FRAG --> NP VP,0.012347,0.0333467
FRAG --> NP VP ADVP,1.83379e-09,1.80537e-09
FRAG --> NP VP INTJ,1.83242e-09,1.80411e-09
FRAG --> NP VP NP,1.83414e-09,1.80562e-09
FRAG --> NP WHNP,1.83427e-09,1.80589e-09
FRAG --> PP ADVP,0.00173844,0.00171122
FRAG --> PP INTJ,1.83488e-09,1.8065e-09
FRAG --> PP NP,0.00690801,0.00664533
FRAG --> PP NP VP,1.83554e-09,1.80704e-09
FRAG --> PP PP,0.0017461,0.00164098
FRAG --> PP PP PP,1.83432e-09,1.80611e-09
FRAG --> PP SBAR,0.00188321,0.00181503
FRAG --> PP VP,0.00534853,0.00519616
FRAG --> RB NP,0.202651,0.195984
FRAG --> RB PP,0.0245178,0.0234907
FRAG --> RB VP,0.0442829,0.043218
FRAG --> S CC,0.000441782,0.00041647
FRAG --> S CC FRAG,1.83243e-09,1.80386e-09
FRAG --> S CC S,1.83079e-09,1.80231e-09
FRAG --> SBAR INTJ,1.83511e-09,1.80659e-09
FRAG --> SBAR NP VP,1.83615e-09,1.80697e-09
FRAG --> SBAR VP,0.00855761,0.00830901
FRAG --> SQ CC FRAG,1.83459e-09,1.806e-09
FRAG --> VP INTJ,1.83625e-09,1.80791e-09
FRAG --> VP NP,0.000344762,1.80662e-09
FRAG --> VP S,0.00244275,0.00239203
FRAG --> VP SQ,1.83369e-09,1.80536e-09
FRAG --> VP VP,0.00203619,1.80653e-09
FRAG --> WHADVP ADVP,0.0126707,0.0125698
FRAG --> WHADVP FRAG,0.000597467,0.000599488
FRAG --> WHADVP NOT,0.00046826,0.000467543
FRAG --> WHADVP NP,0.221697,0.218251
FRAG --> WHADVP NP VP,0.0018786,0.00193827
FRAG --> WHADVP PP,0.00251538,0.00247993
FRAG --> WHADVP S,1.82989e-09,1.80149e-09
FRAG --> WHADVP SQ,1.83102e-09,1.8028e-09
FRAG --> WHADVP VP,0.000574122,0.000568132
FRAG --> WHNP ADVP,1.83458e-09,1.80639e-09
FRAG --> WHNP ADVP SQ,1.83055e-09,1.80233e-09
FRAG --> WHNP FRAG,0.000163352,0.000164225
FRAG --> WHNP NP,0.0267621,0.026137
FRAG --> WHNP NP VP,1.83202e-09,1.80365e-09
FRAG --> WHNP PP,0.0207032,0.0204032
FRAG --> WHNP S,1.8342e-09,1.80593e-09
FRAG --> WHNP SBAR,1.83563e-09,1.80737e-09
FRAG --> WHNP SQ,0.000238259,1.80774e-09
FRAG --> WHNP VP,0.0133059,0.0261974
FRAG --> WHNP WHNP,0.000732536,0.000731373
INTJ --> ADJP ADJP,1.39752e-09,1.4008e-09
INTJ --> DT NN,1.39663e-09,1.39987e-09
INTJ --> JJ JJ,0.00427923,0.00428288
INTJ --> JJ NN,1.39644e-09,1.3997e-09
INTJ --> NP NP,0.00669588,0.00201682
INTJ --> NP PP,1.39723e-09,1.40046e-09
INTJ --> NP VP,0.0106117,0.0128648
INTJ --> PRP$ NN,1.39588e-09,1.39912e-09
INTJ --> RB JJ,1.3972e-09,1.40045e-09
INTJ --> UH ADJP,0.00472242,0.00474332
INTJ --> UH ADVP,0.00110742,0.0011177
INTJ --> UH INTJ,0.0672989,0.0673034
INTJ --> UH JJ,0.00184337,0.0018365
INTJ --> UH JJ NN,1.3956e-09,1.39885e-09
INTJ --> UH NN,0.0643092,0.0645779
INTJ --> UH NNP,0.0372956,0.0373528
INTJ --> UH NNS,0.000210991,0.000213507
INTJ --> UH NP,0.291143,0.292148
INTJ --> UH NP VP,0.00433352,0.00420018
INTJ --> UH PP,0.00373744,0.00374252
INTJ --> UH PRP$,0.240351,0.240868
INTJ --> UH PRP$ NN,1.39667e-09,1.39991e-09
INTJ --> UH RB,0.0628657,0.0629984
INTJ --> UH S,0.000499384,0.000445557
INTJ --> UH UH,0.0594817,0.0596073
INTJ --> UH UH UH,1.39828e-09,1.40154e-09
INTJ --> UH UH UH UH,0.000938344,0.000941307
INTJ --> UH UH UH UH UH,0.000346847,0.000347443
INTJ --> UH UH UH UH UH UH,0.000211247,0.000211938
INTJ --> UH VP,0.104318,0.104592
INTJ --> VB VB,0.0333991,0.0335871
INTJ --> VP NP,1.39827e-09,1.40151e-09
JJ --> VB ASP,0.181255,0.181427
JJ --> VB T,0.0288131,0.028909
NN --> VB ASP,0.0220488,0.0220374
NN --> VB T,0.00761491,0.00756487
NNP --> VB ASP,0.0137153,0.0130591
NNPS --> NNP DIV,1.0,1.0
NNS --> NN DIV,0.851982,0.852875
NP --> ADJP NN,0.00810857,0.0080969
NP --> ADJP NNS,0.00121679,0.00120694
NP --> ADVP DT JJ NN,1.83585e-10,1.83097e-10
NP --> ADVP DT NN,1.83551e-10,1.83059e-10
NP --> CD CC CD,0.000167547,0.000167075
NP --> CD CD,0.000801903,0.000800359
NP --> CD CD CD,0.000488286,0.00048666
NP --> CD CD NN,1.83775e-10,1.83281e-10
NP --> CD CD NNS,0.000132681,0.000132291
NP --> CD JJ NN,1.83649e-10,1.83155e-10
NP --> CD JJ NNS,0.000194143,0.000193042
NP --> CD JJR,0.000125663,0.000125302
NP --> CD JJR NN,1.83617e-10,1.83123e-10
NP --> CD JJR NNS,6.25586e-05,6.24368e-05
NP --> CD NN,0.000287641,0.000290704
NP --> CD NN NN,1.83398e-10,1.82904e-10
NP --> CD NN NNS,3.25652e-05,3.24305e-05
NP --> CD NN PP,1.83249e-10,1.8276e-10
NP --> CD NNS,0.00232633,0.00231537
NP --> CD NNS PP,0.000328086,0.000327107
NP --> CD PP,0.000205389,0.000203434
NP --> DT ADJP,0.00188036,0.00187102
NP --> DT ADJP JJ NN,1.83438e-10,1.82947e-10
NP --> DT ADJP NN,1.8338e-10,1.82884e-10
NP --> DT ADJP NN NN,1.83316e-10,1.82819e-10
NP --> DT CD,0.00022022,0.000220865
NP --> DT CD JJ NNS,1.06242e-05,1.06731e-05
NP --> DT CD NN,3.79974e-05,3.68903e-05
NP --> DT CD NNS,0.000140339,0.00013959
NP --> DT DT JJ NN,1.83322e-10,1.82828e-10
NP --> DT DT JJ NNS,1.83197e-10,1.82738e-10
NP --> DT DT NN,1.83225e-10,1.82733e-10
NP --> DT DT NN NN,1.83593e-10,1.83097e-10
NP --> DT DT NNS,1.83169e-10,1.82677e-10
NP --> DT JJ,0.002443,0.00245138
NP --> DT JJ CD,1.83382e-10,1.8289e-10
NP --> DT JJ CD NNS,1.83889e-10,1.83406e-10
NP --> DT JJ JJ,1.8366e-10,1.83164e-10
NP --> DT JJ JJ JJ NN,9.45367e-05,9.4087e-05
NP --> DT JJ JJ NN,0.00169472,0.00168756
NP --> DT JJ JJ NN NN,1.83482e-10,1.82985e-10
NP --> DT JJ JJ NNS,7.04278e-05,7.0908e-05
NP --> DT JJ JJR,0.000232009,0.000231606
NP --> DT JJ JJR NNS,2.53099e-05,2.49104e-05
NP --> DT JJ NN,0.0220284,0.0219736
NP --> DT JJ NN ADVP,1.83392e-10,1.82896e-10
NP --> DT JJ NN JJR,0.00014257,0.000142294
NP --> DT JJ NN NN,0.000170296,0.000140577
NP --> DT JJ NN NNS,1.83365e-10,1.82871e-10
NP --> DT JJ NN POS,1.83569e-10,1.8308e-10
NP --> DT JJ NN PP,0.00120181,0.00118183
NP --> DT JJ NNP,5.29442e-05,5.23185e-05
NP --> DT JJ NNP NN,1.61938e-05,1.58524e-05
NP --> DT JJ NNS,0.00175161,0.00174437
NP --> DT JJ NNS PP,6.31597e-05,6.32599e-05
NP --> DT JJ VBG NN,1.83187e-10,1.82695e-10
NP --> DT JJR,0.00119857,0.00119572
NP --> DT JJR JJ NN,1.83765e-10,1.83265e-10
NP --> DT JJR NN,0.000544345,0.000541475
NP --> DT JJR NN NN,1.83706e-10,1.83192e-10
NP --> DT JJR NNS,0.000343316,0.000342291
NP --> DT JJR PP,1.83768e-10,1.83276e-10
NP --> DT JJS,0.000357196,0.000354471
NP --> DT JJS NN,0.000208037,0.000209432
NP --> DT NN,0.0937828,0.0935038
NP --> DT NN ADVP,1.83579e-10,1.83081e-10
NP --> DT NN CC NN,0.000377427,0.000374103
NP --> DT NN CD,1.96848e-05,2.00853e-05
NP --> DT NN DT NN,1.83386e-10,1.82894e-10
NP --> DT NN JJR,2.5375e-05,2.52718e-05
NP --> DT NN NN,0.0058173,0.00571163
NP --> DT NN NN NN,1.83514e-10,1.83012e-10
NP --> DT NN NN PP,1.8364e-10,1.83142e-10
NP --> DT NN NNP,0.000828034,0.000815732
NP --> DT NN NNS,1.83572e-10,1.83076e-10
NP --> DT NN NP,1.83521e-10,1.83027e-10
NP --> DT NN POS,0.000421554,0.000418172
NP --> DT NN PP,0.00688378,0.00682499
NP --> DT NN S,1.83438e-10,1.82944e-10
NP --> DT NN SBAR,0.000190098,0.000191262
NP --> DT NN VBG,1.83524e-10,1.83032e-10
NP --> DT NNP,0.00119986,0.00119732
NP --> DT NNP NN,0.000691233,0.000684544
NP --> DT NNP NN NN,1.83773e-10,1.8327e-10
NP --> DT NNP NNP,0.000132846,0.000132649
NP --> DT NNP NNP NN,1.7466e-05,1.73821e-05
NP --> DT NNP NNP NNP,1.83297e-10,1.82809e-10
NP --> DT NNP NNS,7.20408e-05,7.15248e-05
NP --> DT NNP POS,3.34075e-05,3.48842e-05
NP --> DT NNP PP,1.83522e-10,1.83021e-10
NP --> DT NNPS,1.83686e-10,1.83193e-10
NP --> DT NNS,0.0129333,0.0128828
NP --> DT NNS ADVP,1.83511e-10,1.83014e-10
NP --> DT NNS CC NNS,6.27176e-05,6.23661e-05
NP --> DT NNS NN,0.000142177,0.000131877
NP --> DT NNS PP,0.00157021,0.00157728
NP --> DT NP,1.83452e-10,1.8296e-10
NP --> DT NP CC NP,1.83351e-10,1.82854e-10
NP --> DT NP NN,1.83486e-10,1.8299e-10
NP --> DT PP,1.83446e-10,1.82955e-10
NP --> DT PRP,0.000444587,0.000443718
NP --> DT PRP$ NN,1.8311e-10,1.82618e-10
NP --> DT PRP$ NNS,1.83088e-10,1.82596e-10
NP --> DT RB,0.000511185,0.000512776
NP --> DT RB JJ NN,0.000269942,0.000272891
NP --> DT RB NN,1.83315e-10,1.82813e-10
NP --> DT VB,0.00745082,0.00742726
NP --> DT VBG,1.83184e-10,1.82692e-10
NP --> DT VBG NN,1.83149e-10,1.82658e-10
NP --> DT VBN NN,1.4917e-05,1.49578e-05
NP --> DT WP,0.00381178,0.00380029
NP --> JJ CD,3.01175e-05,3.03495e-05
NP --> JJ CD NN,1.83556e-10,1.83057e-10
NP --> JJ DT JJ NN,1.83565e-10,1.83074e-10
NP --> JJ DT NN,0.000387955,0.000456367
NP --> JJ JJ JJ NNS,5.93396e-05,5.98295e-05
NP --> JJ JJ NN,1.83589e-10,1.83096e-10
NP --> JJ JJ NNP,9.9183e-05,9.95664e-05
NP --> JJ JJ NNS,0.000222591,0.000223983
NP --> JJ NN,0.0217179,0.0217517
NP --> JJ NN NN,1.8334e-10,1.82848e-10
NP --> JJ NN NNS,1.83503e-10,1.83009e-10
NP --> JJ NN POS,1.83363e-10,1.82867e-10
NP --> JJ NN PP,1.83562e-10,1.83064e-10
NP --> JJ NNP,0.00421938,0.00420869
NP --> JJ NNP NN,1.83292e-10,1.82797e-10
NP --> JJ NNS,0.00460368,0.00457685
NP --> JJ NNS PP,0.000168827,0.000172201
NP --> JJ NP,4.92657e-05,5.04977e-05
NP --> JJ PP,0.00693761,0.00694767
NP --> JJR NN,0.00041533,0.000414563
NP --> JJR NN NN,1.83293e-10,1.82799e-10
NP --> JJR NNS,0.000316233,0.000316865
NP --> JJR PP,0.000466813,0.000466808
NP --> JJS NNS,1.80901e-05,1.80579e-05
NP --> NN ADJP,0.00309341,0.00307654
NP --> NN ADVP,0.00249127,0.00250777
NP --> NN CC NN,0.00135887,0.00134962
NP --> NN CD,0.000223855,0.000222666
NP --> NN DT,0.00129935,0.00129197
NP --> NN DT NN,1.83421e-10,1.82929e-10
NP --> NN JJ,0.00819258,0.0082139
NP --> NN JJ NN,1.83351e-10,1.82858e-10
NP --> NN JJ NNS,1.83339e-10,1.82845e-10
NP --> NN NN,0.0108978,0.0108875
NP --> NN NN NN,1.83381e-10,1.82887e-10
NP --> NN NN NNS,1.83377e-10,1.82886e-10
NP --> NN NN POS,1.832e-10,1.82708e-10
NP --> NN NNP,0.0329795,0.032803
NP --> NN NNS,0.00157574,0.00157942
NP --> NN NP,0.00383936,0.00388415
NP --> NN POS,0.0237213,0.0236785
NP --> NN PP,0.0105122,0.0106084
NP --> NN RB,0.0401372,0.0399979
NP --> NN S,0.000601247,0.000609084
NP --> NN SBAR,3.82785e-05,4.18344e-05
NP --> NN VP,0.00327375,0.00328059
NP --> NNP CC NNP,0.00165986,0.0016555
NP --> NNP CC NNP CC NNP,0.000121874,0.000121631
NP --> NNP CC NNP POS,7.79126e-05,7.88983e-05
NP --> NNP CC PRP,0.000488329,0.00048488
NP --> NNP CD,8.0143e-05,7.98606e-05
NP --> NNP DT NN,1.83398e-10,1.82905e-10
NP --> NNP NN,0.00967539,0.00965289
NP --> NNP NN NN,1.83246e-10,1.82753e-10
NP --> NNP NNP,0.00475163,0.00472663
NP --> NNP NNP NNP,1.83604e-10,1.83112e-10
NP --> NNP NNP POS,0.000108591,0.000108754
NP --> NNP NNS,0.00030725,0.000306648
NP --> NNP NP,0.00791068,0.00782988
NP --> NNP POS,0.00403789,0.0040657
NP --> NNP PP,0.00366917,0.00365101
NP --> NNP S,0.000597193,0.000583824
NP --> NNP VP,0.0108159,0.010777
NP --> NNP WHNP,0.000712377,0.000712269
NP --> NNS CC NN,0.00027978,0.00027842
NP --> NNS CC NNS,0.000404415,0.000403065
NP --> NNS NNS,6.91103e-05,6.77187e-05
NP --> NNS PP,0.00416924,0.00415821
NP --> NOT DT JJ NN,1.8309e-10,1.82599e-10
NP --> NOT DT NN,1.83106e-10,1.82615e-10
NP --> NOT NN,0.00178148,0.00177517
NP --> NOT NNP,0.000279233,0.000278521
NP --> NOT PRP,0.00845405,0.00843609
NP --> NP ADJP,0.000798991,0.000898867
NP --> NP ADVP,0.000912014,0.00107869
NP --> NP ADVP SBAR,1.83617e-10,1.83119e-10
NP --> NP CC NP,0.00526682,0.0053481
NP --> NP CC NP ADVP,0.000228858,0.000233243
NP --> NP CC NP CC NP,9.07711e-05,8.85489e-05
NP --> NP CC NP CC NP CC NP,7.35261e-05,7.35231e-05
NP --> NP CC WHNP,0.000125767,0.000140979
NP --> NP INTJ,7.1657e-05,7.92213e-05
NP --> NP JJ,0.0179832,0.0179943
NP --> NP JJ NN,1.83561e-10,1.83067e-10
NP --> NP NN,0.0181687,0.0196426
NP --> NP NN NN,1.83448e-10,1.82949e-10
NP --> NP NN NNS,1.83575e-10,1.83073e-10
NP --> NP NN POS,1.83212e-10,1.82721e-10
NP --> NP NNP,0.0179385,0.0179334
NP --> NP NNP POS,6.91754e-05,6.46321e-05
NP --> NP NNS,0.00204484,0.00204669
NP --> NP NP,1.83628e-10,1.83124e-10
NP --> NP NP CC NP,0.000461756,0.000466681
NP --> NP NP NP,1.83616e-10,1.83124e-10
NP --> NP POS,1.14841e-05,1.13623e-05
NP --> NP PP,0.00652796,0.00744069
NP --> NP PP CC NP,0.000312572,0.000308847
NP --> NP PP PP,1.83477e-10,1.82983e-10
NP --> NP PP SBAR,1.83502e-10,1.8301e-10
NP --> NP S,0.000401721,0.000394449
NP --> NP SBAR,5.78837e-05,0.000203907
NP --> NP SBAR SBAR,1.83403e-10,1.82934e-10
NP --> NP VP,0.00253967,0.00212241
NP --> NP WHNP,0.000303209,0.000310492
NP --> NP WHPP,1.83247e-10,1.82759e-10
NP --> PDT DT,0.000505395,0.000504841
NP --> PDT DT JJ NN,0.000470485,0.000469717
NP --> PDT DT JJ NNS,0.00020232,0.000201776
NP --> PDT DT NN,1.83646e-10,1.83152e-10
NP --> PDT DT NN NNS,1.83224e-10,1.82732e-10
NP --> PDT DT NNS,0.00154146,0.00153346
NP --> PDT DT NNS PP,0.000150406,0.00015285
NP --> PDT PRP$ NN,7.29393e-05,7.01408e-05
NP --> PDT PRP$ NNS,0.000296162,0.000294416
NP --> PRP CC NNP,0.000397832,0.000397076
NP --> PRP CC PRP,0.000852357,0.000848553
NP --> PRP CD,1.83675e-10,1.83176e-10
NP --> PRP DT,0.00363948,0.00363762
NP --> PRP JJ NN,1.83508e-10,1.83017e-10
NP --> PRP NN,0.0130745,0.0130341
NP --> PRP NNS,0.00138325,0.00137738
NP --> PRP NP,0.0144263,0.0143362
NP --> PRP PRP,0.000341983,0.000340246
NP --> PRP VP,0.188646,0.188229
NP --> PRP$ ADJP NN,1.83485e-10,1.82992e-10
NP --> PRP$ CD NNS,6.00303e-05,5.95287e-05
NP --> PRP$ JJ,0.0124861,0.0124662
NP --> PRP$ JJ JJ NN,0.000234283,0.000234991
NP --> PRP$ JJ JJ NNS,1.83952e-10,1.83452e-10
NP --> PRP$ JJ NN,0.00354517,0.00352878
NP --> PRP$ JJ NN NN,7.72524e-05,7.19369e-05
NP --> PRP$ JJ NN PP,7.76986e-05,7.9085e-05
NP --> PRP$ JJ NNP,1.83362e-10,1.8287e-10
NP --> PRP$ JJ NNS,0.000484532,0.000480069
NP --> PRP$ JJS NN,6.62254e-05,6.59101e-05
NP --> PRP$ NN,0.045096,0.0448917
NP --> PRP$ NN CC NN,0.000112561,0.000111521
NP --> PRP$ NN NN,0.000904938,0.000841034
NP --> PRP$ NN NN NN,1.8346e-10,1.82968e-10
NP --> PRP$ NN NNP,0.000556652,0.000550478
NP --> PRP$ NN NNS,1.83571e-10,1.83076e-10
NP --> PRP$ NN POS,0.000129017,0.000127391
NP --> PRP$ NN PP,0.000461383,0.000448114
NP --> PRP$ NNP,0.00114402,0.0011376
NP --> PRP$ NNP NN,4.71201e-05,4.51428e-05
NP --> PRP$ NNS,0.00649426,0.00646457
NP --> PRP$ NP,9.69313e-05,9.26974e-05
NP --> PRP$ NP CC NP,1.49958e-05,1.8324e-10
NP --> PRP$ NP NN,1.83534e-10,1.83039e-10
NP --> PRP$ PRP$ NN,1.83328e-10,1.82833e-10
NP --> PRP$ VB,0.0409237,0.0408427
NP --> PRP$ VBG NN,1.83351e-10,1.82858e-10
NP --> RB CD,0.00031211,0.000310269
NP --> RB CD NN,1.83332e-10,1.82842e-10
NP --> RB CD NNP,1.83321e-10,1.82823e-10
NP --> RB CD NNS,6.2371e-05,6.2752e-05
NP --> RB DT JJ NN,0.00127915,0.00128648
NP --> RB DT NN,0.0140428,0.0140185
NP --> RB JJ,0.0250765,0.0250235
NP --> RB JJ NN,1.83504e-10,1.83014e-10
NP --> RB JJ NNS,0.00096427,0.000967021
NP --> RB NN,0.0227138,0.0226862
NP --> S NP,9.66136e-05,9.60842e-05
NP --> VB PRP,0.0890107,0.0887339
NP --> VBG NN,0.00147637,0.00146832
NP --> VBG NNS,5.26438e-05,5.2925e-05
PP --> ADVP IN,0.0408979,0.0400413
PP --> ADVP IN NP,2.0165e-09,2.01517e-09
PP --> ADVP IN PP,2.01332e-09,2.0121e-09
PP --> ADVP PP,2.01748e-09,2.01584e-09
PP --> ADVP TO NP,2.01279e-09,2.01143e-09
PP --> CD NN,2.01603e-09,2.01464e-09
PP --> CD NNS,0.00215014,0.00218139
PP --> DT IN NP,2.01608e-09,2.01468e-09
PP --> DT JJ NN,2.01622e-09,2.01485e-09
PP --> DT NN,0.000830726,0.000817574
PP --> IN ADJP,0.0152192,0.0152329
PP --> IN ADVP,0.237698,0.236838
PP --> IN ADVP NP,2.0171e-09,2.01581e-09
PP --> IN CC IN,0.00199277,0.00199727
PP --> IN CC IN NP,2.01426e-09,2.0129e-09
PP --> IN IN NP,2.01415e-09,2.01284e-09
PP --> IN NN,0.381076,0.383057
PP --> IN NP,0.242698,0.242167
PP --> IN NP ADJP,2.01489e-09,2.01345e-09
PP --> IN NP ADVP,2.01618e-09,2.01473e-09
PP --> IN NP NP,2.01682e-09,2.01546e-09
PP --> IN NP PP,4.10382e-09,2.01535e-09
PP --> IN NP SBAR,2.01707e-09,2.0156e-09
PP --> IN NP VP,2.01485e-09,2.01349e-09
PP --> IN PP,2.01744e-09,2.01619e-09
PP --> IN RB,0.0315168,0.0316013
PP --> IN S,2.01384e-09,2.01235e-09
PP --> IN SBAR,2.01684e-09,2.01554e-09
PP --> IN VP,0.00243339,0.00249455
PP --> IN WHADVP,5.08092e-05,5.07437e-05
PP --> IN WHNP,0.00170082,0.00172335
PP --> JJ NN,0.00118825,0.00114862
PP --> JJ NNP,0.00367416,0.00363147
PP --> NNP NN,0.00578958,0.00570422
PP --> NOT IN NP,2.0114e-09,2.01001e-09
PP --> NOT NP,2.01144e-09,2.01004e-09
PP --> NP IN NP,0.000736441,2.01618e-09
PP --> NP PP,0.002058,0.0025557
PP --> NP SBAR,2.0165e-09,2.01506e-09
PP --> PDT DT NN,0.000229263,0.000351402
PP --> PP CC PP,0.00182032,0.00181396
PP --> PP PP,2.0155e-09,2.0141e-09
PP --> PP SBAR,2.01677e-09,2.01533e-09
PP --> RB IN,0.025199,0.0255249
PP --> RB IN NP,1.10735e-05,2.01586e-09
PP --> RB IN VP,2.01331e-09,2.01194e-09
PP --> RB NP,0.00102881,0.00106744
PP --> RB TO NP,2.01447e-09,2.01311e-09
PP --> RBR IN NP,2.01918e-09,2.01762e-09
PP --> TO NP,2.01572e-09,2.01432e-09
PRT --> ADVP RP,0.509827,0.561236
PRT --> RB RP,0.0356632,0.0424752
PRT --> RP NP,1.84862e-08,1.8597e-08
PRT --> RP PP,0.201266,0.176816
PRT --> RP RP,0.253244,0.219473
ROOT --> FRAG CC FRAG,0.000689508,0.000700539
ROOT --> FRAG CC S,4.07142e-10,4.07067e-10
ROOT --> FRAG CC SBARQ,4.08821e-10,4.08995e-10
ROOT --> FRAG CC SQ,4.08096e-10,4.08169e-10
ROOT --> FRAG FRAG,0.00402888,0.00390632
ROOT --> FRAG FRAG FRAG,4.07662e-10,4.07677e-10
ROOT --> FRAG FRAG S,4.07316e-10,4.07283e-10
ROOT --> FRAG FRAG SBARQ,4.07264e-10,4.07264e-10
ROOT --> FRAG FRAG SQ,4.0764e-10,4.07598e-10
ROOT --> FRAG INTJ,0.00228885,0.00238836
ROOT --> FRAG INTJ FRAG,4.07606e-10,4.07586e-10
ROOT --> FRAG INTJ NP,4.0762e-10,4.07617e-10
ROOT --> FRAG INTJ S,4.0699e-10,4.06969e-10
ROOT --> FRAG NP,0.134564,0.13969
ROOT --> FRAG NP FRAG,4.07714e-10,4.07701e-10
ROOT --> FRAG NP S,4.07448e-10,4.07442e-10
ROOT --> FRAG S,0.00651903,0.00633727
ROOT --> FRAG S FRAG,4.07253e-10,4.07239e-10
ROOT --> FRAG S INTJ,4.06985e-10,4.06966e-10
ROOT --> FRAG S NP,4.07631e-10,4.07627e-10
ROOT --> FRAG S S,4.0698e-10,4.06973e-10
ROOT --> FRAG S SQ,4.08941e-10,4.08971e-10
ROOT --> FRAG SBARQ,4.07908e-10,4.08126e-10
ROOT --> FRAG SQ,0.00849888,0.00876414
ROOT --> INTJ CC FRAG,4.07714e-10,4.07714e-10
ROOT --> INTJ CC S,4.06981e-10,4.06955e-10
ROOT --> INTJ CC SBARQ,4.07713e-10,4.08117e-10
ROOT --> INTJ CC SQ,4.07616e-10,4.07638e-10
ROOT --> INTJ FRAG,0.0166382,0.0164067
ROOT --> INTJ FRAG FRAG,4.08047e-10,4.08051e-10
ROOT --> INTJ FRAG INTJ,2.61944e-05,2.5143e-05
ROOT --> INTJ FRAG INTJ S,4.06884e-10,4.06857e-10
ROOT --> INTJ FRAG NP,0.00037963,0.000346707
ROOT --> INTJ FRAG S,4.08354e-10,4.08347e-10
ROOT --> INTJ FRAG SBARQ,4.07179e-10,4.07104e-10
ROOT --> INTJ FRAG SQ,0.000185586,0.000194902
ROOT --> INTJ INTJ,0.00696527,0.00694867
ROOT --> INTJ INTJ FRAG,4.07993e-10,4.08019e-10
ROOT --> INTJ INTJ INTJ,4.07523e-10,4.07489e-10
ROOT --> INTJ INTJ NP,3.79084e-05,4.08042e-10
ROOT --> INTJ INTJ S,4.07315e-10,4.07318e-10
ROOT --> INTJ NP,0.178729,0.179017
ROOT --> INTJ NP FRAG,0.000918079,0.000738432
ROOT --> INTJ NP S,0.00130598,0.00125507
ROOT --> INTJ NP SBARQ,4.07379e-10,4.07539e-10
ROOT --> INTJ NP SQ,0.00244009,0.00242674
ROOT --> INTJ S,0.00234382,0.00215875
ROOT --> INTJ S CC S,4.07142e-10,4.07086e-10
ROOT --> INTJ S FRAG,4.0751e-10,4.07491e-10
ROOT --> INTJ S INTJ,4.07213e-10,4.07212e-10
ROOT --> INTJ S NP,4.07711e-10,4.07733e-10
ROOT --> INTJ S NP S,4.07596e-10,4.07627e-10
ROOT --> INTJ S S,4.08673e-10,4.08846e-10
ROOT --> INTJ S S FRAG,4.0787e-10,4.07855e-10
ROOT --> INTJ S S S,4.07072e-10,4.07039e-10
ROOT --> INTJ S SBARQ,4.06908e-10,4.0674e-10
ROOT --> INTJ S SQ,4.07559e-10,4.07487e-10
ROOT --> INTJ SBARQ,0.000608565,0.000161579
ROOT --> INTJ SBARQ FRAG,4.07285e-10,4.0748e-10
ROOT --> INTJ SBARQ NP,4.07938e-10,4.08393e-10
ROOT --> INTJ SBARQ S,4.06976e-10,4.06897e-10
ROOT --> INTJ SBARQ SBARQ,4.06792e-10,4.06731e-10
ROOT --> INTJ SINV,0.000456768,0.000408663
ROOT --> INTJ SQ,0.0226678,0.0227256
ROOT --> INTJ SQ INTJ,4.07763e-10,4.07759e-10
ROOT --> INTJ SQ NP,4.07642e-10,4.07627e-10
ROOT --> NP FRAG,0.0247084,0.0240149
ROOT --> NP INTJ,0.0132064,0.0131762
ROOT --> NP INTJ S,4.07184e-10,4.07179e-10
ROOT --> NP NP,0.376908,0.380045
ROOT --> NP NP S,4.07969e-10,4.07959e-10
ROOT --> NP S,0.0222614,0.0212581
ROOT --> NP S FRAG,4.07333e-10,4.07314e-10
ROOT --> NP S INTJ,4.0713e-10,4.07119e-10
ROOT --> NP S NP,4.07483e-10,4.07484e-10
ROOT --> NP S S,4.07052e-10,4.0706e-10
ROOT --> NP S SQ,4.07795e-10,4.07724e-10
ROOT --> NP SBARQ,0.000127112,4.0813e-10
ROOT --> NP SQ,0.0460815,0.0466504
ROOT --> S CC FRAG,4.07455e-10,4.07426e-10
ROOT --> S CC S,4.06881e-10,4.0683e-10
ROOT --> S CC S SQ,4.06747e-10,4.06741e-10
ROOT --> S CC SBARQ,4.0687e-10,4.06803e-10
ROOT --> S CC SQ,4.07038e-10,4.06997e-10
ROOT --> S FRAG,4.07096e-10,4.0705e-10
ROOT --> S FRAG FRAG,4.06933e-10,4.06898e-10
ROOT --> S FRAG NP,4.07077e-10,4.07055e-10
ROOT --> S FRAG S,4.07555e-10,4.07385e-10
ROOT --> S FRAG SQ,4.06867e-10,4.06849e-10
ROOT --> S INTJ,4.06965e-10,4.0695e-10
ROOT --> S INTJ FRAG,4.06855e-10,4.06842e-10
ROOT --> S INTJ NP,4.06918e-10,4.06895e-10
ROOT --> S INTJ S,4.06782e-10,4.06773e-10
ROOT --> S NP,0.000474227,0.00046545
ROOT --> S NP FRAG,4.06915e-10,4.06894e-10
ROOT --> S NP S,4.07292e-10,4.0721e-10
ROOT --> S NP SQ,4.06903e-10,4.06888e-10
ROOT --> S S,4.07014e-10,4.06998e-10
ROOT --> S S CC S,4.06745e-10,4.06738e-10
ROOT --> S S FRAG,4.06812e-10,4.06804e-10
ROOT --> S S INTJ,4.06785e-10,4.0677e-10
ROOT --> S S NP,4.06846e-10,4.06834e-10
ROOT --> S S S,4.06782e-10,4.06773e-10
ROOT --> S S S S,4.06775e-10,4.06742e-10
ROOT --> S S SQ,4.07013e-10,4.07009e-10
ROOT --> S SBAR,7.3191e-05,6.97496e-05
ROOT --> S SBARQ,4.069e-10,4.06905e-10
ROOT --> S SINV,4.06838e-10,4.06824e-10
ROOT --> S SQ,4.06936e-10,4.06922e-10
ROOT --> S SQ NP,4.06847e-10,4.0683e-10
ROOT --> S VP,0.00105717,0.00103378
ROOT --> SBAR FRAG,0.00484212,0.00471202
ROOT --> SBAR S,0.00137178,0.00128562
ROOT --> SBARQ FRAG,4.07858e-10,4.08427e-10
ROOT --> SBARQ INTJ,0.000137608,6.79833e-05
ROOT --> SBARQ NP,0.0104057,0.00641425
ROOT --> SBARQ S,0.000707539,0.000688223
ROOT --> SBARQ SBARQ,4.06972e-10,4.06792e-10
ROOT --> SBARQ SQ,5.76456e-05,3.38977e-05
ROOT --> SINV FRAG,0.00119445,0.00103746
ROOT --> SINV NP,0.00883299,0.00661772
ROOT --> SQ CC FRAG,4.08146e-10,4.08159e-10
ROOT --> SQ CC SQ,0.000693812,0.000703438
ROOT --> SQ FRAG,0.00435716,0.00409263
ROOT --> SQ INTJ,0.00083683,0.000838712
ROOT --> SQ NP,0.0818655,0.0828666
ROOT --> SQ S,0.00786772,0.00765462
ROOT --> SQ SQ,0.00163946,0.00167261
S --> ADJP VP,0.000866613,0.00080244
S --> ADVP ADVP NP VP,3.88873e-09,3.97454e-09
S --> ADVP NP ADVP VP,3.88603e-09,3.97173e-09
S --> ADVP NP NP VP,3.88608e-09,3.97209e-09
S --> ADVP NP VP,3.88675e-09,3.97243e-09
S --> ADVP NP VP INTJ,3.88033e-09,3.96605e-09
S --> ADVP NP VP NP,3.8895e-09,3.97561e-09
S --> ADVP PP NP VP,3.89008e-09,3.97637e-09
S --> ADVP S,3.88829e-09,3.97426e-09
S --> ADVP S CC S,3.88105e-09,3.96677e-09
S --> ADVP SBAR NP VP,4.03555e-09,4.13582e-09
S --> ADVP VP,0.00533077,0.00422926
S --> ADVP VP NP,3.88706e-09,3.97299e-09
S --> CC ADVP NP VP,3.88957e-09,3.97444e-09
S --> CC ADVP VP,3.89541e-09,3.98131e-09
S --> CC NP VP,0.00190383,0.00185367
S --> CC VP,0.0389103,0.0387483
S --> FRAG CC S,3.9032e-09,3.98764e-09
S --> INTJ ADVP NP VP,3.88077e-09,3.96648e-09
S --> INTJ ADVP VP,3.8845e-09,3.97069e-09
S --> INTJ CC S,3.88339e-09,3.96868e-09
S --> INTJ INTJ,3.90755e-09,3.99223e-09
S --> INTJ INTJ NP VP,3.88916e-09,3.97456e-09
S --> INTJ INTJ VP,3.8837e-09,3.96949e-09
S --> INTJ NP,0.00994595,0.0100575
S --> INTJ NP ADVP VP,3.88057e-09,3.96625e-09
S --> INTJ NP NP VP,3.88274e-09,3.9682e-09
S --> INTJ NP VP,3.88712e-09,3.9734e-09
S --> INTJ NP VP INTJ,3.88086e-09,3.96668e-09
S --> INTJ NP VP NP,3.88226e-09,3.96798e-09
S --> INTJ NP VP SBAR,3.88206e-09,3.96788e-09
S --> INTJ NP VP SQ,3.88744e-09,3.97258e-09
S --> INTJ S,3.88256e-09,3.96819e-09
S --> INTJ SBAR NP VP,3.90384e-09,3.99412e-09
S --> INTJ VP,0.00058266,0.000598082
S --> INTJ VP INTJ,3.88561e-09,3.97175e-09
S --> INTJ VP NP,3.8877e-09,3.97358e-09
S --> NOT VP,0.0122612,0.0124678
S --> NP ADJP,3.89004e-09,3.97605e-09
S --> NP ADVP,3.88966e-09,3.97558e-09
S --> NP ADVP ADVP VP,3.8847e-09,3.97072e-09
S --> NP ADVP NOT VP,3.87915e-09,3.96486e-09
S --> NP ADVP VP,3.88612e-09,3.972e-09
S --> NP ADVP VP INTJ,3.88168e-09,3.96741e-09
S --> NP ADVP VP SQ,3.88706e-09,3.97136e-09
S --> NP NOT VP,3.87934e-09,3.96505e-09
S --> NP NP,3.89071e-09,3.97655e-09
S --> NP NP VP,3.88656e-09,3.97211e-09
S --> NP NP VP INTJ,3.88055e-09,3.96625e-09
S --> NP PP,0.0711729,0.0646342
S --> NP PP VP,3.88475e-09,3.97074e-09
S --> NP PRT,0.00692771,3.97731e-09
S --> NP S,3.88951e-09,3.97559e-09
S --> NP VP,3.8879e-09,3.97343e-09
S --> NP VP ADJP,3.89197e-09,3.97931e-09
S --> NP VP ADVP,3.88435e-09,3.97021e-09
S --> NP VP CC S,3.88276e-09,3.96847e-09
S --> NP VP CC VP,3.88353e-09,3.96934e-09
S --> NP VP FRAG,3.8866e-09,3.97311e-09
S --> NP VP INTJ,3.88366e-09,3.96929e-09
S --> NP VP NP,3.8852e-09,3.971e-09
S --> NP VP PP,3.88528e-09,3.97113e-09
S --> NP VP S,3.88138e-09,3.96701e-09
S --> NP VP SBAR,3.8885e-09,3.9745e-09
S --> NP VP SQ,3.88377e-09,3.96937e-09
S --> NP VP SQ INTJ,3.88576e-09,3.97333e-09
S --> NP VP VP,3.88691e-09,3.9731e-09
S --> PP NP VP,3.88596e-09,3.97166e-09
S --> PP VP,0.000857682,0.000877273
S --> RB NP VP,3.8897e-09,3.97558e-09
S --> S CC FRAG,3.89401e-09,3.97968e-09
S --> S CC S,3.88448e-09,3.97e-09
S --> S CC S CC S,3.88179e-09,3.96723e-09
S --> S CC S INTJ,3.87974e-09,3.96541e-09
S --> S CC SBARQ,3.88111e-09,3.96487e-09
S --> S NP CC S,3.8916e-09,3.97617e-09
S --> S NP VP,3.88355e-09,3.9693e-09
S --> S S,3.88658e-09,3.97251e-09
S --> S SQ,3.88974e-09,3.97567e-09
S --> S VP,3.88367e-09,3.96953e-09
S --> S VP NP,3.88131e-09,3.96708e-09
S --> SBAR ADVP NP VP,3.89392e-09,3.97887e-09
S --> SBAR NP ADVP VP,3.88131e-09,3.96703e-09
S --> SBAR NP VP,3.91327e-09,4.00244e-09
S --> SBAR VP,3.89351e-09,3.97929e-09
S --> SBARQ CC S,3.88099e-09,3.96534e-09
S --> TO VP,0.823644,0.840467
S --> VP ADVP,0.00214565,0.00212766
S --> VP CC VP,0.00290567,0.00271621
S --> VP FRAG,0.000782265,0.000792016
S --> VP INTJ,3.89149e-09,3.97764e-09
S --> VP NP,0.00550767,0.00572585
S --> VP S,3.88409e-09,3.96986e-09
S --> VP SBAR,3.88725e-09,3.97312e-09
S --> VP SQ,3.90232e-09,3.99104e-09
S --> VP VP,0.00200403,0.00198807
S --> WHNP VP,0.0142506,0.011914
SBAR --> ADVP COMP S,1.76612e-08,1.77138e-08
SBAR --> CC S,1.76835e-08,1.77347e-08
SBAR --> COMP COMP COMP S,0.000381552,0.000382976
SBAR --> COMP COMP S,1.76712e-08,1.77227e-08
SBAR --> COMP FRAG,0.0569861,0.0552838
SBAR --> COMP NP,0.911455,0.912481
SBAR --> COMP NP VP,6.23243e-06,1.77679e-08
SBAR --> COMP S,1.77292e-08,1.7788e-08
SBAR --> COMP S CC NOT,1.76703e-08,1.77226e-08
SBAR --> IN S,1.76888e-08,1.77392e-08
SBAR --> NP S,1.77085e-08,1.77626e-08
SBAR --> NP VP,0.0167074,0.0170781
SBAR --> RB COMP S,1.76726e-08,1.77251e-08
SBAR --> RB S,0.0102481,0.0107152
SBAR --> SBAR CC SBAR,1.89747e-08,1.90173e-08
SBAR --> WHADJP S,1.76573e-08,1.77105e-08
SBAR --> WHADVP FRAG,1.76743e-08,1.77269e-08
SBAR --> WHADVP S,1.76589e-08,1.77117e-08
SBAR --> WHNP FRAG,1.76803e-08,1.77371e-08
SBAR --> WHNP S,1.76686e-08,1.7721e-08
SBAR --> WHNP VP,0.00421513,0.00405901
SBAR --> WHNP WHNP S,1.76564e-08,1.77096e-08
SBARQ --> ADVP WHADVP SQ,3.38015e-08,5.52603e-08
SBARQ --> ADVP WHNP SQ,3.38454e-08,5.5334e-08
SBARQ --> CC ADVP WHNP SQ,3.38008e-08,5.52594e-08
SBARQ --> CC WHADVP SQ,3.38496e-08,5.53366e-08
SBARQ --> CC WHNP SQ,0.0238261,0.0355793
SBARQ --> INTJ CC SBARQ,3.38084e-08,5.52596e-08
SBARQ --> INTJ WHADVP SQ,3.38129e-08,5.52871e-08
SBARQ --> INTJ WHNP SQ,3.39339e-08,5.55144e-08
SBARQ --> NP VP,0.161277,5.54278e-08
SBARQ --> NP WHNP,3.3878e-08,5.53793e-08
SBARQ --> NP WHNP SQ,3.38235e-08,5.52972e-08
SBARQ --> PP WHNP SQ,3.3807e-08,5.52673e-08
SBARQ --> RB WHADVP SQ,3.38795e-08,5.53905e-08
SBARQ --> RB WHNP SQ,0.00265741,0.00426752
SBARQ --> S CC SBARQ,3.38037e-08,5.52594e-08
SBARQ --> S INTJ CC SBARQ,3.38378e-08,5.52594e-08
SBARQ --> SBAR WHADVP SQ,3.38081e-08,5.52698e-08
SBARQ --> SBAR WHNP SQ,3.39051e-08,5.54164e-08
SBARQ --> WHADJP SQ,0.0212539,0.0317541
SBARQ --> WHADVP S,3.38088e-08,5.52701e-08
SBARQ --> WHADVP SQ,3.38301e-08,5.53072e-08
SBARQ --> WHADVP SQ INTJ,3.38052e-08,5.52665e-08
SBARQ --> WHADVP SQ NP,3.38101e-08,5.52766e-08
SBARQ --> WHADVP VP,3.38954e-08,5.54083e-08
SBARQ --> WHADVP WHADVP SQ,3.45628e-08,5.64769e-08
SBARQ --> WHNP ADVP,0.135765,0.213532
SBARQ --> WHNP ADVP SQ,3.3812e-08,5.52785e-08
SBARQ --> WHNP S,0.0355159,0.0565986
SBARQ --> WHNP SQ,0.40195,0.658267
SBARQ --> WHNP SQ FRAG,3.43602e-08,5.65844e-08
SBARQ --> WHNP SQ INTJ,3.38343e-08,5.53165e-08
SBARQ --> WHNP SQ NP,3.38472e-08,5.53353e-08
SBARQ --> WHNP SQ SBAR,3.38058e-08,5.52674e-08
SBARQ --> WHNP VP,0.217754,5.54264e-08
SBARQ --> WHNP WHNP SQ,3.41477e-08,5.58683e-08
SBARQ --> WHPP SQ,3.38272e-08,5.53029e-08
SINV --> ADVP NP VP,3.89017e-08,5.05508e-08
SINV --> ADVP VP,3.8901e-08,5.05458e-08
SINV --> ADVP VP NP,3.91318e-08,5.08464e-08
SINV --> CC ADVP VP,0.0300265,0.0402983
SINV --> CC ADVP VP NP,3.89063e-08,5.05476e-08
SINV --> INTJ NP VP,3.88686e-08,5.04981e-08
SINV --> NP NP VP,3.88622e-08,5.04916e-08
SINV --> NP VP,0.237553,5.05584e-08
SINV --> NP VP INTJ,3.88513e-08,5.04814e-08
SINV --> NP VP NP,3.88729e-08,5.05075e-08
SINV --> SINV CC SINV,3.91297e-08,5.09476e-08
SINV --> VP NP,0.73242,0.959701
SQ --> ADVP NP VP,2.19176e-09,2.17577e-09
SQ --> ADVP VP,2.19344e-09,2.1773e-09
SQ --> AUX NOT NP,0.0282131,0.0280574
SQ --> AUX NOT NP VP,2.1896e-09,2.17348e-09
SQ --> AUX NP,0.717896,0.712972
SQ --> AUX NP ADVP VP,2.19028e-09,2.174e-09
SQ --> AUX NP VP,2.19278e-09,2.17675e-09
SQ --> CC ADVP NP VP,2.19312e-09,2.17681e-09
SQ --> CC NP VP,2.19304e-09,2.17696e-09
SQ --> CC VP,0.00957743,0.0113682
SQ --> COP NP,0.0125807,0.0129376
SQ --> COP NP ADJP,2.18921e-09,2.17308e-09
SQ --> COP NP NP,2.1893e-09,2.17319e-09
SQ --> COP NP SBAR,2.19044e-09,2.17428e-09
SQ --> COP NP VP,2.18828e-09,2.17214e-09
SQ --> INTJ ADVP NP VP,2.19118e-09,2.17492e-09
SQ --> INTJ NP VP,2.19008e-09,2.17385e-09
SQ --> INTJ VP,2.19238e-09,2.17622e-09
SQ --> MD NP VP,0.00645111,0.00629799
SQ --> NNP AUX NP VP,0.000759685,0.000761046
SQ --> NOT NP VP,2.18732e-09,2.17119e-09
SQ --> NP ADVP VP,2.19178e-09,2.17577e-09
SQ --> NP NP VP,2.19079e-09,2.17454e-09
SQ --> NP VP,0.000123416,2.17667e-09
SQ --> NP VP INTJ,2.19012e-09,2.174e-09
SQ --> NP VP NP,2.19073e-09,2.17457e-09
SQ --> NP VP SBAR,2.19098e-09,2.17492e-09
SQ --> PP NP VP,2.19191e-09,2.17577e-09
SQ --> PP VP,2.1924e-09,2.17622e-09
SQ --> S CC SQ,2.1889e-09,2.17269e-09
SQ --> S NP VP,2.18831e-09,2.1722e-09
SQ --> S SQ,2.19121e-09,2.17489e-09
SQ --> S VP,2.18823e-09,2.17213e-09
SQ --> SBAR NP VP,2.19415e-09,2.17727e-09
SQ --> SBAR VP,2.19289e-09,2.17675e-09
SQ --> SQ CC SQ,2.19286e-09,2.17661e-09
SQ --> VB NP VP,2.19052e-09,2.1744e-09
SQ --> VP ADVP,0.13535,0.135784
SQ --> VP INTJ,0.000483175,0.000467619
SQ --> VP NP,0.00564716,0.00655337
SQ --> VP NP NP,2.1896e-09,2.17347e-09
SQ --> VP NP VP,2.18921e-09,2.17304e-09
SQ --> VP SBAR,0.0149815,0.0150637
SQ --> VP VP,0.0679373,0.0697367
VB --> VB ASP,0.0242424,0.0242487
VB --> VB T,0.00997137,0.00996739
VBD --> VB T,0.00372814,6.25843e-09
VBG --> VB ASP,0.896783,0.897239
VBN --> VB T,0.353132,0.36035
VBZ --> VB PRS,0.172479,0.175163
VP --> ADVP AUX NOT VP,5.24736e-10,5.24656e-10
VP --> ADVP AUX VP,5.2465e-10,5.24498e-10
VP --> ADVP VB,0.0175818,0.0175804
VP --> ADVP VB ADVP,5.24902e-10,5.2482e-10
VP --> ADVP VB NP,5.24738e-10,5.24668e-10
VP --> ADVP VB NP ADVP,5.24512e-10,5.24437e-10
VP --> ADVP VB NP PP,5.24705e-10,5.24621e-10
VP --> ADVP VB NP PRT,5.24291e-10,5.24226e-10
VP --> ADVP VB PP,5.26203e-10,5.26129e-10
VP --> ADVP VB PRT,5.24907e-10,5.24811e-10
VP --> ADVP VB S,5.24692e-10,5.24606e-10
VP --> ADVP VB SBAR,5.2484e-10,5.2478e-10
VP --> ADVP VBD,0.000175953,0.000177882
VP --> ADVP VBD NP,5.24621e-10,5.24546e-10
VP --> ADVP VBD NP ADVP,5.24403e-10,5.24322e-10
VP --> ADVP VBD NP NP,5.24408e-10,5.24324e-10
VP --> ADVP VBD PP,5.24858e-10,5.24766e-10
VP --> ADVP VBD PRT,5.24668e-10,5.24557e-10
VP --> ADVP VBD S,5.24397e-10,5.24266e-10
VP --> ADVP VBG,5.2489e-10,5.24803e-10
VP --> ADVP VBG NP,5.25057e-10,5.24981e-10
VP --> ADVP VBG S,5.25166e-10,5.25065e-10
VP --> ADVP VBN,0.000550005,0.000544595
VP --> ADVP VBN ADVP,5.24977e-10,5.2492e-10
VP --> ADVP VBN NP,5.24657e-10,5.24582e-10
VP --> ADVP VBN NP ADVP,5.24498e-10,5.24434e-10
VP --> ADVP VBN PP,5.26193e-10,5.26192e-10
VP --> ADVP VBN PRT,5.25256e-10,5.25113e-10
VP --> ADVP VBP NP,5.24621e-10,5.24531e-10
VP --> ADVP VBP NP PP,5.24794e-10,5.24708e-10
VP --> ADVP VBP SBAR,5.24552e-10,5.24466e-10
VP --> ADVP VBZ,0.00360363,0.00359455
VP --> ADVP VBZ NP,5.25032e-10,5.2496e-10
VP --> ADVP VBZ PP,5.25038e-10,5.24959e-10
VP --> ADVP VBZ S,5.25187e-10,5.25136e-10
VP --> ADVP VP,5.25242e-10,5.25189e-10
VP --> ADVP VP CC VP,5.24583e-10,5.2449e-10
VP --> AUX ADJP,0.000703687,0.000702118
VP --> AUX ADJP VP,5.24663e-10,5.24564e-10
VP --> AUX ADVP,5.25412e-10,5.25314e-10
VP --> AUX ADVP VP,5.25292e-10,5.25204e-10
VP --> AUX DT VP,5.26199e-10,5.26273e-10
VP --> AUX FRAG VP,5.24906e-10,5.24852e-10
VP --> AUX NOT,0.0466095,0.0465634
VP --> AUX NOT ADVP VP,5.24846e-10,5.24777e-10
VP --> AUX NOT NP,0.00584243,0.00583463
VP --> AUX NOT NP ADVP VP,5.25368e-10,5.25253e-10
VP --> AUX NOT NP VP,5.24601e-10,5.24511e-10
VP --> AUX NOT PP,5.24873e-10,5.24785e-10
VP --> AUX NOT S,5.24346e-10,5.24213e-10
VP --> AUX NOT VP,0.0333435,0.0333605
VP --> AUX NOT VP ADVP,5.25626e-10,5.25548e-10
VP --> AUX NOT WHNP,5.24315e-10,5.24228e-10
VP --> AUX NP,0.00451541,0.00451594
VP --> AUX NP ADJP,5.25193e-10,5.25143e-10
VP --> AUX NP ADVP,5.25314e-10,5.25239e-10
VP --> AUX NP ADVP VP,5.26659e-10,5.26616e-10
VP --> AUX NP NOT VP,5.2417e-10,5.24084e-10
VP --> AUX NP NP,5.2581e-10,5.25742e-10
VP --> AUX NP PP,5.25494e-10,5.25401e-10
VP --> AUX NP S,5.25287e-10,5.25222e-10
VP --> AUX NP SBAR,5.25721e-10,5.25671e-10
VP --> AUX NP VP,5.25104e-10,5.25015e-10
VP --> AUX NP WHNP,5.24645e-10,5.24639e-10
VP --> AUX PP,5.25592e-10,5.25509e-10
VP --> AUX PP VP,5.25265e-10,5.25193e-10
VP --> AUX RB VP,5.26215e-10,5.26196e-10
VP --> AUX S,5.25544e-10,5.25539e-10
VP --> AUX SBAR,5.25866e-10,5.25794e-10
VP --> AUX VP,0.00380745,0.003793
VP --> AUX VP VP,5.25052e-10,5.24961e-10
VP --> AUX WHNP VP,5.25708e-10,5.25568e-10
VP --> COP ADJP,0.0825582,0.0827425
VP --> COP ADJP ADVP,5.25513e-10,5.25429e-10
VP --> COP ADJP ADVP ADVP,5.27178e-10,5.27315e-10
VP --> COP ADJP INTJ,5.26817e-10,5.26723e-10
VP --> COP ADJP NP,5.25411e-10,5.25335e-10
VP --> COP ADJP PP,5.25625e-10,5.25553e-10
VP --> COP ADJP PP ADVP,5.25263e-10,5.25197e-10
VP --> COP ADJP S,5.25541e-10,5.25464e-10
VP --> COP ADJP SBAR,5.26045e-10,5.25989e-10
VP --> COP ADVP,0.0102293,0.0103937
VP --> COP ADVP ADJP,5.25904e-10,5.25784e-10
VP --> COP ADVP ADJP ADVP,5.25219e-10,5.2511e-10
VP --> COP ADVP ADJP PP,5.28719e-10,5.28411e-10
VP --> COP ADVP ADVP,5.25968e-10,5.25898e-10
VP --> COP ADVP NP,5.25387e-10,5.25299e-10
VP --> COP ADVP NP ADVP,5.25875e-10,5.25864e-10
VP --> COP ADVP NP PP,5.2557e-10,5.25477e-10
VP --> COP ADVP PP,0.000904281,0.000930197
VP --> COP ADVP PP PP,5.25689e-10,5.25619e-10
VP --> COP ADVP S,5.2937e-10,5.29451e-10
VP --> COP ADVP SBAR,5.25246e-10,5.25149e-10
VP --> COP ADVP VP,5.25101e-10,5.24993e-10
VP --> COP DT ADJP,5.25742e-10,5.25634e-10
VP --> COP INTJ,5.26853e-10,5.26626e-10
VP --> COP NOT,0.00317005,0.00321711
VP --> COP NOT ADJP,5.2527e-10,5.25189e-10
VP --> COP NOT ADJP ADVP,5.25144e-10,5.25072e-10
VP --> COP NOT ADJP PP,5.2514e-10,5.25109e-10
VP --> COP NOT ADJP S,5.25148e-10,5.25034e-10
VP --> COP NOT ADVP,5.25312e-10,5.25237e-10
VP --> COP NOT ADVP ADVP,5.24686e-10,5.24608e-10
VP --> COP NOT ADVP NP,5.25411e-10,5.25339e-10
VP --> COP NOT ADVP PP,5.24907e-10,5.24828e-10
VP --> COP NOT NP,5.24724e-10,5.2464e-10
VP --> COP NOT NP ADJP,5.25283e-10,5.25198e-10
VP --> COP NOT NP ADJP SBAR,5.24162e-10,5.24076e-10
VP --> COP NOT NP ADVP,5.24516e-10,5.24433e-10
VP --> COP NOT NP NP,5.2477e-10,5.24681e-10
VP --> COP NOT NP NP PP,5.24407e-10,5.24321e-10
VP --> COP NOT NP PP,5.2457e-10,5.24491e-10
VP --> COP NOT NP SBAR,5.24667e-10,5.24577e-10
VP --> COP NOT PP,5.25433e-10,5.25352e-10
VP --> COP NOT PP ADVP,5.24393e-10,5.24309e-10
VP --> COP NOT S,5.27433e-10,5.2741e-10
VP --> COP NOT SBAR,5.2427e-10,5.24188e-10
VP --> COP NOT VP,5.24533e-10,5.24453e-10
VP --> COP NP,0.00244811,0.00244708
VP --> COP NP ADJP,5.26141e-10,5.26046e-10
VP --> COP NP ADJP ADVP,5.24917e-10,5.24835e-10
VP --> COP NP ADJP PP,5.25996e-10,5.25823e-10
VP --> COP NP ADJP S,5.24661e-10,5.24579e-10
VP --> COP NP ADJP SBAR,5.26182e-10,5.26061e-10
VP --> COP NP ADVP,5.2539e-10,5.25319e-10
VP --> COP NP ADVP ADJP,5.24581e-10,5.24512e-10
VP --> COP NP ADVP ADVP,5.25022e-10,5.24988e-10
VP --> COP NP ADVP NP,5.25086e-10,5.25047e-10
VP --> COP NP ADVP PP,5.24693e-10,5.24634e-10
VP --> COP NP ADVP SBAR,5.24729e-10,5.24658e-10
VP --> COP NP INTJ,5.25875e-10,5.25836e-10
VP --> COP NP NP,5.25374e-10,5.2528e-10
VP --> COP NP NP ADVP,5.24917e-10,5.24885e-10
VP --> COP NP NP CC NP,5.24986e-10,5.24885e-10
VP --> COP NP NP PP,5.24992e-10,5.24923e-10
VP --> COP NP NP PP ADVP,5.24638e-10,5.24544e-10
VP --> COP NP NP SBAR,5.24526e-10,5.24441e-10
VP --> COP NP NP VP,5.24899e-10,5.24816e-10
VP --> COP NP PP,5.25728e-10,5.25627e-10
VP --> COP NP PP ADVP,5.25384e-10,5.253e-10
VP --> COP NP PP PP,5.25147e-10,5.25055e-10
VP --> COP NP PP SBAR,5.26763e-10,5.26593e-10
VP --> COP NP S,5.27724e-10,5.27787e-10
VP --> COP NP SBAR,5.25494e-10,5.25408e-10
VP --> COP NP VP,5.24644e-10,5.24553e-10
VP --> COP NP WHNP,5.24864e-10,5.24814e-10
VP --> COP PP,0.000123627,0.000125128
VP --> COP PP ADJP,5.25046e-10,5.2497e-10
VP --> COP PP ADVP,5.25007e-10,5.24906e-10
VP --> COP PP NP,5.25102e-10,5.24935e-10
VP --> COP PP PP,5.24981e-10,5.24902e-10
VP --> COP PP PP PP,5.24839e-10,5.24784e-10
VP --> COP PP SBAR,5.25264e-10,5.25159e-10
VP --> COP RB ADJP,0.00592342,0.00590594
VP --> COP RB NP,0.00200721,0.0020051
VP --> COP S,2.70323e-05,2.43068e-05
VP --> COP SBAR,5.24975e-10,5.24872e-10
VP --> COP VP,0.00918871,0.00918892
VP --> COP WHADVP,5.24232e-10,5.24148e-10
VP --> COP WHNP,0.000158989,0.00016285
VP --> IN S,5.02622e-05,4.85415e-05
VP --> MD ADVP,7.03121e-05,7.0673e-05
VP --> MD ADVP VP,5.24636e-10,5.24571e-10
VP --> MD NOT,0.00264619,0.0026555
VP --> MD NOT ADVP VP,5.28294e-10,5.2833e-10
VP --> MD NOT NP,5.26261e-10,5.26125e-10
VP --> MD NOT NP VP,5.32995e-10,5.33117e-10
VP --> MD NOT VP,0.0027883,0.0027824
VP --> MD NP,0.0216169,0.0216851
VP --> MD NP ADVP VP,5.24386e-10,5.24299e-10
VP --> MD NP INTJ VP,5.24562e-10,5.24534e-10
VP --> MD NP VP,5.24551e-10,5.24471e-10
VP --> MD PP,4.0634e-05,4.0457e-05
VP --> MD S,9.00674e-05,8.66508e-05
VP --> MD SBAR,3.08998e-05,2.98042e-05
VP --> MD VP,0.0569636,0.0569337
VP --> MD VP CC VP,5.25889e-10,5.258e-10
VP --> MD VP SBAR,0.000790931,0.000789772
VP --> MD WHNP,2.50305e-05,2.45219e-05
VP --> NN NP,5.24914e-10,5.24823e-10
VP --> NP VBD,0.00708554,0.0070724
VP --> PRP VP,0.00026562,0.000269601
VP --> RB AUX NOT VP,0.000478243,0.000480098
VP --> RB COP,0.000704317,0.000704658
VP --> RB VB,0.0180016,0.018024
VP --> RB VB NP,0.00101732,0.000998417
VP --> RB VB NP PP,5.26888e-10,5.26773e-10
VP --> RB VB NP PRT,0.000114235,0.000114866
VP --> RB VB PP,0.00153356,0.00153848
VP --> RB VBD,0.00288437,0.0028452
VP --> RB VBD NP,0.000672009,0.000668331
VP --> RB VBD PP,0.000561164,0.000544571
VP --> RB VBD S,5.25893e-10,5.25813e-10
VP --> RB VBG,0.0110981,0.0110294
VP --> RB VBN,0.00522938,0.00528465
VP --> RB VBN PRT,0.00026409,0.000281698
VP --> RB VBP NP,0.000790574,0.000797229
VP --> TO ADVP VP,5.2423e-10,5.24145e-10
VP --> TO NP,0.00127085,0.00126878
VP --> TO S,5.24764e-10,5.24657e-10
VP --> TO VP,0.00392692,0.00398281
VP --> TO WHNP,5.24712e-10,5.24626e-10
VP --> VB ADJP,0.00238987,0.00230393
VP --> VB ADJP ADVP,5.27167e-10,5.26954e-10
VP --> VB ADJP PP,5.25167e-10,5.25104e-10
VP --> VB ADJP S,5.2475e-10,5.24654e-10
VP --> VB ADJP SBAR,5.26474e-10,5.26381e-10
VP --> VB ADVP,0.0272408,0.0281813
VP --> VB ADVP ADVP,1.0236e-05,5.25724e-10
VP --> VB ADVP ADVP SBAR,5.25412e-10,5.25295e-10
VP --> VB ADVP NP,5.25583e-10,5.25501e-10
VP --> VB ADVP PP,0.000563406,0.000581393
VP --> VB ADVP PP ADVP,5.25814e-10,5.25777e-10
VP --> VB ADVP PP PP,5.25892e-10,5.25842e-10
VP --> VB ADVP PP SBAR,5.27034e-10,5.27107e-10
VP --> VB ADVP S,5.25486e-10,5.25417e-10
VP --> VB ADVP SBAR,5.25892e-10,5.25813e-10
VP --> VB CC VB,0.00179723,0.00180131
VP --> VB CC VB NP,5.25851e-10,5.25775e-10
VP --> VB CC VP,0.000558498,0.000564114
VP --> VB FRAG,0.00131391,0.00127748
VP --> VB FRAG PP,5.25285e-10,5.25179e-10
VP --> VB IN,0.170707,0.170919
VP --> VB IN ADVP,0.00190724,0.00194981
VP --> VB IN PP,5.25478e-10,5.25394e-10
VP --> VB INTJ,5.26417e-10,5.26308e-10
VP --> VB INTJ NP,5.24744e-10,5.2465e-10
VP --> VB INTJ PP,5.24977e-10,5.24871e-10
VP --> VB NOT,5.25284e-10,5.25203e-10
VP --> VB NOT NP,5.24484e-10,5.24396e-10
VP --> VB NOT VP,5.24483e-10,5.24399e-10
VP --> VB NP,0.00895932,0.00910626
VP --> VB NP ADJP,5.25224e-10,5.25169e-10
VP --> VB NP ADJP ADVP,5.25267e-10,5.2518e-10
VP --> VB NP ADJP PP,5.25077e-10,5.25012e-10
VP --> VB NP ADJP SBAR,5.25639e-10,5.25583e-10
VP --> VB NP ADVP,5.25639e-10,5.25569e-10
VP --> VB NP ADVP ADVP,5.25078e-10,5.2503e-10
VP --> VB NP ADVP NP,5.25232e-10,5.25189e-10
VP --> VB NP ADVP PP,5.25369e-10,5.25294e-10
VP --> VB NP ADVP PRT,5.24921e-10,5.24801e-10
VP --> VB NP ADVP S,5.28246e-10,5.28364e-10
VP --> VB NP ADVP SBAR,5.26126e-10,5.26004e-10
VP --> VB NP FRAG,5.26203e-10,5.26099e-10
VP --> VB NP NP,5.25859e-10,5.25769e-10
VP --> VB NP NP ADVP,5.25137e-10,5.25069e-10
VP --> VB NP NP NP,5.25707e-10,5.25652e-10
VP --> VB NP NP PP,5.25384e-10,5.2532e-10
VP --> VB NP NP PRT,5.25362e-10,5.25256e-10
VP --> VB NP NP S,5.25695e-10,5.25683e-10
VP --> VB NP NP SBAR,5.25898e-10,5.25714e-10
VP --> VB NP PP,5.25761e-10,5.25674e-10
VP --> VB NP PP ADVP,5.2596e-10,5.25947e-10
VP --> VB NP PP NP,5.25377e-10,5.2531e-10
VP --> VB NP PP PP,5.25769e-10,5.25714e-10
VP --> VB NP PP PP ADVP,5.24788e-10,5.24719e-10
VP --> VB NP PP S,5.24888e-10,5.2481e-10
VP --> VB NP PP SBAR,5.25936e-10,5.25879e-10
VP --> VB NP PRT,5.25713e-10,5.25657e-10
VP --> VB NP PRT ADJP,5.2518e-10,5.2506e-10
VP --> VB NP PRT ADVP,5.26282e-10,5.26178e-10
VP --> VB NP PRT ADVP SBAR,5.26794e-10,5.27376e-10
VP --> VB NP PRT NP,5.25456e-10,5.25315e-10
VP --> VB NP PRT PP,5.25126e-10,5.25022e-10
VP --> VB NP PRT PP ADVP,5.24215e-10,5.24132e-10
VP --> VB NP PRT PP PP,5.24396e-10,5.24312e-10
VP --> VB NP PRT PP SBAR,5.2874e-10,5.28164e-10
VP --> VB NP PRT PRT,5.25879e-10,5.25765e-10
VP --> VB NP PRT S,5.24651e-10,5.24511e-10
VP --> VB NP PRT SBAR,5.24836e-10,5.24764e-10
VP --> VB NP S,5.25524e-10,5.25463e-10
VP --> VB NP SBAR,4.04189e-05,5.25757e-10
VP --> VB NP SBAR SBAR,5.25708e-10,5.25617e-10
VP --> VB NP SBARQ,5.24461e-10,5.24339e-10
VP --> VB NP VP,5.25042e-10,5.24935e-10
VP --> VB NP WHADVP,5.36304e-10,5.35397e-10
VP --> VB NP WHNP,5.24977e-10,5.24925e-10
VP --> VB PP,0.0307092,0.0304209
VP --> VB PP ADJP,5.2512e-10,5.25022e-10
VP --> VB PP ADVP,5.25558e-10,5.25452e-10
VP --> VB PP ADVP ADVP,5.24989e-10,5.24906e-10
VP --> VB PP ADVP PP,5.25544e-10,5.25479e-10
VP --> VB PP ADVP SBAR,5.30914e-10,5.30551e-10
VP --> VB PP NP,5.25362e-10,5.2526e-10
VP --> VB PP PP,5.25394e-10,5.25297e-10
VP --> VB PP PP ADVP,5.25222e-10,5.25117e-10
VP --> VB PP PP PP,5.25326e-10,5.25224e-10
VP --> VB PP PP SBAR,5.24864e-10,5.24803e-10
VP --> VB PP S,5.24879e-10,5.24782e-10
VP --> VB PP SBAR,0.000161957,0.000164042
VP --> VB PP VP,5.2487e-10,5.24794e-10
VP --> VB PRT,0.0101997,0.0104765
VP --> VB PRT ADVP,0.000390903,0.00053958
VP --> VB PRT NP,5.25475e-10,5.2538e-10
VP --> VB PRT NP ADVP,5.25093e-10,5.25008e-10
VP --> VB PRT NP PP,5.25198e-10,5.25158e-10
VP --> VB PRT NP SBAR,5.26637e-10,5.26537e-10
VP --> VB PRT PP,5.26011e-10,5.25901e-10
VP --> VB PRT PP ADVP,5.25392e-10,5.25281e-10
VP --> VB PRT S,5.26488e-10,5.26365e-10
VP --> VB PRT SBAR,5.27324e-10,5.2701e-10
VP --> VB PRT WHNP,5.24209e-10,5.24122e-10
VP --> VB S,5.2532e-10,5.25223e-10
VP --> VB S ADVP,5.25616e-10,5.25527e-10
VP --> VB S SBAR,5.24964e-10,5.24887e-10
VP --> VB SBAR,5.25806e-10,5.2573e-10
VP --> VB SBAR ADVP,5.25359e-10,5.25261e-10
VP --> VB SBAR SBAR,5.25716e-10,5.25609e-10
VP --> VB SBARQ,5.24978e-10,5.25008e-10
VP --> VB VB,0.0247082,0.024727
VP --> VB VB VB,5.24864e-10,5.24768e-10
VP --> VB VP,5.25768e-10,5.2568e-10
VP --> VB VP ADVP,5.25628e-10,5.2558e-10
VP --> VB WHADVP,0.000253082,0.000263563
VP --> VB WHNP,0.000290495,0.00030125
VP --> VB WHNP ADVP,5.24707e-10,5.24616e-10
VP --> VB WHNP NP VP,5.24285e-10,5.24202e-10
VP --> VB WHNP PP,5.24511e-10,5.24418e-10
VP --> VB WHNP PRT,5.24972e-10,5.24828e-10
VP --> VB WHNP VP,5.24606e-10,5.24527e-10
VP --> VBD ADJP,5.2586e-10,5.25778e-10
VP --> VBD ADJP SBAR,5.25094e-10,5.25017e-10
VP --> VBD ADVP,0.0335338,0.032885
VP --> VBD ADVP ADVP,0.000455241,0.000444601
VP --> VBD ADVP PP,0.0028038,0.00267628
VP --> VBD ADVP PP PP,5.25704e-10,5.25605e-10
VP --> VBD ADVP S,5.24968e-10,5.24875e-10
VP --> VBD ADVP SBAR,5.25324e-10,5.25261e-10
VP --> VBD ADVP VP,5.24916e-10,5.24842e-10
VP --> VBD FRAG,0.000193298,0.000201542
VP --> VBD INTJ,0.000186168,0.00018488
VP --> VBD NOT,3.885e-05,3.91691e-05
VP --> VBD NP,0.0225398,0.0223515
VP --> VBD NP ADJP,5.2509e-10,5.25001e-10
VP --> VBD NP ADVP,5.2562e-10,5.25541e-10
VP --> VBD NP ADVP ADVP,5.25216e-10,5.25142e-10
VP --> VBD NP ADVP PP,5.24787e-10,5.24713e-10
VP --> VBD NP ADVP SBAR,5.26097e-10,5.25956e-10
VP --> VBD NP NP,5.25257e-10,5.25159e-10
VP --> VBD NP NP ADVP,5.2526e-10,5.25213e-10
VP --> VBD NP NP PP,5.2473e-10,5.24648e-10
VP --> VBD NP NP S,5.2875e-10,5.28801e-10
VP --> VBD NP PP,0.00132852,0.00137325
VP --> VBD NP PP ADVP,5.25088e-10,5.25002e-10
VP --> VBD NP PP PP,5.25088e-10,5.24976e-10
VP --> VBD NP PP SBAR,5.26048e-10,5.25952e-10
VP --> VBD NP PRT,0.00119503,0.00102941
VP --> VBD NP PRT ADVP,5.25507e-10,5.25522e-10
VP --> VBD NP PRT NP,5.24897e-10,5.24838e-10
VP --> VBD NP PRT PP,5.24452e-10,5.24364e-10
VP --> VBD NP PRT PP PP,5.24172e-10,5.24085e-10
VP --> VBD NP PRT SBAR,5.24464e-10,5.24386e-10
VP --> VBD NP S,5.26644e-10,5.26573e-10
VP --> VBD NP SBAR,5.25299e-10,5.25223e-10
VP --> VBD NP VP,5.2484e-10,5.2475e-10
VP --> VBD PP,0.00328482,0.00320399
VP --> VBD PP ADVP,5.25307e-10,5.25234e-10
VP --> VBD PP NP,5.25497e-10,5.25418e-10
VP --> VBD PP PP,5.25124e-10,5.25046e-10
VP --> VBD PP PP PP,5.25034e-10,5.24909e-10
VP --> VBD PP S,5.255e-10,5.25391e-10
VP --> VBD PP SBAR,5.25611e-10,5.25497e-10
VP --> VBD PRT,0.00705839,0.00778564
VP --> VBD PRT ADVP,5.25498e-10,5.25532e-10
VP --> VBD PRT NP,5.25228e-10,5.25229e-10
VP --> VBD PRT PP,5.25856e-10,5.25944e-10
VP --> VBD S,0.000519475,0.000494062
VP --> VBD SBAR,5.25187e-10,5.25043e-10
VP --> VBD SBARQ,5.26008e-10,5.25705e-10
VP --> VBD VP,0.000265344,0.000264795
VP --> VBD WHNP,0.000174239,0.000170083
VP --> VBG ADJP,5.25307e-10,5.25218e-10
VP --> VBG ADJP ADVP,5.32374e-10,5.32432e-10
VP --> VBG ADJP PP,5.24603e-10,5.24545e-10
VP --> VBG ADVP,5.25726e-10,5.25629e-10
VP --> VBG ADVP ADVP,5.24888e-10,5.24832e-10
VP --> VBG ADVP PP,5.25351e-10,5.25317e-10
VP --> VBG ADVP S,5.24311e-10,5.24221e-10
VP --> VBG ADVP SBAR,5.24595e-10,5.2452e-10
VP --> VBG CC VBG,6.26467e-05,6.22567e-05
VP --> VBG FRAG,5.26363e-10,5.26309e-10
VP --> VBG INTJ,5.24568e-10,5.24471e-10
VP --> VBG NP,5.25303e-10,5.25217e-10
VP --> VBG NP ADJP,5.25178e-10,5.25117e-10
VP --> VBG NP ADVP,5.24716e-10,5.24649e-10
VP --> VBG NP ADVP PP,5.24515e-10,5.2445e-10
VP --> VBG NP NP,5.25589e-10,5.25493e-10
VP --> VBG NP PP,5.24964e-10,5.24921e-10
VP --> VBG NP PP ADVP,5.25517e-10,5.25543e-10
VP --> VBG NP PP PP,5.25223e-10,5.25185e-10
VP --> VBG NP PP SBAR,5.30001e-10,5.30608e-10
VP --> VBG NP PRT,5.25252e-10,5.25408e-10
VP --> VBG NP PRT ADVP,5.25399e-10,5.25521e-10
VP --> VBG NP PRT PP,5.24547e-10,5.24492e-10
VP --> VBG NP S,5.24933e-10,5.24896e-10
VP --> VBG NP SBAR,5.24692e-10,5.24627e-10
VP --> VBG PP,0.00188984,0.00186862
VP --> VBG PP ADVP,5.24888e-10,5.24803e-10
VP --> VBG PP ADVP ADVP,5.26074e-10,5.26084e-10
VP --> VBG PP PP,5.25219e-10,5.25149e-10
VP --> VBG PP PP ADVP,5.24548e-10,5.24652e-10
VP --> VBG PP PP PP,5.24432e-10,5.24376e-10
VP --> VBG PP S,5.24577e-10,5.24499e-10
VP --> VBG PP SBAR,5.24447e-10,5.24366e-10
VP --> VBG PRT,0.00112346,0.00117282
VP --> VBG PRT ADVP,5.25296e-10,5.25321e-10
VP --> VBG PRT NP,5.24779e-10,5.24795e-10
VP --> VBG PRT PP,5.26903e-10,5.27983e-10
VP --> VBG S,0.0125688,0.0124835
VP --> VBG SBAR,5.24802e-10,5.24718e-10
VP --> VBG VP,5.24579e-10,5.24491e-10
VP --> VBG WHADVP,5.24604e-10,5.24537e-10
VP --> VBG WHNP,5.2724e-10,5.27163e-10
VP --> VBN ADJP,0.000496298,0.000508021
VP --> VBN ADVP,0.00359484,0.00377651
VP --> VBN ADVP ADVP,5.25989e-10,5.25895e-10
VP --> VBN ADVP PP,5.2566e-10,5.25642e-10
VP --> VBN FRAG,0.000303031,0.000298949
VP --> VBN NP,0.00177531,0.00193436
VP --> VBN NP ADVP,5.2547e-10,5.25425e-10
VP --> VBN NP ADVP PP,5.2463e-10,5.24586e-10
VP --> VBN NP NP,5.25127e-10,5.25063e-10
VP --> VBN NP PP,5.25405e-10,5.25376e-10
VP --> VBN NP PP ADVP,5.2559e-10,5.25737e-10
VP --> VBN NP PP PP,5.26498e-10,5.26676e-10
VP --> VBN NP PRT,5.25577e-10,5.25699e-10
VP --> VBN NP PRT ADVP,5.26962e-10,5.27077e-10
VP --> VBN NP PRT PP,5.26978e-10,5.27285e-10
VP --> VBN NP SBAR,5.25469e-10,5.25385e-10
VP --> VBN PP,0.00815198,0.00816414
VP --> VBN PP ADVP,5.25562e-10,5.25469e-10
VP --> VBN PP PP,0.000144692,0.000159162
VP --> VBN PRT,0.00187856,0.00178671
VP --> VBN PRT ADVP,5.25961e-10,5.25991e-10
VP --> VBN PRT NP,5.26442e-10,5.26407e-10
VP --> VBN PRT PP,0.000132571,0.000137809
VP --> VBN S,0.0024412,0.00244075
VP --> VBN SBAR,5.25633e-10,5.25555e-10
VP --> VBN VP,0.000140266,0.000139923
VP --> VBN WHNP,3.91474e-05,4.12875e-05
VP --> VBP ADJP,0.000659809,0.000673459
VP --> VBP ADJP PP,5.24755e-10,5.24674e-10
VP --> VBP ADVP,0.0249068,0.0242178
VP --> VBP ADVP ADVP,5.2564e-10,5.25564e-10
VP --> VBP ADVP PP,0.000645018,0.000587856
VP --> VBP ADVP SBAR,5.25796e-10,5.25694e-10
VP --> VBP FRAG,0.000917593,0.000979762
VP --> VBP INTJ,0.00306512,0.00303995
VP --> VBP NOT,7.38437e-05,7.37494e-05
VP --> VBP NP,0.0981926,0.0984909
VP --> VBP NP ADJP,5.25366e-10,5.25278e-10
VP --> VBP NP ADJP ADVP,5.25677e-10,5.25632e-10
VP --> VBP NP ADVP,5.25612e-10,5.25533e-10
VP --> VBP NP ADVP PP,5.25735e-10,5.25633e-10
VP --> VBP NP ADVP SBAR,5.27752e-10,5.2753e-10
VP --> VBP NP NP,5.25901e-10,5.25846e-10
VP --> VBP NP PP,5.25653e-10,5.25574e-10
VP --> VBP NP PP ADVP,5.26066e-10,5.26054e-10
VP --> VBP NP PP PP,5.25707e-10,5.25634e-10
VP --> VBP NP PP SBAR,5.25153e-10,5.25081e-10
VP --> VBP NP PRT,5.25656e-10,5.25689e-10
VP --> VBP NP PRT ADVP,5.25864e-10,5.25877e-10
VP --> VBP NP PRT PP,5.25519e-10,5.25462e-10
VP --> VBP NP S,5.25905e-10,5.25848e-10
VP --> VBP NP SBAR,0.000436098,0.000492843
VP --> VBP NP VP,5.25382e-10,5.25298e-10
VP --> VBP PP,5.25441e-10,5.25352e-10
VP --> VBP PP ADVP,5.25438e-10,5.25342e-10
VP --> VBP PP PP,5.24965e-10,5.24885e-10
VP --> VBP PP S,5.24755e-10,5.24649e-10
VP --> VBP PP SBAR,5.24986e-10,5.24899e-10
VP --> VBP PRT,5.25373e-10,5.25349e-10
VP --> VBP PRT ADVP,5.25205e-10,5.25169e-10
VP --> VBP PRT NP,5.24758e-10,5.24713e-10
VP --> VBP PRT PP,5.25612e-10,5.25528e-10
VP --> VBP S,0.0151702,0.0149712
VP --> VBP SBAR,0.00296367,0.00297026
VP --> VBP VP,0.00111062,0.00111651
VP --> VBP WHADVP,0.00131426,0.00132011
VP --> VBP WHNP,0.0141459,0.014128
VP --> VBZ ADJP,0.000796445,0.000721175
VP --> VBZ ADJP ADVP,5.25544e-10,5.25484e-10
VP --> VBZ ADJP PP,5.25438e-10,5.25383e-10
VP --> VBZ ADVP,0.0249918,0.0244051
VP --> VBZ ADVP ADVP,5.25547e-10,5.25461e-10
VP --> VBZ ADVP NP,5.25436e-10,5.2534e-10
VP --> VBZ ADVP PP,0.00114146,0.00113841
VP --> VBZ FRAG,5.25316e-10,5.25225e-10
VP --> VBZ INTJ,5.34031e-05,5.11607e-05
VP --> VBZ NOT,5.24448e-10,5.24359e-10
VP --> VBZ NP,0.0113032,0.0111586
VP --> VBZ NP ADJP,5.2539e-10,5.25296e-10
VP --> VBZ NP ADVP,5.25475e-10,5.25399e-10
VP --> VBZ NP NP,5.26652e-10,5.26516e-10
VP --> VBZ NP PP,5.25417e-10,5.25366e-10
VP --> VBZ NP PP ADVP,5.24883e-10,5.24834e-10
VP --> VBZ NP PRT,5.25458e-10,5.25576e-10
VP --> VBZ NP S,5.25805e-10,5.25759e-10
VP --> VBZ NP SBAR,5.25419e-10,5.2532e-10
VP --> VBZ NP VP,5.2483e-10,5.24743e-10
VP --> VBZ PP,0.00933904,0.00926369
VP --> VBZ PP ADVP,5.25128e-10,5.25037e-10
VP --> VBZ PP PP,5.24954e-10,5.24868e-10
VP --> VBZ PP SBAR,5.25077e-10,5.24976e-10
VP --> VBZ PRT,0.002491,0.00263474
VP --> VBZ PRT NP,5.26961e-10,5.26664e-10
VP --> VBZ PRT PP,5.25772e-10,5.25682e-10
VP --> VBZ S,0.0177978,0.0176071
VP --> VBZ SBAR,5.25269e-10,5.25231e-10
VP --> VBZ VP,5.27134e-10,5.27026e-10
VP --> VBZ WHNP,5.25539e-10,5.25464e-10
VP --> VP CC ADVP VP,5.28401e-10,5.28147e-10
VP --> VP CC NP,0.000287597,0.000235759
VP --> VP CC VP,0.00319239,0.00320338
VP --> VP CC VP ADVP,5.25931e-10,5.25827e-10
VP --> VP CC VP CC VP,5.27129e-10,5.27023e-10
VP --> VP NP,5.25501e-10,5.25417e-10
VP --> VP VP,5.24919e-10,5.24836e-10
WHADJP --> WP JJ,1.41554e-06,1.53257e-06
WHADJP --> WRB JJ,0.999999,0.999998
WHADVP --> RB WRB,0.0154565,0.0151538
WHADVP --> WRB IN,0.00344883,0.00347136
WHADVP --> WRB IN NP,6.6508e-09,6.64273e-09
WHADVP --> WRB JJ,6.65884e-09,6.65067e-09
WHADVP --> WRB NOT,6.66099e-09,6.65311e-09
WHADVP --> WRB PP,6.65395e-09,6.64594e-09
WHADVP --> WRB RB,0.0426666,0.0431427
WHADVP --> WRB RB RB,6.65614e-09,6.64845e-09
WHADVP --> WRB VB,0.938428,0.938232
WHNP --> ADJP NN,9.33477e-09,9.33834e-09
WHNP --> ADJP NNS,9.34777e-09,9.35143e-09
WHNP --> CD WP,0.0538729,0.053836
WHNP --> DT JJ WP,9.34352e-09,9.34702e-09
WHNP --> DT JJR WP,9.32402e-09,9.32767e-09
WHNP --> DT WP,9.34764e-09,9.35054e-09
WHNP --> JJ WP,0.00730196,0.00733867
WHNP --> JJR WP,0.000205375,0.000205456
WHNP --> NNP WP,0.0565247,0.0565567
WHNP --> NP WP,0.0691252,0.0694721
WHNP --> PRP$ WP,0.00887699,0.00888539
WHNP --> RB WP,0.0631478,0.0637196
WHNP --> WDT JJ NN,9.34445e-09,9.34858e-09
WHNP --> WDT JJ NNS,9.34811e-09,9.35211e-09
WHNP --> WDT NN,0.206843,0.207888
WHNP --> WDT NN NN,9.35311e-09,9.35727e-09
WHNP --> WDT NN PP,0.00721164,0.00692596
WHNP --> WDT NNS,0.0088591,0.00936896
WHNP --> WDT NP,9.35133e-09,9.35496e-09
WHNP --> WHADJP JJ NNS,0.000622699,0.000623445
WHNP --> WHADJP NNS,9.35255e-09,9.35621e-09
WHNP --> WHNP NP,9.33803e-09,9.34165e-09
WHNP --> WHNP PP,9.33748e-09,9.34106e-09
WHNP --> WP ADVP,9.3498e-09,9.35351e-09
WHNP --> WP DT JJ NN,9.33602e-09,9.33971e-09
WHNP --> WP IN,0.00371117,0.00367768
WHNP --> WP JJ NN,9.34066e-09,9.34459e-09
WHNP --> WP JJ NNS,9.3392e-09,9.34259e-09
WHNP --> WP NN,0.0759222,0.0757294
WHNP --> WP NN NN,9.34832e-09,9.35248e-09
WHNP --> WP NN NNS,9.32778e-09,9.33141e-09
WHNP --> WP NN PP,9.34808e-09,9.35179e-09
WHNP --> WP NNS,0.00851901,0.00820389
WHNP --> WP NP,0.269697,0.268435
WHNP --> WP PP,9.3336e-09,9.33726e-09
WHNP --> WP RB,0.111946,0.111523
WHNP --> WP SBAR,9.35766e-09,9.36213e-09
WHNP --> WP WP,0.0130634,0.0130948
WHNP --> WP$ NN,0.00584341,0.00584651
WHNP --> WP$ NNS,0.000813733,0.000813242
WHNP --> WRB JJ,9.34837e-09,9.35199e-09
WHNP --> WRB JJ NN,9.34039e-09,9.34433e-09
WHNP --> WRB JJ NNS,0.011712,0.0116524
WHNP --> WRB JJ PP,9.39463e-09,9.39646e-09
WHNP --> WRB PP,0.0161804,0.0162029
WHPP --> IN WHADVP,0.499586,0.499576
WHPP --> IN WHNP,0.500414,0.500424
ASP --> ing,1.0,1.0
AUX --> 'd,0.00381874,0.00378264
AUX --> 'll,1.92062e-09,1.92009e-09
AUX --> 'm,0.00452243,0.00445541
AUX --> 're,1.9152e-09,1.91474e-09
AUX --> 's,1.91591e-09,1.91543e-09
AUX --> 've,1.91635e-09,1.91576e-09
AUX --> a,1.91302e-09,1.91255e-09
AUX --> ai,0.000553338,0.0005532
AUX --> am,0.00223161,0.00222955
AUX --> are,0.0781024,0.0783215
AUX --> be,0.00732737,0.00732041
AUX --> been,1.92622e-09,1.92546e-09
AUX --> d',1.91104e-09,1.91056e-09
AUX --> did,0.178689,0.178604
AUX --> do,0.40715,0.407079
AUX --> does,0.0684317,0.0684023
AUX --> done,1.91291e-09,1.91264e-09
AUX --> get,0.0217661,0.0218118
AUX --> got,0.00945534,0.00947986
AUX --> had,0.00316218,0.00316894
AUX --> has,0.0123912,0.0124026
AUX --> have,0.0590816,0.0592227
AUX --> is,0.100573,0.100407
AUX --> need,1.92221e-09,1.92191e-09
AUX --> not,0.000407801,0.000496685
AUX --> of,1.91641e-09,1.91602e-09
AUX --> to,0.00750914,0.0075322
AUX --> was,0.0232326,0.0231512
AUX --> were,0.0115951,0.0115794
CC --> a,0.000171315,0.000169814
CC --> although,0.00020753,0.000207816
CC --> an,0.00122553,0.00124419
CC --> and,0.659881,0.659922
CC --> but,0.0582723,0.0587993
CC --> cause,0.00566745,0.00566425
CC --> either,0.00337393,0.00336982
CC --> except,0.00244659,0.0024457
CC --> for,0.0994438,0.0983391
CC --> neither,4.22327e-09,4.23222e-09
CC --> nor,8.91944e-05,8.92564e-05
CC --> or,0.115631,0.115712
CC --> otherwise,0.00118706,0.00118957
CC --> plus,0.000894178,0.000894671
CC --> so,0.0301568,0.0305247
CC --> then,0.010331,0.0103858
CC --> though,0.00441715,0.00442196
CC --> unless,0.000889934,0.000912955
CC --> yet,0.00571405,0.00570728
CD --> dozen,0.00544387,0.00544492
CD --> eight,0.0262182,0.0262336
CD --> eighteen,0.00165509,0.0016554
CD --> eighteenth,1.88043e-08,1.88077e-08
CD --> eighty,0.0086074,0.008609
CD --> eleven,0.00928699,0.0092642
CD --> fifteen,0.00670968,0.00671093
CD --> fifteenth,1.88043e-08,1.88077e-08
CD --> fifth,0.000521426,0.00052077
CD --> fifty,0.0048124,0.00481329
CD --> five,0.0702903,0.0702609
CD --> forty,0.00354811,0.00354877
CD --> four,0.0709113,0.0708973
CD --> fourteen,0.00228516,0.00228558
CD --> fourth,0.000621832,0.000618772
CD --> half,1.88187e-08,1.88222e-08
CD --> hundred,0.00607719,0.00607832
CD --> million,0.00102805,0.00102824
CD --> nine,0.0214912,0.0214544
CD --> nineteen,0.00651711,0.00651739
CD --> nineteenth,0.000414191,0.000414268
CD --> ninety,0.00228516,0.00228558
CD --> ninety-seven,1.88043e-08,1.88077e-08
CD --> ninth,0.00102803,0.00102822
CD --> oh,0.137171,0.137131
CD --> one,0.049531,0.0494739
CD --> second,1.88145e-08,1.8818e-08
CD --> seven,0.0225596,0.0225592
CD --> seventeen,0.00291623,0.00291677
CD --> seventh,1.8808e-08,1.88115e-08
CD --> seventy,0.00418016,0.00418094
CD --> six,0.0375857,0.0375498
CD --> sixteen,0.000414191,0.000414268
CD --> sixty,0.00228516,0.00228558
CD --> ten,0.0298797,0.029867
CD --> tenth,0.00165506,0.00165536
CD --> third,0.000386827,0.000387267
CD --> thirteen,0.00228516,0.00228558
CD --> thirty,0.0231595,0.0231638
CD --> thousand,0.00494324,0.00494477
CD --> three,0.121317,0.121344
CD --> triple,0.000414191,0.000414268
CD --> twelve,0.0060257,0.00602981
CD --> twenty,0.0252931,0.0252833
CD --> two,0.27628,0.276477
CD --> zero,0.00196476,0.00196688
COMP --> 'll,1.82698e-08,1.83402e-08
COMP --> about,1.83068e-08,1.8379e-08
COMP --> after,0.0224656,0.0225568
COMP --> although,1.83142e-08,1.8388e-08
COMP --> as,0.0112168,0.0118342
COMP --> because,0.16967,0.168132
COMP --> before,0.0237678,0.0243462
COMP --> besides,0.00209852,0.00223271
COMP --> but,0.0780302,0.0765294
COMP --> cause,1.83289e-08,1.84016e-08
COMP --> except,1.8322e-08,1.83893e-08
COMP --> for,1.82974e-08,1.83685e-08
COMP --> from,0.00900306,0.00955882
COMP --> if,0.317491,0.321482
COMP --> instead,1.83929e-08,1.84666e-08
COMP --> just,1.83007e-08,1.83703e-08
COMP --> like,1.82811e-08,1.83523e-08
COMP --> long,1.82609e-08,1.83316e-08
COMP --> of,0.00279952,0.00362485
COMP --> once,0.00298671,0.00295583
COMP --> other,1.85408e-08,1.86092e-08
COMP --> since,1.82921e-08,1.8364e-08
COMP --> so,0.057576,0.0576353
COMP --> than,1.82781e-08,1.83494e-08
COMP --> that,1.83052e-08,1.83771e-08
COMP --> then,0.163496,0.162648
COMP --> though,1.82579e-08,1.83286e-08
COMP --> til,1.83434e-08,1.84176e-08
COMP --> till,1.85664e-08,1.86346e-08
COMP --> unless,0.00410283,0.00401739
COMP --> until,0.0175701,0.0177514
COMP --> untill,1.82931e-08,1.83644e-08
COMP --> well,0.0551474,0.0510269
COMP --> whether,0.0108098,0.0108516
COMP --> while,0.0219172,0.0227334
COMP --> with,0.0298514,0.0300826
COMP --> without,1.83512e-08,1.8416e-08
COP --> 'm,0.114775,0.11442
COP --> 're,0.282439,0.282005
COP --> 's,0.342054,0.342428
COP --> 've,0.0442003,0.0439898
COP --> ai,4.35306e-09,4.33388e-09
COP --> am,0.0025624,0.00255453
COP --> are,0.0105516,0.0105144
COP --> be,0.0743087,0.0744647
COP --> been,0.00884324,0.00885724
COP --> had,4.36586e-09,4.34647e-09
COP --> has,0.00296008,0.00305851
COP --> have,4.36379e-09,4.34482e-09
COP --> is,0.00920947,0.00955492
COP --> need,4.35863e-09,4.33955e-09
COP --> s,0.00239208,0.0023743
COP --> this,4.35357e-09,4.33441e-09
COP --> was,0.0672638,0.0673485
COP --> were,0.038441,0.0384307
DIV --> s,1.0,1.0
DT --> 'll,0.0205469,0.0205432
DT --> a,0.288386,0.288335
DT --> ail,1.55707e-05,1.55731e-05
DT --> all,0.00283745,0.00285735
DT --> an,0.0134686,0.0134675
DT --> and,0.0404723,0.0405513
DT --> another,0.0116788,0.0116787
DT --> any,0.0126611,0.0126601
DT --> anymore,7.07737e-10,7.0785e-10
DT --> both,0.000641039,0.000637603
DT --> each,0.000287053,0.000289783
DT --> either,0.000177827,0.000177469
DT --> every,0.00173607,0.00173486
DT --> few,7.09163e-10,7.09296e-10
DT --> four,0.000194078,0.000195028
DT --> good,7.0869e-10,7.08795e-10
DT --> her,0.0200869,0.0200651
DT --> here,0.00216522,0.00217602
DT --> neither,7.12689e-10,7.12793e-10
DT --> no,0.00756861,0.00755957
DT --> none,7.07301e-10,7.07406e-10
DT --> one,0.00881718,0.00881551
DT --> other,0.000117333,0.000114157
DT --> some,0.0295791,0.0295793
DT --> such,3.60056e-05,3.61488e-05
DT --> that,0.0390205,0.0389721
DT --> the,0.410754,0.41079
DT --> them,0.00123401,0.00135341
DT --> there,0.00208853,0.00209893
DT --> these,0.0109502,0.0109453
DT --> this,0.0533098,0.0532421
DT --> those,0.0162047,0.0161917
DT --> which,0.00496493,0.00491688
EX --> here,0.2,0.2
EX --> it,0.2,0.2
EX --> there,0.2,0.2
EX --> this,0.2,0.2
EX --> well,0.2,0.2
FW --> grandma,0.5,0.5
FW --> me,0.5,0.5
IN --> 'll,0.000143655,0.000141147
IN --> a,0.0213281,0.0214298
IN --> about,0.0113638,0.0114123
IN --> above,0.000151402,0.000151205
IN --> across,0.000507605,0.000506441
IN --> after,0.00189857,0.00189386
IN --> against,0.000446849,0.000446268
IN --> ago,0.000325028,0.000328001
IN --> along,0.000305459,0.000333963
IN --> although,2.47028e-05,2.46378e-05
IN --> aroun,2.15025e-05,2.14746e-05
IN --> around,0.00469605,0.00470797
IN --> as,0.00250951,0.00249921
IN --> at,0.036139,0.036127
IN --> away,0.00265231,0.00265485
IN --> back,0.00503616,0.00525101
IN --> because,0.00111752,0.001092
IN --> before,0.00138427,0.00138193
IN --> behind,0.000617438,0.000624443
IN --> beside,0.000676759,0.000675879
IN --> besides,0.000159198,0.000149252
IN --> between,0.000264205,0.000259628
IN --> beyond,2.15025e-05,2.14746e-05
IN --> but,0.00116903,0.00115731
IN --> by,0.00308027,0.00306464
IN --> cause,9.80433e-10,9.79164e-10
IN --> down,0.0158619,0.0159708
IN --> during,0.000217011,0.000216729
IN --> except,0.000280358,0.000280885
IN --> for,0.0542618,0.0540812
IN --> from,0.0154898,0.0154419
IN --> if,0.0123853,0.0122288
IN --> in,0.109793,0.109932
IN --> inside,0.00342508,0.00343293
IN --> instead,0.000177727,0.000177216
IN --> into,0.00442151,0.00441576
IN --> it,0.0519934,0.0518381
IN --> like,0.0185101,0.0185844
IN --> minus,9.76214e-10,9.74945e-10
IN --> near,0.000621335,0.000624066
IN --> next,0.00095154,0.000951744
IN --> o,2.15025e-05,2.14746e-05
IN --> o',9.76214e-10,9.74945e-10
IN --> of,0.0774713,0.0773363
IN --> off,0.00796311,0.00792279
IN --> on,0.0886796,0.0883346
IN --> once,0.000429835,0.000426804
IN --> onto,0.000414008,0.00041347
IN --> order,9.78335e-10,9.7708e-10
IN --> out,0.0162903,0.0165491
IN --> outside,0.00214439,0.00214035
IN --> over,0.0136043,0.0138635
IN --> past,0.000282982,0.000285034
IN --> per,5.33707e-05,5.33013e-05
IN --> round,0.000250335,0.000250458
IN --> since,0.000578314,0.000579849
IN --> so,0.00411686,0.00408671
IN --> than,0.00346017,0.00345977
IN --> that,0.0421813,0.0421922
IN --> then,0.000104772,0.0001026
IN --> though,0.00104114,0.00104367
IN --> through,0.00289927,0.0028942
IN --> til,8.59214e-05,8.58097e-05
IN --> till,0.000381162,0.000380667
IN --> to,0.205225,0.205178
IN --> too,0.00239248,0.00238922
IN --> top,6.80532e-05,6.77796e-05
IN --> toward,0.000282661,0.000282294
IN --> towards,8.59231e-05,8.58114e-05
IN --> under,0.00253353,0.00254301
IN --> underneath,9.80381e-10,9.79112e-10
IN --> unless,1.03418e-09,1.03393e-09
IN --> until,0.00192469,0.00191614
IN --> untill,0.000611067,0.000610273
IN --> up,0.0265102,0.0269438
IN --> upon,2.15025e-05,2.14746e-05
IN --> upstairs,0.00100008,0.000997063
IN --> when,0.0318917,0.0318572
IN --> which,6.4353e-05,6.51825e-05
IN --> while,0.000778092,0.00074548
IN --> with,0.0784698,0.078087
IN --> within,2.15025e-05,2.14746e-05
IN --> without,0.00123516,0.00123356
JJ --> aberrant,2.08641e-05,2.08277e-05
JJ --> able,0.000816021,0.0008146
JJ --> abnormal,5.1786e-05,5.16958e-05
JJ --> active,9.47227e-10,9.45578e-10
JJ --> addictive,2.08641e-05,2.08277e-05
JJ --> adorable,2.08641e-05,2.08277e-05
JJ --> afraid,0.00148535,0.00148276
JJ --> aggressive,2.08641e-05,2.08277e-05
JJ --> agreeable,2.08641e-05,2.08277e-05
JJ --> airplane,9.49231e-10,9.47552e-10
JJ --> alike,0.000369849,0.000369205
JJ --> alive,0.000210567,0.000210201
JJ --> all,0.00342884,0.00340269
JJ --> alone,0.0010973,0.00109849
JJ --> alphabet,9.48909e-10,9.47216e-10
JJ --> alright,0.000765235,0.000761769
JJ --> american,2.08631e-05,2.08267e-05
JJ --> angry,0.000688535,0.000687336
JJ --> animal,9.51394e-05,9.32961e-05
JJ --> another,9.4982e-10,9.4816e-10
JJ --> antique,2.08641e-05,2.08277e-05
JJ --> anxious,2.08641e-05,2.08277e-05
JJ --> any,9.4903e-10,9.47375e-10
JJ --> apple,0.000631897,0.000626759
JJ --> appropriate,2.08641e-05,2.08277e-05
JJ --> apt,2.08641e-05,2.08277e-05
JJ --> aqua,9.47227e-10,9.45578e-10
JJ --> art,0.00018262,0.000181609
JJ --> artistic,2.08641e-05,2.08277e-05
JJ --> asleep,0.000621967,0.000617888
JJ --> astronaut,2.08493e-05,2.08128e-05
JJ --> attractive,2.08641e-05,2.08277e-05
JJ --> au_gratinfra,2.08641e-05,2.08277e-05
JJ --> automatic,2.08641e-05,2.08277e-05
JJ --> awake,0.000306125,0.000305592
JJ --> aware,2.08641e-05,2.08277e-05
JJ --> away,0.00516803,0.00515966
JJ --> awesome,9.47227e-10,9.45578e-10
JJ --> awful,0.0012984,0.00129492
JJ --> baby,0.00597024,0.00595969
JJ --> back,0.00211725,0.00216094
JJ --> backward,0.000210566,0.0002102
JJ --> backwards,0.000606927,0.000604999
JJ --> bad,0.00353413,0.00352861
JJ --> baggy,5.17855e-05,5.16953e-05
JJ --> bald,8.33718e-05,8.32266e-05
JJ --> baldie,5.17849e-05,5.16947e-05
JJ --> ball,9.48849e-10,9.47211e-10
JJ --> band,9.48126e-10,9.4648e-10
JJ --> bare,2.08641e-05,2.08277e-05
JJ --> barefoot,9.50624e-10,9.48863e-10
JJ --> bashful,9.47227e-10,9.45578e-10
JJ --> basic,2.08641e-05,2.08277e-05
JJ --> bathtime,9.51966e-10,9.50227e-10
JJ --> beautiful,0.00291965,0.00291457
JJ --> bedtime,0.00021808,0.000215743
JJ --> beige,9.47227e-10,9.45578e-10
JJ --> believe,9.49515e-10,9.47834e-10
JJ --> bendable,2.08641e-05,2.08277e-05
JJ --> bent,8.58197e-05,8.554e-05
JJ --> better,0.0049341,0.00492418
JJ --> big,0.0390189,0.0389412
JJ --> bitsy,5.1782e-05,5.16918e-05
JJ --> bitsy_bitsy,9.47227e-10,9.45578e-10
JJ --> bitter,2.08641e-05,2.08277e-05
JJ --> bitty,2.08641e-05,2.08277e-05
JJ --> black,0.00319781,0.00319094
JJ --> blind,5.1786e-05,5.16958e-05
JJ --> blonde,8.33697e-05,8.32246e-05
JJ --> bloody,2.08641e-05,2.08277e-05
JJ --> blue,0.00554892,0.00553987
JJ --> born,0.000210567,0.000210201
JJ --> botanical,2.08641e-05,2.08277e-05
JJ --> both,0.000448238,0.000453766
JJ --> bottom,0.000319773,0.000318046
JJ --> bouncy,2.08641e-05,2.08277e-05
JJ --> boy,9.49501e-10,9.47835e-10
JJ --> brab,2.08641e-05,2.08277e-05
JJ --> brand,9.48289e-10,9.46643e-10
JJ --> brave,8.33718e-05,8.32266e-05
JJ --> breakfast,9.49881e-10,9.4824e-10
JJ --> bright,0.000561053,0.000560076
JJ --> brighter,2.08641e-05,2.08277e-05
JJ --> brilliant,9.47227e-10,9.45578e-10
JJ --> brittle,5.1786e-05,5.16958e-05
JJ --> broke,0.00182983,0.00182739
JJ --> broken,0.00247342,0.00246911
JJ --> brother,9.50569e-10,9.48899e-10
JJ --> brown,0.00206278,0.00205791
JJ --> brownish,2.08641e-05,2.08277e-05
JJ --> built,0.000306122,0.000305589
JJ --> bullet,9.47227e-10,9.45578e-10
JJ --> bumpy,2.08641e-05,2.08277e-05
JJ --> bunk,8.33716e-05,8.32264e-05
JJ --> bunny,0.000551367,0.000561126
JJ --> burnt,0.00011511,0.00011491
JJ --> bushy,2.08641e-05,2.08277e-05
JJ --> busy,0.00154909,0.0015464
JJ --> buttery,2.08641e-05,2.08277e-05
JJ --> buy,0.000252425,0.000260498
JJ --> byebye,0.000258088,0.000257594
JJ --> canadian,5.17855e-05,5.16954e-05
JJ --> car,0.00014044,0.000139656
JJ --> careful,0.00368462,0.0036782
JJ --> careless,2.08641e-05,2.08277e-05
JJ --> carriage,9.49326e-10,9.4766e-10
JJ --> center,0.000115109,0.000114908
JJ --> certain,0.000146906,0.00014665
JJ --> chatty,5.17829e-05,5.16927e-05
JJ --> cheap,8.33718e-05,8.32266e-05
JJ --> cherry,9.48958e-10,9.47298e-10
JJ --> chewy,0.00011511,0.00011491
JJ --> chilly,9.47227e-10,9.45578e-10
JJ --> chinese,0.00036985,0.000369206
JJ --> chocolate,0.000294169,0.000295669
JJ --> church,0.000147121,0.000145369
JJ --> circus,9.50266e-10,9.48598e-10
JJ --> clean,0.00279556,0.00279131
JJ --> clear,0.000433572,0.000432817
JJ --> clever,0.00036985,0.000369206
JJ --> close,0.00126727,0.0012721
JJ --> clown,9.50451e-10,9.4878e-10
JJ --> cold,0.00342246,0.00341536
JJ --> collie,0.000294148,0.000293956
JJ --> colonial,9.47227e-10,9.45578e-10
JJ --> color,0.00721633,0.00718455
JJ --> comforble,9.47227e-10,9.45578e-10
JJ --> comfortable,0.00011511,0.00011491
JJ --> comfy,9.47227e-10,9.45578e-10
JJ --> company,9.50866e-10,9.49276e-10
JJ --> complete,8.33718e-05,8.32266e-05
JJ --> consistent,2.08641e-05,2.08277e-05
JJ --> constant,2.08641e-05,2.08277e-05
JJ --> content,2.08641e-05,2.08277e-05
JJ --> convenient,9.47227e-10,9.45578e-10
JJ --> cool,0.000889005,0.000887599
JJ --> cooperative,5.1786e-05,5.16958e-05
JJ --> correct,2.08641e-05,2.08277e-05
JJ --> cotton,0.000495907,0.0004974
JJ --> couple,0.000357469,0.000351934
JJ --> courage,9.5025e-10,9.48602e-10
JJ --> cousin,9.49707e-10,9.48047e-10
JJ --> cow,9.49818e-10,9.48167e-10
JJ --> cozy,2.08641e-05,2.08277e-05
JJ --> cranky,0.000306126,0.000305593
JJ --> crazy,0.00057521,0.000572441
JJ --> creamy,2.08641e-05,2.08277e-05
JJ --> creative,9.47227e-10,9.45578e-10
JJ --> crib,9.49875e-10,9.48198e-10
JJ --> crinkly,5.1786e-05,5.16958e-05
JJ --> cross,9.50022e-10,9.48379e-10
JJ --> crumbly,5.1786e-05,5.16958e-05
JJ --> crummy,2.08641e-05,2.08277e-05
JJ --> cuckoo,8.33718e-05,8.32266e-05
JJ --> cuddly,0.000270798,0.000270916
JJ --> curious,9.49454e-10,9.47721e-10
JJ --> curly,0.000146906,0.00014665
JJ --> cut,0.000687365,0.000680279
JJ --> cute,0.00400336,0.00399639
JJ --> cutest,0.000146903,0.000146647
JJ --> cutie,9.56208e-10,9.54723e-10
JJ --> daddy,0.000412848,0.000405103
JJ --> daily,9.47227e-10,9.45578e-10
JJ --> damn,2.11066e-05,2.10146e-05
JJ --> dangerous,0.000337987,0.000337399
JJ --> dark,0.000711037,0.000713613
JJ --> darn,0.00011511,0.000114909
JJ --> daytime,9.47532e-10,9.45878e-10
JJ --> dead,9.49624e-10,9.47968e-10
JJ --> deaf,2.08641e-05,2.08277e-05
JJ --> dear,9.50336e-10,9.48676e-10
JJ --> deep,0.000210566,0.0002102
JJ --> definite,5.1786e-05,5.16958e-05
JJ --> definitive,2.08641e-05,2.08277e-05
JJ --> delectable,9.47227e-10,9.45578e-10
JJ --> delicate,8.33718e-05,8.32266e-05
JJ --> delicious,0.000752277,0.000750968
JJ --> delightful,2.08641e-05,2.08277e-05
JJ --> dense,9.47227e-10,9.45578e-10
JJ --> desperate,2.08641e-05,2.08277e-05
JJ --> devilish,2.08641e-05,2.08277e-05
JJ --> devious,9.47227e-10,9.45578e-10
JJ --> dickory,2.08641e-05,2.08277e-05
JJ --> diesel,2.08641e-05,2.08277e-05
JJ --> diet,0.000401713,0.000401013
JJ --> different,0.00457708,0.00456911
JJ --> difficult,2.08641e-05,2.08277e-05
JJ --> dim,2.08641e-05,2.08277e-05
JJ --> dingdong,9.85133e-10,9.83103e-10
JJ --> dingy,9.47227e-10,9.45578e-10
JJ --> dirty,0.00360632,0.00359832
JJ --> dizzy,0.000178729,0.000178418
JJ --> doggy,9.49383e-10,9.47718e-10
JJ --> doll,0.00310669,0.00309988
JJ --> dolly,9.49299e-10,9.47662e-10
JJ --> done,0.00430697,0.00430411
JJ --> double,0.000146906,0.00014665
JJ --> down,0.00424336,0.00426144
JJ --> drippy,2.08641e-05,2.08277e-05
JJ --> drooly,5.1786e-05,5.16958e-05
JJ --> drowsy,9.47227e-10,9.45578e-10
JJ --> drunk,0.00011511,0.00011491
JJ --> drunken,2.08641e-05,2.08277e-05
JJ --> dry,0.00108135,0.0010793
JJ --> due,2.08641e-05,2.08277e-05
JJ --> dumb,8.33718e-05,8.32266e-05
JJ --> dusty,2.08641e-05,2.08277e-05
JJ --> dutch,8.33706e-05,8.32255e-05
JJ --> early,0.00100903,0.00101066
JJ --> easy,0.00124408,0.00124236
JJ --> eaten,0.000254229,0.000253253
JJ --> edible,2.08641e-05,2.08277e-05
JJ --> eighth,9.49435e-10,9.47796e-10
JJ --> elbow,9.50701e-10,9.49055e-10
JJ --> electric,8.33718e-05,8.32266e-05
JJ --> electrical,5.1786e-05,5.16958e-05
JJ --> electronic,2.08641e-05,2.08277e-05
JJ --> elegant,5.1786e-05,5.16958e-05
JJ --> else,0.00287623,0.00286743
JJ --> empty,0.000357668,0.000433596
JJ --> english,2.0864e-05,2.08277e-05
JJ --> enough,0.0037189,0.00370408
JJ --> entire,5.1786e-05,5.16958e-05
JJ --> envious,2.08641e-05,2.08277e-05
JJ --> epileptic,2.08641e-05,2.08277e-05
JJ --> ermine,2.0862e-05,2.08259e-05
JJ --> even,0.000725064,0.000731648
JJ --> exact,5.1786e-05,5.16958e-05
JJ --> excellent,0.000274269,0.000273791
JJ --> expensive,0.00011511,0.00011491
JJ --> expressive,2.08641e-05,2.08277e-05
JJ --> extension,2.08639e-05,2.08276e-05
JJ --> extra,0.000291782,0.000291734
JJ --> facial,9.47227e-10,9.45578e-10
JJ --> fair,9.52279e-10,9.50635e-10
JJ --> fake,9.02816e-05,9.02551e-05
JJ --> false,2.08641e-05,2.08277e-05
JJ --> familiar,5.1786e-05,5.16958e-05
JJ --> fanatic,2.08641e-05,2.08277e-05
JJ --> fancy,0.000274269,0.000273791
JJ --> fantastic,9.47227e-10,9.45578e-10
JJ --> far,0.000955991,0.000952835
JJ --> farm,0.000509027,0.000505223
JJ --> fast,0.00118272,0.00116867
JJ --> fat,0.00118962,0.00118664
JJ --> favorite,0.00345526,0.00345752
JJ --> federal,2.08641e-05,2.08277e-05
JJ --> fellow,9.47679e-10,9.46029e-10
JJ --> felt,0.000117073,0.000116886
JJ --> female,2.08641e-05,2.08277e-05
JJ --> few,0.00220201,0.00219469
JJ --> fictional,2.08641e-05,2.08277e-05
JJ --> fidgety,2.08641e-05,2.08277e-05
JJ --> fierce,2.08641e-05,2.08277e-05
JJ --> fifth,7.85313e-05,7.75997e-05
JJ --> filthy,9.51319e-10,9.49617e-10
JJ --> fine,0.00115082,0.00115035
JJ --> finger,9.49112e-10,9.47462e-10
JJ --> fire,0.00129202,0.00128697
JJ --> firm,2.0437e-05,2.03879e-05
JJ --> first,0.00389282,0.00387423
JJ --> fish,0.000225814,0.000212235
JJ --> flaky,2.08641e-05,2.08277e-05
JJ --> flashy,2.08641e-05,2.08277e-05
JJ --> flat,0.000752277,0.000750968
JJ --> flipflop,9.47987e-10,9.46343e-10
JJ --> floppy,9.50734e-10,9.49088e-10
JJ --> flower,9.48389e-10,9.46744e-10
JJ --> fluffy,5.1786e-05,5.16958e-05
JJ --> foggy,2.08641e-05,2.08277e-05
JJ --> foolish,0.00011511,0.00011491
JJ --> forceful,2.08641e-05,2.08277e-05
JJ --> fourth,9.56328e-10,9.54518e-10
JJ --> free,0.000178729,0.000178418
JJ --> french,0.000178729,0.000178417
JJ --> fresh,0.000879764,0.000878232
JJ --> fresher,2.08641e-05,2.08277e-05
JJ --> friendly,0.000202517,0.000202148
JJ --> frisky,2.08641e-05,2.08277e-05
JJ --> froggie,9.47599e-10,9.4595e-10
JJ --> front,0.00127947,0.00124876
JJ --> frozen,0.00011511,0.00011491
JJ --> fruit,0.000285012,0.00028313
JJ --> full,0.00108093,0.00108102
JJ --> fun,0.001747,0.00173846
JJ --> funky,2.08641e-05,2.08277e-05
JJ --> funny,0.0111431,0.0111237
JJ --> furry,0.00011511,0.00011491
JJ --> fuss,2.07161e-05,2.06853e-05
JJ --> fussy,9.48544e-10,9.46886e-10
JJ --> fuzzy,0.000274267,0.00027379
JJ --> gap,2.8385e-05,2.89184e-05
JJ --> garlic,2.08641e-05,2.08277e-05
JJ --> gay,2.08641e-05,2.08277e-05
JJ --> general,9.47227e-10,9.45578e-10
JJ --> generous,2.08641e-05,2.08277e-05
JJ --> gentle,0.000401715,0.000401015
JJ --> giant,0.000137873,0.000135669
JJ --> ginger,0.000688534,0.000687336
JJ --> gingerbread,0.00011511,0.00011491
JJ --> girl,9.49345e-10,9.47693e-10
JJ --> glad,0.000656664,0.000655521
JJ --> goat,3.74594e-05,3.73352e-05
JJ --> gold,0.000113795,0.000113864
JJ --> golden,0.000115108,0.000114908
JJ --> gone,0.00557985,0.00556967
JJ --> good,0.0331567,0.033094
JJ --> gooey,0.000146906,0.00014665
JJ --> goofy,0.000242415,0.000241993
JJ --> gorgeous,0.000178729,0.000178418
JJ --> grabby,8.33718e-05,8.32266e-05
JJ --> graceful,9.47227e-10,9.45578e-10
JJ --> gracious,8.33718e-05,8.32266e-05
JJ --> grand,0.00011511,0.000114909
JJ --> grape,0.00145162,0.00144666
JJ --> gray,9.51339e-10,9.49782e-10
JJ --> grayish,2.08641e-05,2.08277e-05
JJ --> greasy,0.000178729,0.000178418
JJ --> great,0.00311089,0.00310548
JJ --> greedy,2.08641e-05,2.08277e-05
JJ --> greek,0.000274267,0.00027379
JJ --> green,0.00368951,0.00368263
JJ --> grey,0.000274268,0.00027379
JJ --> gritty,2.08641e-05,2.08277e-05
JJ --> gross,8.33718e-05,8.32266e-05
JJ --> grouchy,0.000146906,0.00014665
JJ --> grown,0.000242415,0.000241993
JJ --> grumpy,9.50285e-10,9.48598e-10
JJ --> guitar,0.000212002,0.000205496
JJ --> gushy,2.08641e-05,2.08277e-05
JJ --> hairy,2.08641e-05,2.08277e-05
JJ --> half,0.000883543,0.000876849
JJ --> halfway,9.65409e-10,9.63531e-10
JJ --> handsome,0.000242415,0.000241992
JJ --> handy,0.000178727,0.000178416
JJ --> happy,0.00241878,0.00241611
JJ --> hard,0.00776361,0.00775077
JJ --> healthy,2.08641e-05,2.08277e-05
JJ --> heavy,0.00154909,0.0015464
JJ --> helpful,5.1786e-05,5.16958e-05
JJ --> helpless,2.08641e-05,2.08277e-05
JJ --> hers,0.000274408,0.000274371
JJ --> hi,9.50159e-10,9.48516e-10
JJ --> hickory,2.08641e-05,2.08277e-05
JJ --> hidden,9.7178e-10,9.70522e-10
JJ --> high,0.0017722,0.00176912
JJ --> hippopotamus,9.50067e-10,9.48078e-10
JJ --> hoarse,2.08641e-05,2.08277e-05
JJ --> holy,8.33718e-05,8.32266e-05
JJ --> home,0.00202031,0.00198574
JJ --> homely,0.00011511,0.00011491
JJ --> homemade,2.08641e-05,2.08277e-05
JJ --> honest,5.1786e-05,5.16958e-05
JJ --> horrible,5.1786e-05,5.16958e-05
JJ --> hot,0.00488733,0.00487423
JJ --> hototototototot,9.47227e-10,9.45578e-10
JJ --> huge,0.000274269,0.000273791
JJ --> huh,0.000613265,0.000592593
JJ --> human,2.08641e-05,2.08277e-05
JJ --> humid,9.47227e-10,9.45578e-10
JJ --> hungry,0.00234593,0.00234184
JJ --> hurt,9.50263e-10,9.4859e-10
JJ --> hysterical,9.47227e-10,9.45578e-10
JJ --> ice,0.00161103,0.00163502
JJ --> icky,5.1786e-05,5.16958e-05
JJ --> ideal,2.08641e-05,2.08277e-05
JJ --> idiotic,2.08641e-05,2.08277e-05
JJ --> ill,2.08641e-05,2.08277e-05
JJ --> impatient,2.08641e-05,2.08277e-05
JJ --> important,0.000306126,0.000305593
JJ --> impossible,5.1786e-05,5.16958e-05
JJ --> impressive,2.08641e-05,2.08277e-05
JJ --> in,0.0209393,0.0211764
JJ --> incomplete,2.08641e-05,2.08277e-05
JJ --> inconsistent,2.08641e-05,2.08277e-05
JJ --> incredible,9.47227e-10,9.45578e-10
JJ --> indian,8.32497e-05,8.30668e-05
JJ --> indirect,2.08641e-05,2.08277e-05
JJ --> inky,9.49145e-10,9.47481e-10
JJ --> innocent,2.08641e-05,2.08277e-05
JJ --> inside,1.80736e-06,9.48839e-10
JJ --> insubstantial,2.08641e-05,2.08277e-05
JJ --> intelligent,2.08641e-05,2.08277e-05
JJ --> invisible,5.1786e-05,5.16958e-05
JJ --> irish,5.17845e-05,5.16943e-05
JJ --> irony,2.08641e-05,2.08277e-05
JJ --> italian,0.000146906,0.00014665
JJ --> itchy,2.08641e-05,2.08277e-05
JJ --> itsy,5.1786e-05,5.16958e-05
JJ --> jammie,9.48458e-10,9.46806e-10
JJ --> jealous,5.1786e-05,5.16958e-05
JJ --> jelly,0.000131726,0.000131832
JJ --> jingle,9.5185e-10,9.50163e-10
JJ --> jolly,8.33718e-05,8.32266e-05
JJ --> juicy,5.17859e-05,5.16957e-05
JJ --> junky,9.47227e-10,9.45578e-10
JJ --> just,0.00322595,0.00325753
JJ --> key,9.49967e-10,9.48313e-10
JJ --> kiddie,5.17854e-05,5.16952e-05
JJ --> kind,0.000370208,0.000370167
JJ --> lady,9.50202e-10,9.48533e-10
JJ --> large,0.00011511,0.00011491
JJ --> last,0.010785,0.0107665
JJ --> late,0.000898483,0.000902615
JJ --> lazy,0.00011511,0.00011491
JJ --> lean,2.9717e-05,2.98286e-05
JJ --> left,9.49726e-10,9.48072e-10
JJ --> legendary,2.08641e-05,2.08277e-05
JJ --> lemon,9.49021e-10,9.47369e-10
JJ --> less,9.84593e-10,9.89593e-10
JJ --> lethal,2.08641e-05,2.08277e-05
JJ --> lifeguard,9.51948e-10,9.50275e-10
JJ --> light,6.16231e-05,6.13594e-05
JJ --> liquid,9.48789e-10,9.47131e-10
JJ --> lit,0.000115018,0.000114819
JJ --> literal,2.08641e-05,2.08277e-05
JJ --> little,0.0618017,0.0616792
JJ --> live,0.00176301,0.00175687
JJ --> logical,2.08641e-05,2.08277e-05
JJ --> lonely,2.08641e-05,2.08277e-05
JJ --> long,0.00919168,0.00917581
JJ --> longer,7.62384e-05,7.60472e-05
JJ --> loopy,9.47227e-10,9.45578e-10
JJ --> loose,0.000210566,0.000210199
JJ --> lost,0.00117995,0.00118178
JJ --> loud,0.000911636,0.000910049
JJ --> lousy,2.08641e-05,2.08277e-05
JJ --> lovely,0.000178729,0.000178418
JJ --> low,0.000306126,0.000305593
JJ --> lucky,0.000551563,0.000550063
JJ --> lumber,5.17797e-05,5.16895e-05
JJ --> lunch,0.000404194,0.000396053
JJ --> mad,0.000847892,0.000846416
JJ --> made,0.0050439,0.00506452
JJ --> magic,0.000443572,0.000448752
JJ --> main,5.1786e-05,5.16958e-05
JJ --> make,0.00136268,0.00159702
JJ --> make-believe,2.08641e-05,2.08277e-05
JJ --> mama,0.000274114,0.000310481
JJ --> many,0.0125803,0.0125588
JJ --> marvelous,0.00011511,0.00011491
JJ --> mean,0.00551479,0.00549962
JJ --> mechanical,2.08641e-05,2.08277e-05
JJ --> medium,0.000242414,0.000241992
JJ --> merry,9.47622e-10,9.45974e-10
JJ --> messiest,2.08641e-05,2.08277e-05
JJ --> messy,0.00036985,0.000369206
JJ --> mexican,0.00011511,0.000114909
JJ --> middle,9.50662e-10,9.49009e-10
JJ --> mighty,5.1785e-05,5.16948e-05
JJ --> mine,0.000403629,0.000399081
JJ --> miniature,2.08641e-05,2.08277e-05
JJ --> minute,3.04561e-05,3.04539e-05
JJ --> miserable,9.47227e-10,9.45578e-10
JJ --> misshapen,2.08641e-05,2.08277e-05
JJ --> missy,2.08634e-05,2.08271e-05
JJ --> mobile,9.51176e-10,9.49497e-10
JJ --> modern,2.08641e-05,2.08277e-05
JJ --> moist,2.08641e-05,2.08277e-05
JJ --> mommy,0.000797666,0.000792428
JJ --> mooshy,2.08641e-05,2.08277e-05
JJ --> morbid,9.47227e-10,9.45578e-10
JJ --> more,0.000324743,0.000316367
JJ --> morning,9.48973e-10,9.47319e-10
JJ --> mother,0.000581926,0.000582747
JJ --> motor,7.39189e-05,7.49505e-05
JJ --> much,0.00851794,0.00849642
JJ --> mucky,2.08641e-05,2.08277e-05
JJ --> muddy,0.000178729,0.000178418
JJ --> mushy,9.59615e-10,9.57385e-10
JJ --> mutual,5.1786e-05,5.16958e-05
JJ --> my,0.00349227,0.00353078
JJ --> name,0.00214641,0.00212203
JJ --> naptime,9.48519e-10,9.46882e-10
JJ --> nasty,0.000146906,0.00014665
JJ --> natural,5.1786e-05,5.16958e-05
JJ --> naughty,0.000688535,0.000687336
JJ --> near,0.000480948,0.000489343
JJ --> neat,0.000561053,0.000560076
JJ --> necessary,2.08641e-05,2.08277e-05
JJ --> nervous,0.000242415,0.000241993
JJ --> new,0.0128643,0.0128419
JJ --> next,0.00393492,0.00392515
JJ --> nice,0.0213299,0.0212955
JJ --> nineteen,9.48114e-10,9.46464e-10
JJ --> ninetieth,5.1786e-05,5.16958e-05
JJ --> ninth,9.4965e-10,9.48018e-10
JJ --> noisy,0.000763547,0.000765759
JJ --> nongrammatical,9.47227e-10,9.45578e-10
JJ --> nonsense,5.17812e-05,5.1691e-05
JJ --> noodle,0.00030775,0.000306939
JJ --> normal,2.08641e-05,2.08277e-05
JJ --> north,0.000210564,0.000210197
JJ --> nursery,0.00097282,0.000970114
JJ --> nuts,9.47227e-10,9.45578e-10
JJ --> obedient,9.47227e-10,9.45578e-10
JJ --> objectionable,2.08641e-05,2.08277e-05
JJ --> odd,9.47227e-10,9.45578e-10
JJ --> off,0.0082102,0.00822508
JJ --> official,2.08641e-05,2.08277e-05
JJ --> okay,0.00635147,0.00633958
JJ --> old,0.00670752,0.0066904
JJ --> on,0.0213407,0.0215296
JJ --> one,9.50043e-10,9.48368e-10
JJ --> only,0.00196033,0.00196386
JJ --> oop,9.48582e-10,9.46938e-10
JJ --> open,0.00464444,0.00462146
JJ --> opposite,8.33699e-05,8.32248e-05
JJ --> orange,0.00235433,0.00234707
JJ --> ornery,2.08641e-05,2.08277e-05
JJ --> other,0.0251958,0.0251354
JJ --> out,0.00291976,0.00294689
JJ --> outdoor,2.08641e-05,2.08277e-05
JJ --> outside,9.50258e-10,9.48585e-10
JJ --> over,0.0103696,0.0103934
JJ --> overhead,5.1786e-05,5.16958e-05
JJ --> ow,2.81817e-05,2.81522e-05
JJ --> owie,2.11037e-05,2.10646e-05
JJ --> own,0.00272841,0.00272366
JJ --> painful,2.08641e-05,2.08277e-05
JJ --> pantomime,2.08641e-05,2.08277e-05
JJ --> papa,0.000130405,0.000123891
JJ --> paper,0.000563111,0.000547152
JJ --> parallel,2.08641e-05,2.08277e-05
JJ --> part,0.000490064,0.000478735
JJ --> particular,0.000210567,0.000210201
JJ --> past,9.54329e-10,9.52734e-10
JJ --> patchwork,9.47227e-10,9.45578e-10
JJ --> pathetic,2.08641e-05,2.08277e-05
JJ --> patient,8.33712e-05,8.3226e-05
JJ --> peaceful,2.08641e-05,2.08277e-05
JJ --> peanut,0.000742151,0.00073745
JJ --> peculiar,8.33718e-05,8.32266e-05
JJ --> perfect,8.33718e-05,8.32266e-05
JJ --> permanent,9.49489e-10,9.47819e-10
JJ --> persistent,2.08641e-05,2.08277e-05
JJ --> pet,0.000307324,0.000312906
JJ --> phony,5.17857e-05,5.16955e-05
JJ --> piggy,9.52412e-10,9.50633e-10
JJ --> pineapple,9.50087e-10,9.48437e-10
JJ --> pink,0.00210584,0.00210262
JJ --> plaid,2.08641e-05,2.08277e-05
JJ --> plain,0.000210567,0.000210201
JJ --> plastic,0.000880916,0.000881722
JJ --> play,0.00227083,0.00228986
JJ --> playful,8.33718e-05,8.32266e-05
JJ --> playpen,9.51809e-10,9.50166e-10
JJ --> plenty,9.5066e-10,9.49e-10
JJ --> pointy,5.1786e-05,5.16958e-05
JJ --> poison,9.57293e-10,9.55648e-10
JJ --> pokey,7.38696e-05,7.33999e-05
JJ --> polar,0.000178729,0.000178418
JJ --> police,0.000369845,0.000369201
JJ --> polite,5.1786e-05,5.16958e-05
JJ --> polka,0.000115107,0.000114906
JJ --> pony,0.000178781,0.000180101
JJ --> poor,0.00231331,0.00230858
JJ --> popsicle,9.49823e-10,9.48181e-10
JJ --> positive,2.08641e-05,2.08277e-05
JJ --> possessive,2.08641e-05,2.08277e-05
JJ --> possible,8.33718e-05,8.32266e-05
JJ --> powerful,9.47227e-10,9.45578e-10
JJ --> prehistoric,2.08641e-05,2.08277e-05
JJ --> preppy,5.1786e-05,5.16958e-05
JJ --> preschool,2.08641e-05,2.08277e-05
JJ --> pretend,0.000895329,0.000893783
JJ --> pretty,0.0100828,0.0100631
JJ --> previous,2.08641e-05,2.08277e-05
JJ --> priceless,9.47227e-10,9.45578e-10
JJ --> prickly,2.08641e-05,2.08277e-05
JJ --> private,2.08641e-05,2.08277e-05
JJ --> probable,2.08641e-05,2.08277e-05
JJ --> proper,2.08641e-05,2.08277e-05
JJ --> proud,8.33718e-05,8.32266e-05
JJ --> puppy,9.5052e-10,9.48849e-10
JJ --> pure,5.1786e-05,5.16958e-05
JJ --> purple,0.00161576,0.00161327
JJ --> pushy,9.47227e-10,9.45578e-10
JJ --> pussy,5.17754e-05,5.16854e-05
JJ --> quacky,9.47227e-10,9.45578e-10
JJ --> quick,0.000469606,0.000468462
JJ --> quiet,0.00111525,0.00111614
JJ --> quite,0.000588164,0.000590742
JJ --> rainy,0.000146906,0.00014665
JJ --> rambunctious,5.1786e-05,5.16958e-05
JJ --> rapid,2.08641e-05,2.08277e-05
JJ --> raw,9.47227e-10,9.45578e-10
JJ --> ready,0.00380768,0.00381301
JJ --> real,0.00328187,0.00327498
JJ --> realistic,2.08641e-05,2.08277e-05
JJ --> really,0.00212888,0.00212947
JJ --> receptive,2.08641e-05,2.08277e-05
JJ --> recognizable,2.08641e-05,2.08277e-05
JJ --> red,0.00847822,0.00844783
JJ --> regular,0.000306126,0.000305593
JJ --> remote,0.00011511,0.00011491
JJ --> responsible,2.08641e-05,2.08277e-05
JJ --> restless,9.47227e-10,9.45578e-10
JJ --> reverse,1.82837e-05,1.82972e-05
JJ --> rich,8.33718e-05,8.32266e-05
JJ --> rickety,5.1786e-05,5.16958e-05
JJ --> rid,9.5179e-10,9.50281e-10
JJ --> ridiculous,9.47227e-10,9.45578e-10
JJ --> right,0.0314879,0.0313779
JJ --> ripe,2.08641e-05,2.08277e-05
JJ --> roast,0.000145342,0.000145188
JJ --> rock_a_bye,5.17849e-05,5.16947e-05
JJ --> rollercoaster,9.48285e-10,9.46639e-10
JJ --> roman,9.47227e-10,9.45578e-10
JJ --> rose,9.48043e-10,9.464e-10
JJ --> rosy,0.00011511,0.00011491
JJ --> rotten,0.000146906,0.00014665
JJ --> rough,0.000274269,0.000273791
JJ --> round,0.000687115,0.000685059
JJ --> roundabout,5.1786e-05,5.16958e-05
JJ --> rowdy,9.47227e-10,9.45578e-10
JJ --> rubber,0.00123036,0.00122822
JJ --> rude,2.08641e-05,2.08277e-05
JJ --> runaway,9.47227e-10,9.45578e-10
JJ --> runny,0.000497316,0.00049645
JJ --> russian,5.1786e-05,5.16958e-05
JJ --> rusty,9.47227e-10,9.45578e-10
JJ --> sad,0.00196345,0.00196003
JJ --> safe,0.000178729,0.000178418
JJ --> saggy,2.08641e-05,2.08277e-05
JJ --> salty,8.33718e-05,8.32266e-05
JJ --> same,0.0042282,0.00421763
JJ --> sandy,0.000217672,0.000216433
JJ --> santa_claus,0.00105635,0.0010494
JJ --> scary,0.000274269,0.000273791
JJ --> school,0.00315723,0.00314383
JJ --> scratchy,5.1786e-05,5.16958e-05
JJ --> scrawny,2.08641e-05,2.08277e-05
JJ --> scrumptious,2.08641e-05,2.08277e-05
JJ --> sea,0.000258195,0.00025787
JJ --> second,0.0005426,0.000541628
JJ --> secret,9.48671e-10,9.47186e-10
JJ --> seedless,9.47227e-10,9.45578e-10
JJ --> selfish,2.08641e-05,2.08277e-05
JJ --> senior,2.08641e-05,2.08277e-05
JJ --> sensible,2.08641e-05,2.08277e-05
JJ --> sensitive,2.08641e-05,2.08277e-05
JJ --> separate,0.00011511,0.00011491
JJ --> septic,2.08641e-05,2.08277e-05
JJ --> serious,0.000178729,0.000178418
JJ --> set,0.00071536,0.000709543
JJ --> seventh,2.2525e-05,2.17155e-05
JJ --> several,5.1786e-05,5.16958e-05
JJ --> shallow,5.1786e-05,5.16958e-05
JJ --> sharp,0.000847892,0.000846416
JJ --> shiny,0.000178729,0.000178418
JJ --> shnuggle,9.47227e-10,9.45578e-10
JJ --> short,0.000831382,0.000829743
JJ --> shut,0.000524072,0.00052933
JJ --> shy,0.00011511,0.00011491
JJ --> siamese,8.33716e-05,8.32265e-05
JJ --> sick,0.00112808,0.00112666
JJ --> side,9.48732e-10,9.47067e-10
JJ --> silky,9.47227e-10,9.45578e-10
JJ --> silly,0.00356656,0.00356198
JJ --> silver,4.29721e-05,4.26626e-05
JJ --> similar,8.33718e-05,8.32266e-05
JJ --> simple,5.1786e-05,5.16958e-05
JJ --> single,0.000146906,0.00014665
JJ --> sister,9.49052e-10,9.47402e-10
JJ --> skee,2.08641e-05,2.08277e-05
JJ --> skinny,0.000274269,0.000273791
JJ --> sled,9.50464e-10,9.48786e-10
JJ --> sleepy,0.00100725,0.0010055
JJ --> slim,2.08641e-05,2.08277e-05
JJ --> slimy,2.08641e-05,2.08277e-05
JJ --> slippery,0.000178729,0.000178418
JJ --> slobbery,2.08641e-05,2.08277e-05
JJ --> slobby,2.08641e-05,2.08277e-05
JJ --> sloppy,2.08641e-05,2.08277e-05
JJ --> slow,0.0003084,0.000306798
JJ --> small,0.00272841,0.00272366
JJ --> smart,0.000943509,0.000941866
JJ --> smelly,9.47227e-10,9.45578e-10
JJ --> smoky,5.1785e-05,5.16949e-05
JJ --> smooth,0.000146906,0.00014665
JJ --> snap,6.59957e-05,6.38018e-05
JJ --> snappy,2.08641e-05,2.08277e-05
JJ --> sneezy,9.47227e-10,9.45578e-10
JJ --> snow,9.50446e-10,9.48789e-10
JJ --> snowy,5.1786e-05,5.16958e-05
JJ --> so,0.000306818,0.000306397
JJ --> soap,0.000575757,0.00057665
JJ --> social,5.1786e-05,5.16958e-05
JJ --> soft,0.00199532,0.00199184
JJ --> soggy,9.47227e-10,9.45578e-10
JJ --> solid,2.08641e-05,2.08277e-05
JJ --> soluble,9.47227e-10,9.45578e-10
JJ --> some,9.49879e-10,9.48214e-10
JJ --> sore,0.000258373,0.000258302
JJ --> sorry,0.001071,0.00106913
JJ --> sound,9.48953e-10,9.47313e-10
JJ --> soupy,9.47227e-10,9.45578e-10
JJ --> sour,5.1786e-05,5.16958e-05
JJ --> southern,2.08641e-05,2.08277e-05
JJ --> spare,9.52898e-10,9.51184e-10
JJ --> special,0.00206441,0.00205974
JJ --> specific,5.1786e-05,5.16958e-05
JJ --> spicy,0.00011511,0.00011491
JJ --> sporty,5.1786e-05,5.16958e-05
JJ --> spotty,2.08641e-05,2.08277e-05
JJ --> spring,0.000115107,0.000114907
JJ --> square,9.49524e-10,9.47862e-10
JJ --> squeak,9.50586e-10,9.4894e-10
JJ --> squeaky,0.000879764,0.000878232
JJ --> squeezy,2.08641e-05,2.08277e-05
JJ --> squishy,0.000242415,0.000241993
JJ --> stable,2.08641e-05,2.08277e-05
JJ --> standard,2.08641e-05,2.08277e-05
JJ --> station,0.000345604,0.000348942
JJ --> steady,2.08641e-05,2.08277e-05
JJ --> steep,9.47227e-10,9.45578e-10
JJ --> sticky,0.000692726,0.000691474
JJ --> stiff,0.000210567,0.000210201
JJ --> still,0.000982226,0.000989085
JJ --> stinky,0.00011511,0.00011491
JJ --> stone,7.0332e-05,7.02235e-05
JJ --> stop,9.50608e-10,9.48953e-10
JJ --> straight,0.00145347,0.00145094
JJ --> strange,0.00011511,0.00011491
JJ --> strawberry,0.000202201,0.00020111
JJ --> street,0.000164527,0.000160754
JJ --> strong,0.00174033,0.0017373
JJ --> stubborn,0.000113698,0.000113946
JJ --> stuck,0.0018966,0.00189575
JJ --> studious,5.1786e-05,5.16958e-05
JJ --> stupid,0.00036985,0.000369206
JJ --> sturdy,2.08641e-05,2.08277e-05
JJ --> successful,2.08641e-05,2.08277e-05
JJ --> such,9.53427e-10,9.51742e-10
JJ --> sudden,9.53205e-10,9.51512e-10
JJ --> summer,0.000395925,0.000393143
JJ --> sunny,0.000306126,0.000305593
JJ --> super,0.00011511,0.00011491
JJ --> supercalifragilisticexpialidocious,9.47227e-10,9.45578e-10
JJ --> sure,0.0025314,0.00253282
JJ --> surprise,9.48625e-10,9.4698e-10
JJ --> swedish,2.08641e-05,2.08277e-05
JJ --> sweet,0.00100189,0.000999903
JJ --> sweetie,9.49675e-10,9.47934e-10
JJ --> sweety,5.17839e-05,5.16937e-05
JJ --> swell,0.000178729,0.000178418
JJ --> swiss,0.000146905,0.000146649
JJ --> symbolic,2.08641e-05,2.08277e-05
JJ --> tagalong,9.47227e-10,9.45578e-10
JJ --> tail,9.49867e-10,9.48198e-10
JJ --> talkative,2.08641e-05,2.08277e-05
JJ --> tall,0.00135785,0.00135549
JJ --> taller,0.000274268,0.00027379
JJ --> tame,2.08641e-05,2.08277e-05
JJ --> tan,9.51774e-10,9.50102e-10
JJ --> tasty,2.08641e-05,2.08277e-05
JJ --> teeny,0.000306126,0.000305593
JJ --> tempermental,9.47227e-10,9.45578e-10
JJ --> tender,2.08639e-05,2.08276e-05
JJ --> tenth,9.51858e-10,9.50254e-10
JJ --> terrible,0.000200792,0.000200781
JJ --> terrific,8.33718e-05,8.32266e-05
JJ --> thankful,2.08641e-05,2.08277e-05
JJ --> the,0.0131645,0.0130701
JJ --> theo,9.50017e-10,9.48359e-10
JJ --> thick,0.00011511,0.00011491
JJ --> thin,0.000274269,0.000273791
JJ --> third,0.000307599,0.000307044
JJ --> thirsty,0.000433581,0.000432826
JJ --> through,0.000574225,0.000575149
JJ --> tickle,9.4978e-10,9.48137e-10
JJ --> ticklish,0.000274269,0.000273791
JJ --> tidy,8.33718e-05,8.32266e-05
JJ --> tight,0.000656711,0.000654259
JJ --> tinker,8.45552e-05,8.44138e-05
JJ --> tiny,0.00202719,0.00202366
JJ --> tippie,2.08641e-05,2.08277e-05
JJ --> together,0.00197881,0.00196844
JJ --> tomato,0.00022166,0.000221514
JJ --> too,0.0102595,0.010274
JJ --> top,9.50004e-10,9.48353e-10
JJ --> total,2.08641e-05,2.08277e-05
JJ --> tough,0.000465448,0.000464638
JJ --> tow,9.90623e-05,9.86194e-05
JJ --> toy,0.000467037,0.000458612
JJ --> tralala,2.08641e-05,2.08277e-05
JJ --> translucent,8.33718e-05,8.32266e-05
JJ --> tremendous,2.08641e-05,2.08277e-05
JJ --> tribal,2.08641e-05,2.08277e-05
JJ --> tricky,0.000529185,0.000528263
JJ --> tricycle,9.53571e-10,9.51855e-10
JJ --> tropical,5.1786e-05,5.16958e-05
JJ --> true,0.000529185,0.000528263
JJ --> tummy,0.000795403,0.000796759
JJ --> tuna,1.6451e-05,1.62696e-05
JJ --> twinkle,0.000115044,0.000114843
JJ --> two,0.00102898,0.00101084
JJ --> typical,5.1786e-05,5.16958e-05
JJ --> ugly,0.000242415,0.000241993
JJ --> uncomfortable,5.1786e-05,5.16958e-05
JJ --> uneven,5.1786e-05,5.16958e-05
JJ --> unhappy,0.000337987,0.000337399
JJ --> unhealthy,2.08641e-05,2.08277e-05
JJ --> untrue,2.08641e-05,2.08277e-05
JJ --> unusual,8.33718e-05,8.32266e-05
JJ --> up,0.00593692,0.00596845
JJ --> uppity,2.08641e-05,2.08277e-05
JJ --> upright,2.08641e-05,2.08277e-05
JJ --> upset,0.00011511,0.00011491
JJ --> useful,9.47227e-10,9.45578e-10
JJ --> usual,5.1786e-05,5.16958e-05
JJ --> vanilla,0.000274268,0.00027379
JJ --> vegetable,9.49463e-10,9.47806e-10
JJ --> very,0.00314636,0.00312044
JJ --> vicious,9.47227e-10,9.45578e-10
JJ --> warm,0.00152717,0.00152181
JJ --> washable,2.08641e-05,2.08277e-05
JJ --> wavy,5.1786e-05,5.16958e-05
JJ --> wax,9.51122e-10,9.49478e-10
JJ --> weak,0.000146906,0.00014665
JJ --> weird,0.00011511,0.00011491
JJ --> welcome,0.000337987,0.000337399
JJ --> well,0.00261008,0.00259341
JJ --> wet,0.00253896,0.00253211
JJ --> wheelbarrow,9.53094e-10,9.5144e-10
JJ --> white,0.00288322,0.00287657
JJ --> whole,0.00381211,0.00380548
JJ --> wide,0.000251772,0.000251655
JJ --> wiggly,5.1786e-05,5.16958e-05
JJ --> wild,0.000274269,0.000273791
JJ --> wilda,9.47227e-10,9.45578e-10
JJ --> windy,0.000178729,0.000178417
JJ --> winter,0.000443827,0.000443471
JJ --> wise,8.33676e-05,8.32225e-05
JJ --> wobbly,5.1786e-05,5.16958e-05
JJ --> wonderful,0.000465448,0.000464638
JJ --> wooden,0.000337987,0.000337399
JJ --> woolly,2.08641e-05,2.08277e-05
JJ --> worn,0.000181309,0.000181032
JJ --> worth,0.000178727,0.000178416
JJ --> wound,0.000117501,0.000118232
JJ --> wrangler,9.47227e-10,9.45578e-10
JJ --> wriggly,9.47227e-10,9.45578e-10
JJ --> wrinkly,9.47227e-10,9.45578e-10
JJ --> written,0.000178729,0.000178418
JJ --> wrong,0.00196776,0.001965
JJ --> yay,9.49055e-10,9.47398e-10
JJ --> yellow,0.00386157,0.00385691
JJ --> yesh,9.47227e-10,9.45578e-10
JJ --> yicky,2.08641e-05,2.08277e-05
JJ --> yogurt,9.38186e-05,9.30029e-05
JJ --> young,0.000210567,0.000210201
JJ --> your,0.0167177,0.0170175
JJ --> yours,0.000578562,0.000576995
JJ --> yucka,9.55738e-10,9.54148e-10
JJ --> yucky,0.000401715,0.000401015
JJ --> yum,9.51263e-10,9.49598e-10
JJ --> yummy,0.000847892,0.000846416
JJR --> better,3.69013e-08,3.69041e-08
JJR --> bigger,0.0910894,0.0910957
JJR --> cheaper,0.000810126,0.000810182
JJR --> closer,0.00943664,0.00946064
JJR --> cooler,0.00201076,0.0020109
JJR --> crazier,3.67796e-08,3.67822e-08
JJR --> darker,0.000810126,0.000810182
JJR --> dirtier,0.000810126,0.000810182
JJR --> easier,0.00817734,0.00830276
JJR --> faster,3.6794e-08,3.68009e-08
JJR --> friendlier,0.000810126,0.000810182
JJR --> fuller,3.67796e-08,3.67822e-08
JJR --> funniest,0.00143577,0.00139382
JJR --> gentler,3.67796e-08,3.67822e-08
JJR --> happier,0.00323722,0.00323745
JJR --> harder,3.70111e-08,3.69328e-08
JJR --> heavier,0.000810126,0.000810182
JJR --> higher,0.00384587,0.00379019
JJR --> hotter,0.000810126,0.000810182
JJR --> larger,0.000810126,0.000810182
JJR --> less,0.00323675,0.00323689
JJR --> littler,0.0106495,0.0106502
JJR --> longer,0.00687709,0.00704153
JJR --> louder,3.68224e-08,3.68251e-08
JJR --> lower,0.00693964,0.00694011
JJR --> more,0.789918,0.789638
JJR --> newer,0.00201078,0.00201092
JJR --> nicer,0.00570418,0.00570457
JJR --> older,0.0155981,0.0155992
JJR --> prettier,0.00201078,0.00201092
JJR --> quieter,3.67796e-08,3.67822e-08
JJR --> shorter,0.00201078,0.00201092
JJR --> slower,3.68023e-08,3.68042e-08
JJR --> smaller,0.0180728,0.018074
JJR --> smarter,0.000810126,0.000810182
JJR --> softer,0.000810126,0.000810182
JJR --> stronger,0.000810126,0.000810182
JJR --> taller,3.68696e-08,3.68713e-08
JJR --> tastier,0.000810126,0.000810182
JJR --> tighter,3.67796e-08,3.67822e-08
JJR --> warmer,0.000810126,0.000810182
JJR --> wider,0.00323699,0.00323721
JJR --> worse,0.00276916,0.00282045
JJR --> younger,0.00201078,0.00201092
JJS --> best,0.274148,0.273853
JJS --> biggest,0.26077,0.260744
JJS --> brightest,0.00666738,0.00666672
JJS --> cleanest,0.0165489,0.0165472
JJS --> closest,0.00666738,0.00666672
JJS --> cutest,3.04071e-07,3.04085e-07
JJS --> dirtiest,0.0165489,0.0165472
JJS --> earliest,0.00666738,0.00666672
JJS --> easiest,0.0266425,0.0266399
JJS --> fastest,0.00666738,0.00666672
JJS --> freshest,0.00666738,0.00666672
JJS --> funniest,0.0213186,0.0216686
JJS --> hardest,0.00666738,0.00666672
JJS --> highest,0.00666738,0.00666672
JJS --> least,3.02725e-07,3.02695e-07
JJS --> lightest,0.0165489,0.0165472
JJS --> littlest,3.04476e-07,3.04444e-07
JJS --> longest,0.00666738,0.00666672
JJS --> lowest,0.0165489,0.0165472
JJS --> most,0.11117,0.111174
JJS --> neatest,0.00666738,0.00666672
JJS --> nerdiest,0.00666738,0.00666672
JJS --> newest,0.0367849,0.0367813
JJS --> nicest,0.00666738,0.00666672
JJS --> noisiest,0.00666738,0.00666672
JJS --> prettiest,0.0266425,0.0266399
JJS --> saddest,0.00666738,0.00666672
JJS --> sleepiest,3.02698e-07,3.02669e-07
JJS --> smallest,0.0165489,0.0165472
JJS --> strangest,0.00666738,0.00666672
JJS --> stubbornest,0.0165489,0.0165472
JJS --> tiniest,0.0165489,0.0165472
JJS --> ugliest,0.00666738,0.00666672
JJS --> vaguest,0.00666738,0.00666672
JJS --> waist,3.03586e-07,3.03556e-07
JJS --> worst,0.00666738,0.00666672
JJS --> youngest,0.00666738,0.00666672
JJS --> yummiest,0.00666738,0.00666672
MD --> 'd,0.0767569,0.0768469
MD --> 'll,0.309755,0.309742
MD --> ca,0.0143812,0.0143772
MD --> can,0.213276,0.213333
MD --> could,0.075898,0.0758769
MD --> may,0.0151666,0.0151051
MD --> might,0.023955,0.0239483
MD --> must,0.0349547,0.034945
MD --> need,6.06652e-09,6.06482e-09
MD --> ought,0.00277092,0.00277015
MD --> shall,0.0516579,0.0516436
MD --> should,0.0490098,0.0489962
MD --> will,0.0337136,0.0337818
MD --> wo,0.00521501,0.00521356
MD --> would,0.093489,0.0934195
NN --> a,0.0027853,0.00277819
NN --> a_one,6.20417e-06,6.19853e-06
NN --> abc,7.20846e-05,7.20191e-05
NN --> accident,0.000242653,0.000242433
NN --> accomplishment,1.53992e-05,1.53852e-05
NN --> accordion,2.47916e-05,2.4769e-05
NN --> ace,6.20417e-06,6.19853e-06
NN --> ache,6.24801e-05,6.2416e-05
NN --> acorn,6.20417e-06,6.19853e-06
NN --> acrobat,3.42294e-05,3.41983e-05
NN --> act,2.8184e-10,2.81584e-10
NN --> action,6.20417e-06,6.19853e-06
NN --> actress,2.47916e-05,2.4769e-05
NN --> acupine,2.81669e-10,2.81413e-10
NN --> ad,1.53992e-05,1.53852e-05
NN --> adam,0.00064294,0.000645544
NN --> addition,6.20417e-06,6.19853e-06
NN --> address,4.36842e-05,4.36445e-05
NN --> adenoid,1.53992e-05,1.53852e-05
NN --> admirer,6.20417e-06,6.19853e-06
NN --> adoption,4.36842e-05,4.36445e-05
NN --> adventure,6.20417e-06,6.19853e-06
NN --> adventurer,6.20417e-06,6.19853e-06
NN --> advertisement,4.36842e-05,4.36445e-05
NN --> affection,6.20417e-06,6.19853e-06
NN --> afternoon,0.000337429,0.000337122
NN --> age,8.6979e-05,8.68976e-05
NN --> air,0.000726022,0.000725363
NN --> airplane,0.00123783,0.00123671
NN --> airport,0.000147883,0.000147748
NN --> aisle,1.53992e-05,1.53852e-05
NN --> alarm,3.42294e-05,3.41983e-05
NN --> album,1.53992e-05,1.53852e-05
NN --> ale,0.000157359,0.000157216
NN --> all,0.0021017,0.0021359
NN --> allegiance,1.53992e-05,1.53852e-05
NN --> alligator,0.00046064,0.000460222
NN --> allomorph,6.20417e-06,6.19853e-06
NN --> almanac,2.81965e-10,2.8171e-10
NN --> alphabet,8.15567e-05,8.14826e-05
NN --> alright,0.000151011,0.000151568
NN --> ambulance,1.53992e-05,1.53852e-05
NN --> amusement,3.42294e-05,3.41983e-05
NN --> angel,2.47916e-05,2.4769e-05
NN --> animal,0.00438764,0.00438414
NN --> ankle,6.20417e-06,6.19853e-06
NN --> anniversary,2.81669e-10,2.81413e-10
NN --> announcement,1.53992e-05,1.53852e-05
NN --> another,0.000400262,0.000400639
NN --> answer,0.000160184,0.000159678
NN --> ant,0.000109979,0.000109879
NN --> anteater,6.20417e-06,6.19853e-06
NN --> antenna,4.36842e-05,4.36445e-05
NN --> antler,1.53992e-05,1.53852e-05
NN --> any,0.00107989,0.00108007
NN --> anybody,0.000489074,0.00048863
NN --> anymore,0.000384496,0.00038722
NN --> anyone,0.000109979,0.000109879
NN --> anyplace,4.36842e-05,4.36445e-05
NN --> anything,0.00220459,0.00220259
NN --> anytime,2.81732e-10,2.81476e-10
NN --> anyway,0.000383725,0.000385444
NN --> apartment,1.53992e-05,1.53852e-05
NN --> apeekaboo,6.20417e-06,6.19853e-06
NN --> appendicitis,6.20417e-06,6.19853e-06
NN --> appetite,6.20417e-06,6.19853e-06
NN --> apple,0.000638608,0.00063923
NN --> applesauce,1.53992e-05,1.53852e-05
NN --> appointment,1.53992e-05,1.53852e-05
NN --> appy,2.81669e-10,2.81413e-10
NN --> apricot,3.42294e-05,3.41983e-05
NN --> apron,8.15569e-05,8.14828e-05
NN --> aquarium,0.000261608,0.00026137
NN --> arabesque,1.53992e-05,1.53852e-05
NN --> arc,6.20417e-06,6.19853e-06
NN --> arcade,2.81669e-10,2.81413e-10
NN --> arch,6.20417e-06,6.19853e-06
NN --> area,1.53992e-05,1.53852e-05
NN --> argument,3.42294e-05,3.41983e-05
NN --> ark,3.42294e-05,3.41983e-05
NN --> arm,0.0015127,0.00151132
NN --> armie,6.20417e-06,6.19853e-06
NN --> armpit,6.20417e-06,6.19853e-06
NN --> army,4.36842e-05,4.36445e-05
NN --> arrow,8.15569e-05,8.14828e-05
NN --> art,2.8218e-10,2.81923e-10
NN --> article,6.20417e-06,6.19853e-06
NN --> ash,3.42294e-05,3.41983e-05
NN --> ashtray,8.15569e-05,8.14828e-05
NN --> asparagus,2.81669e-10,2.81413e-10
NN --> aspect,6.20417e-06,6.19853e-06
NN --> aspirin,4.36842e-05,4.36445e-05
NN --> ass,6.20417e-06,6.19853e-06
NN --> assistant,6.20417e-06,6.19853e-06
NN --> astronaut,2.96102e-10,2.95974e-10
NN --> athlete,2.47916e-05,2.4769e-05
NN --> atlas,6.20417e-06,6.19853e-06
NN --> attack,6.20417e-06,6.19853e-06
NN --> attention,7.20849e-05,7.20194e-05
NN --> attic,1.53992e-05,1.53852e-05
NN --> audience,6.20417e-06,6.19853e-06
NN --> audio,2.81669e-10,2.81413e-10
NN --> aunt,0.000119454,0.000119345
NN --> auntie,2.82551e-10,2.82291e-10
NN --> automobile,2.81669e-10,2.81413e-10
NN --> ax,1.53992e-05,1.53852e-05
NN --> axle,6.20417e-06,6.19853e-06
NN --> ba,7.95236e-06,7.94612e-06
NN --> baba,3.6518e-05,3.64934e-05
NN --> babe,8.10052e-06,8.07854e-06
NN --> baboon,2.81669e-10,2.81413e-10
NN --> baby,0.00749405,0.0074876
NN --> babye,7.20846e-05,7.20191e-05
NN --> babyfood,6.20417e-06,6.19853e-06
NN --> babysitter,2.47916e-05,2.4769e-05
NN --> bachelor,6.20417e-06,6.19853e-06
NN --> back,0.00363845,0.00371752
NN --> backbone,6.20417e-06,6.19853e-06
NN --> background,6.20417e-06,6.19853e-06
NN --> backpack,2.47916e-05,2.4769e-05
NN --> backspace,6.20417e-06,6.19853e-06
NN --> backyard,0.000109979,0.000109879
NN --> bacon,0.000109979,0.000109879
NN --> badger,2.81669e-10,2.81413e-10
NN --> badminton,6.20417e-06,6.19853e-06
NN --> bag,0.00243206,0.00242985
NN --> baggage,6.20417e-06,6.19853e-06
NN --> baggy,2.82155e-10,2.81894e-10
NN --> bahbah,2.47916e-05,2.4769e-05
NN --> baker,4.36842e-05,4.36445e-05
NN --> bakery,2.81669e-10,2.81413e-10
NN --> balance,9.31957e-05,9.32473e-05
NN --> balcony,6.20417e-06,6.19853e-06
NN --> baldy,6.20417e-06,6.19853e-06
NN --> ball,0.00246998,0.00246773
NN --> ballerina,7.20846e-05,7.20191e-05
NN --> ballet,1.53992e-05,1.53852e-05
NN --> ballgame,6.20417e-06,6.19853e-06
NN --> ballie,6.20417e-06,6.19853e-06
NN --> balloon,0.000744978,0.000744301
NN --> ballpark,6.20417e-06,6.19853e-06
NN --> baloney,4.36842e-05,4.36445e-05
NN --> bamboo,6.20417e-06,6.19853e-06
NN --> banana,0.000498552,0.000498099
NN --> band,0.000299518,0.000299246
NN --> bandage,3.42294e-05,3.41983e-05
NN --> bandaid,0.000242653,0.000242432
NN --> bandit,1.53992e-05,1.53852e-05
NN --> bang,0.000819242,0.000819791
NN --> banister,2.81669e-10,2.81413e-10
NN --> banjo,0.000157359,0.000157216
NN --> bank,0.000157359,0.000157216
NN --> banter,6.20417e-06,6.19853e-06
NN --> bar,6.26146e-05,6.25577e-05
NN --> barbecue,4.5152e-05,4.50818e-05
NN --> barbell,1.53992e-05,1.53852e-05
NN --> barber,5.31472e-05,5.30989e-05
NN --> barbie,1.5399e-05,1.5385e-05
NN --> barefoot,4.36837e-05,4.36441e-05
NN --> barley,6.20417e-06,6.19853e-06
NN --> barn,0.000754456,0.000753771
NN --> barnyard,2.47916e-05,2.4769e-05
NN --> barrel,0.000318474,0.000318184
NN --> barrette,7.20849e-05,7.20194e-05
NN --> barroom,6.20417e-06,6.19853e-06
NN --> base,2.8195e-10,2.81699e-10
NN --> baseball,9.10302e-05,9.09474e-05
NN --> basement,0.000138406,0.000138281
NN --> basket,0.000811324,0.000810587
NN --> basketball,3.42294e-05,3.41983e-05
NN --> bassinet,1.53992e-05,1.53852e-05
NN --> baster,6.20417e-06,6.19853e-06
NN --> bat,0.000138406,0.000138281
NN --> batch,6.20417e-06,6.19853e-06
NN --> bath,0.000859085,0.000859334
NN --> bathingsuit,5.31472e-05,5.30989e-05
NN --> bathrobe,5.31472e-05,5.30989e-05
NN --> bathroom,0.000479596,0.00047916
NN --> bathtime,3.42289e-05,3.41978e-05
NN --> bathtub,0.000517508,0.000517037
NN --> batter,1.53992e-05,1.53852e-05
NN --> battery,0.000489074,0.00048863
NN --> battle,2.81669e-10,2.81413e-10
NN --> bay,4.36842e-05,4.36445e-05
NN --> beach,0.00232781,0.00232569
NN --> bead,0.00025213,0.000251901
NN --> beak,7.20849e-05,7.20194e-05
NN --> bean,0.00046064,0.000460222
NN --> beanbag,2.81669e-10,2.81413e-10
NN --> beanstalk,2.47915e-05,2.4769e-05
NN --> bear,0.00151067,0.00151174
NN --> beard,0.000166836,0.000166684
NN --> beast,1.53992e-05,1.53852e-05
NN --> beater,3.42294e-05,3.41983e-05
NN --> beauty,4.36838e-05,4.36441e-05
NN --> beaver,2.47914e-05,2.47689e-05
NN --> bed,0.00359786,0.00359459
NN --> bedroom,0.000204744,0.000204558
NN --> bedspread,6.20417e-06,6.19853e-06
NN --> bedtime,6.03808e-05,6.09085e-05
NN --> bee,0.000185789,0.00018562
NN --> beef,5.31472e-05,5.30989e-05
NN --> beehive,3.42294e-05,3.41983e-05
NN --> beer,0.00012893,0.000128813
NN --> beet,6.20417e-06,6.19853e-06
NN --> beetle,1.53991e-05,1.53851e-05
NN --> behavior,6.20417e-06,6.19853e-06
NN --> being,6.20417e-06,6.19853e-06
NN --> believe,0.000112344,0.000112272
NN --> bell,0.000337429,0.000337122
NN --> belly,0.000394296,0.000393937
NN --> bellyache,6.20417e-06,6.19853e-06
NN --> bellybutton,3.42294e-05,3.41983e-05
NN --> belt,0.000166836,0.000166684
NN --> bench,2.81669e-10,2.81413e-10
NN --> berry,2.47916e-05,2.4769e-05
NN --> best,2.82781e-10,2.82529e-10
NN --> between,2.82553e-10,2.82328e-10
NN --> bib,0.000248014,0.00024777
NN --> bibbie,5.31472e-05,5.30989e-05
NN --> bible,2.82489e-10,2.82241e-10
NN --> bicycle,0.000470118,0.000469691
NN --> big,0.000809231,0.000811762
NN --> bike,0.000517508,0.000517037
NN --> bill,7.6178e-05,7.60186e-05
NN --> billy,2.83674e-10,2.834e-10
NN --> bin,4.36841e-05,4.36444e-05
NN --> biochemistry,1.53992e-05,1.53852e-05
NN --> bird,0.00256586,0.00256324
NN --> birdfeed,5.78017e-06,5.7946e-06
NN --> birdfeeder,6.20417e-06,6.19853e-06
NN --> birdhouse,6.20417e-06,6.19853e-06
NN --> birdie,0.000384818,0.000384468
NN --> birdy,6.20417e-06,6.19853e-06
NN --> birth,2.81669e-10,2.81413e-10
NN --> birthday,0.00282066,0.0028181
NN --> biscuit,2.47916e-05,2.4769e-05
NN --> bit,0.00200335,0.00200123
NN --> bitch,6.20417e-06,6.19853e-06
NN --> bite,0.000925645,0.000924841
NN --> bitsy,2.85297e-10,2.85112e-10
NN --> black,0.00025472,0.000254876
NN --> blackberry,2.81669e-10,2.81413e-10
NN --> blackbird,1.53992e-05,1.53852e-05
NN --> blackboard,6.26146e-05,6.25577e-05
NN --> blade,4.36842e-05,4.36445e-05
NN --> blanket,0.0011241,0.00112308
NN --> blankie,6.20417e-06,6.19853e-06
NN --> bleed,2.5044e-05,2.51004e-05
NN --> blimp,1.53992e-05,1.53852e-05
NN --> block,0.00169132,0.00168979
NN --> blonde,2.83535e-10,2.83288e-10
NN --> blood,0.00012893,0.000128813
NN --> blouse,0.000195267,0.000195089
NN --> blow,0.000349301,0.000348385
NN --> blower,6.20417e-06,6.19853e-06
NN --> blowout,2.47916e-05,2.4769e-05
NN --> blue,0.000351737,0.000351237
NN --> blueberry,4.36842e-05,4.36445e-05
NN --> bluejay,6.20417e-06,6.19853e-06
NN --> boar,6.20417e-06,6.19853e-06
NN --> board,0.000307636,0.000307368
NN --> boat,0.00181986,0.00181779
NN --> bobo,0.000147882,0.000147748
NN --> body,0.000119455,0.000119346
NN --> bogeyman,6.20417e-06,6.19853e-06
NN --> boiler,6.20417e-06,6.19853e-06
NN --> bologna,6.20417e-06,6.19853e-06
NN --> bolt,6.20417e-06,6.19853e-06
NN --> bomb,2.47916e-05,2.4769e-05
NN --> bond,2.47916e-05,2.4769e-05
NN --> bone,0.000365862,0.00036553
NN --> bonnet,2.47916e-05,2.4769e-05
NN --> bonus,6.20417e-06,6.19853e-06
NN --> boo,2.82437e-10,2.82176e-10
NN --> booboo,6.20417e-06,6.19853e-06
NN --> booby,4.36842e-05,4.36445e-05
NN --> book,0.00682722,0.0068211
NN --> bookcase,0.00018579,0.000185621
NN --> booklet,6.20417e-06,6.19853e-06
NN --> bookshelf,7.20849e-05,7.20194e-05
NN --> bookstore,2.81669e-10,2.81413e-10
NN --> boom,5.22831e-05,5.18258e-05
NN --> booster,6.20417e-06,6.19853e-06
NN --> boot,0.000422729,0.000422345
NN --> bootie,6.20417e-06,6.19853e-06
NN --> booze,2.81669e-10,2.81413e-10
NN --> boss,3.42294e-05,3.41983e-05
NN --> both,0.000116514,0.000115589
NN --> bottle,0.00137053,0.00136928
NN --> bottom,0.000703007,0.000702716
NN --> bouillon,4.36842e-05,4.36445e-05
NN --> bow,0.00014686,0.000146728
NN --> bowel,1.53992e-05,1.53852e-05
NN --> bowl,0.000643903,0.000643432
NN --> box,0.00329593,0.00329299
NN --> boxer,6.20417e-06,6.19853e-06
NN --> boxful,6.20417e-06,6.19853e-06
NN --> boy,0.00545091,0.0054466
NN --> boyfriend,1.53992e-05,1.53852e-05
NN --> boyoy,6.20417e-06,6.19853e-06
NN --> brace,1.53992e-05,1.53852e-05
NN --> bracelet,6.26146e-05,6.25577e-05
NN --> braid,6.20089e-05,6.19474e-05
NN --> brain,3.42294e-05,3.41983e-05
NN --> brake,1.53992e-05,1.53852e-05
NN --> bran,2.82268e-10,2.82022e-10
NN --> branch,0.000100504,0.000100413
NN --> brand,5.31471e-05,5.30988e-05
NN --> brandy,6.20417e-06,6.19853e-06
NN --> brat,6.20417e-06,6.19853e-06
NN --> bravo,6.20417e-06,6.19853e-06
NN --> bread,0.000817029,0.000816428
NN --> break,0.000571111,0.000570468
NN --> breakdown,6.20417e-06,6.19853e-06
NN --> breakfast,0.000669154,0.000668546
NN --> breast,1.53992e-05,1.53852e-05
NN --> breath,3.60208e-05,3.57194e-05
NN --> breather,2.81669e-10,2.81413e-10
NN --> breeze,1.53992e-05,1.53852e-05
NN --> brew,6.20417e-06,6.19853e-06
NN --> brick,2.47916e-05,2.4769e-05
NN --> bridge,0.000196084,0.000195868
NN --> briefcase,0.000100504,0.000100413
NN --> bristle,5.31472e-05,5.30989e-05
NN --> broccoli,8.15569e-05,8.14828e-05
NN --> brontiasaurus,2.81669e-10,2.81413e-10
NN --> bronze,6.20417e-06,6.19853e-06
NN --> brook,6.26145e-05,6.25576e-05
NN --> broom,0.000223698,0.000223495
NN --> brother,0.000915581,0.000914749
NN --> brown,0.000108875,0.000109158
NN --> brownie,7.20847e-05,7.20192e-05
NN --> bruise,2.47916e-05,2.4769e-05
NN --> brush,0.000537767,0.000537208
NN --> bubble,0.000498552,0.000498099
NN --> bubblebath,5.31472e-05,5.30989e-05
NN --> bubblegum,6.20417e-06,6.19853e-06
NN --> buck,4.36839e-05,4.36442e-05
NN --> bucket,0.000138406,0.000138281
NN --> buckle,5.7426e-05,5.73946e-05
NN --> bud,0.000100406,0.0001004
NN --> buddy,9.0102e-05,9.03301e-05
NN --> budget,6.20417e-06,6.19853e-06
NN --> buffalo,1.53992e-05,1.53852e-05
NN --> bug,0.000820802,0.000820056
NN --> bugger,6.20417e-06,6.19853e-06
NN --> buggy,6.20417e-06,6.19853e-06
NN --> building,0.000424177,0.000424029
NN --> bulb,3.42294e-05,3.41983e-05
NN --> bulkhead,2.81669e-10,2.81413e-10
NN --> bull,8.15569e-05,8.14828e-05
NN --> bulldozer,7.20849e-05,7.20194e-05
NN --> bullet,2.81669e-10,2.81413e-10
NN --> bully,6.20417e-06,6.19853e-06
NN --> bum,6.26145e-05,6.25576e-05
NN --> bumble,2.81669e-10,2.81413e-10
NN --> bumble_bee,2.47916e-05,2.4769e-05
NN --> bumblebee,2.81669e-10,2.81413e-10
NN --> bump,0.000338213,0.00033887
NN --> bumper,4.36842e-05,4.36445e-05
NN --> bun,9.10302e-05,9.09474e-05
NN --> bunch,0.000195267,0.000195089
NN --> bunche,6.20417e-06,6.19853e-06
NN --> bunk,2.81857e-10,2.81602e-10
NN --> bunkhouse,6.20417e-06,6.19853e-06
NN --> bunny,0.00130706,0.00130268
NN --> buoy,6.20417e-06,6.19853e-06
NN --> bureau,4.36842e-05,4.36445e-05
NN --> burger,2.81883e-10,2.81626e-10
NN --> burp,3.6836e-05,3.68114e-05
NN --> burro,1.53992e-05,1.53852e-05
NN --> bus,0.00126627,0.00126512
NN --> bush,0.000100504,0.000100413
NN --> bushel,2.47916e-05,2.4769e-05
NN --> business,0.000109979,0.000109879
NN --> buster,3.42293e-05,3.41982e-05
NN --> butt,5.31472e-05,5.30989e-05
NN --> butter,0.00101984,0.00101891
NN --> buttercup,2.81669e-10,2.81413e-10
NN --> butterfinger,6.20417e-06,6.19853e-06
NN --> butterfly,0.000233176,0.000232964
NN --> butthead,6.20417e-06,6.19853e-06
NN --> button,0.00119317,0.00119216
NN --> buy,0.000583231,0.000581614
NN --> buzz,2.81831e-10,2.81576e-10
NN --> bx,5.31471e-05,5.30988e-05
NN --> bye,2.85286e-10,2.85029e-10
NN --> byebye,7.68958e-05,7.68393e-05
NN --> cab,1.53992e-05,1.53852e-05
NN --> cabbage,2.47913e-05,2.47688e-05
NN --> cabin,1.53992e-05,1.53852e-05
NN --> cabinet,9.10302e-05,9.09474e-05
NN --> caboose,4.36842e-05,4.36445e-05
NN --> caboosey,1.53992e-05,1.53852e-05
NN --> caca,2.82405e-10,2.82144e-10
NN --> cactus,2.81669e-10,2.81413e-10
NN --> cadet,6.20417e-06,6.19853e-06
NN --> cafe,1.53992e-05,1.53852e-05
NN --> cafeteria,6.20417e-06,6.19853e-06
NN --> cage,0.000308996,0.000308715
NN --> cake,0.00149374,0.00149238
NN --> calendar,5.31472e-05,5.30989e-05
NN --> calf,7.20849e-05,7.20194e-05
NN --> call,0.00078115,0.000778857
NN --> callaloo,6.20417e-06,6.19853e-06
NN --> calzone,2.81669e-10,2.81413e-10
NN --> camel,8.15569e-05,8.14828e-05
NN --> camera,8.15569e-05,8.14828e-05
NN --> camomille,6.20417e-06,6.19853e-06
NN --> camp,7.28861e-05,7.40195e-05
NN --> camper,1.53992e-05,1.53852e-05
NN --> can,0.00382982,0.00383428
NN --> canal,2.90962e-10,2.91042e-10
NN --> candle,0.000574375,0.000573853
NN --> candy,0.000498552,0.000498099
NN --> cane,5.62082e-05,5.62802e-05
NN --> canoe,6.20417e-06,6.19853e-06
NN --> cantaloupe,7.20849e-05,7.20194e-05
NN --> cap,5.31472e-05,5.30989e-05
NN --> cape,0.000119454,0.000119346
NN --> captain,5.7525e-07,2.83366e-10
NN --> car,0.00481298,0.00480876
NN --> card,0.00100088,0.000999974
NN --> cardboard,1.53992e-05,1.53852e-05
NN --> cardinal,3.42294e-05,3.41983e-05
NN --> care,0.000378445,0.000378146
NN --> carnation,2.81669e-10,2.81413e-10
NN --> carnival,4.36842e-05,4.36445e-05
NN --> carol,4.90941e-05,4.85081e-05
NN --> carpenter,4.36842e-05,4.36445e-05
NN --> carpet,0.000100504,0.000100413
NN --> carriage,0.000612287,0.00061173
NN --> carrier,6.20417e-06,6.19853e-06
NN --> carrot,0.000536463,0.000535976
NN --> cart,0.000119455,0.000119346
NN --> carton,2.47916e-05,2.4769e-05
NN --> cartoon,0.00012893,0.000128813
NN --> cartwheel,6.20417e-06,6.19853e-06
NN --> case,0.000223698,0.000223495
NN --> cash,3.42294e-05,3.41983e-05
NN --> cashew,2.81669e-10,2.81413e-10
NN --> casserole,1.53992e-05,1.53852e-05
NN --> cassette,6.20417e-06,6.19853e-06
NN --> castle,0.00018579,0.000185621
NN --> cat,0.00106518,0.00106354
NN --> catalog,1.53992e-05,1.53852e-05
NN --> catalogue,1.53992e-05,1.53852e-05
NN --> catastrophe,6.20417e-06,6.19853e-06
NN --> catch,0.000374395,0.00037457
NN --> category,6.20417e-06,6.19853e-06
NN --> caterpillar,6.26145e-05,6.25576e-05
NN --> catnap,6.20417e-06,6.19853e-06
NN --> catsup,2.81669e-10,2.81413e-10
NN --> cause,6.94475e-05,6.98397e-05
NN --> cave,4.36842e-05,4.36445e-05
NN --> cavity,3.42294e-05,3.41983e-05
NN --> ceiling,8.15569e-05,8.14828e-05
NN --> celery,0.000204743,0.000204557
NN --> cellar,6.26146e-05,6.25577e-05
NN --> cellophane,6.20417e-06,6.19853e-06
NN --> cement,0.000422729,0.000422345
NN --> cent,0.000290041,0.000289777
NN --> center,2.82011e-10,2.81761e-10
NN --> centipede,6.20417e-06,6.19853e-06
NN --> cereal,0.000602809,0.000602261
NN --> cha,2.72829e-05,2.73949e-05
NN --> chacha,2.81669e-10,2.81413e-10
NN --> chain,8.15569e-05,8.14828e-05
NN --> chair,0.00271641,0.00271394
NN --> chalk,0.000185789,0.00018562
NN --> chalkboard,6.20417e-06,6.19853e-06
NN --> challenge,2.81669e-10,2.81413e-10
NN --> champagne,6.20417e-06,6.19853e-06
NN --> chance,6.26146e-05,6.25577e-05
NN --> change,0.000491238,0.000490582
NN --> channel,2.47916e-05,2.4769e-05
NN --> chaos,6.20417e-06,6.19853e-06
NN --> chapstick,6.20417e-06,6.19853e-06
NN --> character,1.53992e-05,1.53852e-05
NN --> charade,6.20417e-06,6.19853e-06
NN --> charge,1.52721e-05,1.52676e-05
NN --> chariot,1.53992e-05,1.53852e-05
NN --> charm,6.20417e-06,6.19853e-06
NN --> chaser,2.81669e-10,2.81413e-10
NN --> chatterbox,6.20417e-06,6.19853e-06
NN --> chattertox,6.20417e-06,6.19853e-06
NN --> check,0.000147984,0.000147899
NN --> checkbook,2.81669e-10,2.81413e-10
NN --> checkup,2.81669e-10,2.81413e-10
NN --> cheek,0.000223698,0.000223495
NN --> cheer,6.20396e-06,6.19833e-06
NN --> cheerio,8.15569e-05,8.14828e-05
NN --> cheese,0.0013142,0.00131277
NN --> cheesepop,2.81669e-10,2.81413e-10
NN --> cherry,0.00012893,0.000128813
NN --> chess,2.81669e-10,2.81413e-10
NN --> chest,0.00012893,0.000128813
NN --> chew,0.000182238,0.000182765
NN --> chewer,6.20417e-06,6.19853e-06
NN --> chick,6.26146e-05,6.25577e-05
NN --> chicken,0.00127575,0.00127459
NN --> chickie,8.40644e-05,8.40644e-05
NN --> chicky,2.97966e-10,2.97688e-10
NN --> chie,6.26146e-05,6.25577e-05
NN --> chief,9.21197e-06,9.24043e-06
NN --> child,0.000686593,0.000690296
NN --> chime,6.20417e-06,6.19853e-06
NN --> chimney,0.000318474,0.000318184
NN --> chimp,2.81669e-10,2.81413e-10
NN --> chimpanzee,1.53992e-05,1.53852e-05
NN --> chin,0.000233176,0.000232964
NN --> chip,9.10299e-05,9.09472e-05
NN --> chipmunk,6.20417e-06,6.19853e-06
NN --> chisel,6.20417e-06,6.19853e-06
NN --> chocolate,0.000189346,0.000188575
NN --> choice,2.47916e-05,2.4769e-05
NN --> chop,0.000141767,0.0001416
NN --> chowder,7.20849e-05,7.20194e-05
NN --> christmas_tree,2.81669e-10,2.81413e-10
NN --> chubby,6.20417e-06,6.19853e-06
NN --> chubbywub,6.20417e-06,6.19853e-06
NN --> church,0.000252066,0.000252283
NN --> chute,6.20417e-06,6.19853e-06
NN --> cider,6.20417e-06,6.19853e-06
NN --> cigar,6.20417e-06,6.19853e-06
NN --> cigarette,0.000147883,0.000147748
NN --> cinnamon,1.53992e-05,1.53852e-05
NN --> circle,0.00068811,0.000687485
NN --> circulation,6.20417e-06,6.19853e-06
NN --> circus,0.000754456,0.00075377
NN --> city,0.000290041,0.000289777
NN --> clam,0.000100504,0.000100413
NN --> clap,0.000144916,0.00014463
NN --> clarinet,6.20417e-06,6.19853e-06
NN --> class,0.000176312,0.000176152
NN --> classroom,6.20417e-06,6.19853e-06
NN --> claw,4.36842e-05,4.36445e-05
NN --> clay,0.000526985,0.000526507
NN --> cleaner,0.000138406,0.000138281
NN --> click,1.98466e-05,1.99144e-05
NN --> climber,6.20417e-06,6.19853e-06
NN --> clinic,6.20417e-06,6.19853e-06
NN --> clip,0.000100504,0.000100412
NN --> clipper,6.20417e-06,6.19853e-06
NN --> clock,0.000290041,0.000289777
NN --> closet,0.000223698,0.000223495
NN --> cloth,0.000155857,0.00015573
NN --> clothesline,3.42294e-05,3.41983e-05
NN --> clothespin,2.47916e-05,2.4769e-05
NN --> cloud,0.000119455,0.000119346
NN --> clown,0.000479596,0.00047916
NN --> club,2.47916e-05,2.4769e-05
NN --> clue,6.20417e-06,6.19853e-06
NN --> coal,5.31472e-05,5.30989e-05
NN --> coaster,1.53992e-05,1.53852e-05
NN --> coat,0.000506026,0.000505382
NN --> cob,0.000242653,0.000242433
NN --> cocktail,2.47916e-05,2.4769e-05
NN --> cocoa,1.5399e-05,1.5385e-05
NN --> code,6.20417e-06,6.19853e-06
NN --> coffee,0.00156009,0.00155867
NN --> coin,6.20417e-06,6.19853e-06
NN --> coke,4.36841e-05,4.36444e-05
NN --> cold,0.000889279,0.000888812
NN --> collar,7.20849e-05,7.20194e-05
NN --> collection,3.42294e-05,3.41983e-05
NN --> college,5.31471e-05,5.30988e-05
NN --> collie,9.45923e-05,9.4411e-05
NN --> cologne,1.53992e-05,1.53852e-05
NN --> color,0.0015944,0.00159426
NN --> comb,0.000379788,0.000378724
NN --> combination,4.36842e-05,4.36445e-05
NN --> comedy,6.20417e-06,6.19853e-06
NN --> comicstrip,6.20417e-06,6.19853e-06
NN --> comma,2.81669e-10,2.81413e-10
NN --> commercial,6.26146e-05,6.25577e-05
NN --> communication,6.20417e-06,6.19853e-06
NN --> compact,6.20417e-06,6.19853e-06
NN --> company,0.000138406,0.00013828
NN --> compass,5.31472e-05,5.30989e-05
NN --> computer,3.42294e-05,3.41983e-05
NN --> con,6.20417e-06,6.19853e-06
NN --> concentration,2.81669e-10,2.81413e-10
NN --> concept,2.47916e-05,2.4769e-05
NN --> concert,6.20417e-06,6.19853e-06
NN --> conclusion,1.53992e-05,1.53852e-05
NN --> concrete,6.20417e-06,6.19853e-06
NN --> condiment,6.20417e-06,6.19853e-06
NN --> conditioner,2.81669e-10,2.81413e-10
NN --> condolence,2.81669e-10,2.81413e-10
NN --> conductor,2.47916e-05,2.4769e-05
NN --> cone,2.82502e-10,2.82247e-10
NN --> confrontation,2.81669e-10,2.81413e-10
NN --> confusion,1.53992e-05,1.53852e-05
NN --> connection,6.20417e-06,6.19853e-06
NN --> consent,1.53992e-05,1.53852e-05
NN --> constipation,6.20417e-06,6.19853e-06
NN --> container,2.47916e-05,2.4769e-05
NN --> control,1.53991e-05,1.53851e-05
NN --> conversation,6.26146e-05,6.25577e-05
NN --> conversationalist,6.20417e-06,6.19853e-06
NN --> convertible,6.20417e-06,6.19853e-06
NN --> cook,0.000396185,0.000396523
NN --> cook_out,2.47916e-05,2.4769e-05
NN --> cookbook,6.20417e-06,6.19853e-06
NN --> cooker,1.53992e-05,1.53852e-05
NN --> cookie,0.000762832,0.000762162
NN --> cookout,1.53992e-05,1.53852e-05
NN --> cooler,2.82302e-10,2.82049e-10
NN --> coop,6.20417e-06,6.19853e-06
NN --> copycat,1.53992e-05,1.53852e-05
NN --> cord,0.000204744,0.000204558
NN --> corduroy,6.20417e-06,6.19853e-06
NN --> core,6.20417e-06,6.19853e-06
NN --> corkscrew,1.53992e-05,1.53852e-05
NN --> corn,0.000754456,0.000753771
NN --> cornbread,2.47916e-05,2.4769e-05
NN --> corner,0.000365862,0.00036553
NN --> cornflake,2.81669e-10,2.81413e-10
NN --> cost,5.20864e-05,5.23637e-05
NN --> costume,0.000195267,0.000195089
NN --> cot,2.47916e-05,2.4769e-05
NN --> cottage,8.15569e-05,8.14828e-05
NN --> cotton,3.46472e-05,3.39164e-05
NN --> couch,0.000574375,0.000573853
NN --> cough,0.000146725,0.000146963
NN --> count,0.000159031,0.000157152
NN --> counter,0.00018579,0.000185621
NN --> country,0.000214221,0.000214026
NN --> couple,0.000483279,0.000484302
NN --> coupon,2.47916e-05,2.4769e-05
NN --> courage,6.20389e-06,6.19825e-06
NN --> course,0.000157359,0.000157216
NN --> cousin,0.000508029,0.000507568
NN --> cover,0.000377105,0.000376814
NN --> cow,0.00153179,0.00153044
NN --> cowboy,0.000191528,0.000191443
NN --> coyote,6.20417e-06,6.19853e-06
NN --> crab,9.10302e-05,9.09474e-05
NN --> crack,6.43218e-05,6.4382e-05
NN --> cracker,0.000697588,0.000696955
NN --> cradle,2.47912e-05,2.47687e-05
NN --> cramp,6.20417e-06,6.19853e-06
NN --> cranapple,2.81669e-10,2.81413e-10
NN --> cranberry,5.31472e-05,5.30989e-05
NN --> crane,7.20849e-05,7.20194e-05
NN --> crank,2.47916e-05,2.4769e-05
NN --> crash,6.81681e-05,6.81185e-05
NN --> crate,2.81669e-10,2.81413e-10
NN --> crayon,0.00102932,0.00102838
NN --> crazy,0.00018158,0.000181941
NN --> cream,0.000780198,0.000788015
NN --> creamer,6.20417e-06,6.19853e-06
NN --> creation,1.53992e-05,1.53852e-05
NN --> creature,5.31472e-05,5.30989e-05
NN --> creek,2.81669e-10,2.81413e-10
NN --> crew,6.20417e-06,6.19853e-06
NN --> crib,0.000650198,0.000649608
NN --> cricket,0.000112924,0.000112841
NN --> crisis,6.20417e-06,6.19853e-06
NN --> crispie,6.20417e-06,6.19853e-06
NN --> crisscross,1.53992e-05,1.53852e-05
NN --> crocodile,6.26144e-05,6.25575e-05
NN --> croissant,6.20417e-06,6.19853e-06
NN --> crook,5.17541e-05,5.16819e-05
NN --> cross,0.00011305,0.000112776
NN --> crossbone,6.20417e-06,6.19853e-06
NN --> crouton,2.47916e-05,2.4769e-05
NN --> crow,2.96624e-05,2.97741e-05
NN --> crown,0.00012893,0.000128813
NN --> crumb,9.10302e-05,9.09474e-05
NN --> crust,6.20417e-06,6.19853e-06
NN --> cry,0.000476816,0.000476599
NN --> crybaby,6.20417e-06,6.19853e-06
NN --> cubby,2.47916e-05,2.4769e-05
NN --> cube,0.00018579,0.000185621
NN --> cucumber,6.26146e-05,6.25577e-05
NN --> cuddle,2.82386e-10,2.82124e-10
NN --> cuddler,1.53989e-05,1.53849e-05
NN --> cuddly,1.64181e-05,1.62298e-05
NN --> cup,0.00323739,0.00323445
NN --> cupboard,6.26146e-05,6.25577e-05
NN --> cupcake,6.26146e-05,6.25577e-05
NN --> curl,0.000314974,0.000314838
NN --> curler,5.31472e-05,5.30989e-05
NN --> curtain,0.000157359,0.000157216
NN --> curve,6.20417e-06,6.19853e-06
NN --> cushion,5.31472e-05,5.30989e-05
NN --> custard,1.53992e-05,1.53852e-05
NN --> custom,2.47916e-05,2.4769e-05
NN --> cut,0.000675903,0.00067675
NN --> cutest,2.83489e-10,2.83264e-10
NN --> cutie,6.26137e-05,6.25567e-05
NN --> cutiepatut,6.20417e-06,6.19853e-06
NN --> cutter,1.53992e-05,1.53852e-05
NN --> cutting,6.20417e-06,6.19853e-06
NN --> cycle,1.53992e-05,1.53852e-05
NN --> cylinder,2.47916e-05,2.4769e-05
NN --> dab,6.20417e-06,6.19853e-06
NN --> dad,0.000164372,0.000164214
NN --> daddy,0.00226003,0.00225562
NN --> dairy,5.31472e-05,5.30989e-05
NN --> daisy,2.8532e-10,2.85052e-10
NN --> damage,6.20417e-06,6.19853e-06
NN --> dance,0.000724005,0.00072396
NN --> dancer,5.31472e-05,5.30989e-05
NN --> danger,1.53992e-05,1.53852e-05
NN --> dark,0.000119494,0.000119448
NN --> darkness,2.81669e-10,2.81413e-10
NN --> darling,6.20417e-06,6.19853e-06
NN --> dart,2.47916e-05,2.4769e-05
NN --> date,1.53992e-05,1.53852e-05
NN --> daughter,0.000223698,0.000223495
NN --> day,0.00346517,0.00346202
NN --> daylight,6.20417e-06,6.19853e-06
NN --> daytime,3.42293e-05,3.41982e-05
NN --> dead,6.26144e-05,6.25575e-05
NN --> deal,4.36842e-05,4.36445e-05
NN --> dear,2.82677e-10,2.82418e-10
NN --> death,6.20417e-06,6.19853e-06
NN --> decision,6.20417e-06,6.19853e-06
NN --> deck,2.47916e-05,2.4769e-05
NN --> decoration,6.26146e-05,6.25577e-05
NN --> decorator,6.20417e-06,6.19853e-06
NN --> deduction,2.81669e-10,2.81413e-10
NN --> deer,0.000214221,0.000214026
NN --> dell,6.20417e-06,6.19853e-06
NN --> demon,6.20417e-06,6.19853e-06
NN --> demonstration,1.53992e-05,1.53852e-05
NN --> dentist,5.31472e-05,5.30989e-05
NN --> department,9.10302e-05,9.09474e-05
NN --> derrick,6.20417e-06,6.19853e-06
NN --> description,6.20417e-06,6.19853e-06
NN --> desert,2.47916e-05,2.4769e-05
NN --> design,6.15249e-05,6.148e-05
NN --> desk,7.20849e-05,7.20194e-05
NN --> dessert,0.000413251,0.000412876
NN --> destruction,6.20417e-06,6.19853e-06
NN --> detective,6.20417e-06,6.19853e-06
NN --> detector,6.20417e-06,6.19853e-06
NN --> devil,6.26146e-05,6.25577e-05
NN --> dial,4.07769e-05,4.05529e-05
NN --> diamond,3.42294e-05,3.41983e-05
NN --> diandra,6.19552e-05,6.19648e-05
NN --> diaper,0.00105775,0.00105679
NN --> dice,6.20417e-06,6.19853e-06
NN --> diet,2.83737e-10,2.83486e-10
NN --> difference,0.00018579,0.000185621
NN --> difficulty,6.20417e-06,6.19853e-06
NN --> digger,5.31471e-05,5.30988e-05
NN --> dime,0.000138406,0.000138281
NN --> dimple,2.47916e-05,2.4769e-05
NN --> dingdong,2.83273e-10,2.83001e-10
NN --> dinner,0.000631243,0.000630669
NN --> dinnertime,6.20417e-06,6.19853e-06
NN --> dino,1.53992e-05,1.53852e-05
NN --> dinosaur,0.000470118,0.000469691
NN --> dip,1.11767e-05,1.08792e-05
NN --> dippy,2.81669e-10,2.81413e-10
NN --> direction,0.00012893,0.000128813
NN --> dirt,0.000422729,0.000422345
NN --> disappointment,2.81669e-10,2.81413e-10
NN --> disarray,6.20417e-06,6.19853e-06
NN --> disaster,2.47916e-05,2.4769e-05
NN --> disbelief,2.81669e-10,2.81413e-10
NN --> discussion,6.20417e-06,6.19853e-06
NN --> disguise,6.20417e-06,6.19853e-06
NN --> dish,0.000678632,0.000678016
NN --> dishpan,6.20417e-06,6.19853e-06
NN --> dishwasher,1.53992e-05,1.53852e-05
NN --> disk,6.20417e-06,6.19853e-06
NN --> disposal,6.20417e-06,6.19853e-06
NN --> distance,6.20417e-06,6.19853e-06
NN --> distinction,2.81669e-10,2.81413e-10
NN --> dither,6.20417e-06,6.19853e-06
NN --> diver,6.20417e-06,6.19853e-06
NN --> dock,6.20417e-06,6.19853e-06
NN --> doctor,0.000896626,0.000895811
NN --> dodge,1.53983e-05,1.53843e-05
NN --> dog,0.00499113,0.0049866
NN --> doggie,0.000754456,0.000753771
NN --> doggy,0.00114305,0.00114201
NN --> doghouse,6.20417e-06,6.19853e-06
NN --> doily,6.20417e-06,6.19853e-06
NN --> doll,0.00214898,0.00214744
NN --> dollar,0.000422729,0.000422345
NN --> dollhouse,6.20417e-06,6.19853e-06
NN --> dollie,0.000441684,0.000441283
NN --> dolly,0.00306493,0.00306232
NN --> dolphin,0.000176313,0.000176152
NN --> domino,2.81669e-10,2.81413e-10
NN --> donkey,0.000214221,0.000214026
NN --> donut,1.53992e-05,1.53852e-05
NN --> door,0.00225198,0.00224994
NN --> doorbell,1.53992e-05,1.53852e-05
NN --> doorknob,1.53992e-05,1.53852e-05
NN --> doorstep,6.20417e-06,6.19853e-06
NN --> doorway,2.81669e-10,2.81413e-10
NN --> dope,2.81669e-10,2.81413e-10
NN --> dot,0.00012893,0.000128813
NN --> doubt,2.82082e-10,2.81834e-10
NN --> dough,5.31472e-05,5.30989e-05
NN --> doughnut,2.81669e-10,2.81413e-10
NN --> downstairs,0.000243576,0.000247478
NN --> downtown,2.82281e-10,2.82018e-10
NN --> dozen,3.23554e-10,3.21401e-10
NN --> dragon,0.000157359,0.000157216
NN --> dragonfly,1.53992e-05,1.53852e-05
NN --> drain,5.31472e-05,5.30989e-05
NN --> draw,0.000778892,0.000778551
NN --> drawer,0.000261608,0.00026137
NN --> drawing,2.81669e-10,2.81413e-10
NN --> dream,0.000213844,0.000213613
NN --> dreamer,3.42294e-05,3.41983e-05
NN --> dress,0.00194652,0.00194742
NN --> dresser,6.26146e-05,6.25577e-05
NN --> drill,2.0778e-05,1.93324e-05
NN --> drink,0.00193789,0.00193691
NN --> drip,4.22476e-05,4.22492e-05
NN --> drive,0.000358215,0.000359583
NN --> driver,0.000137068,0.000137002
NN --> driveway,2.47916e-05,2.4769e-05
NN --> drool,2.85377e-10,2.85169e-10
NN --> drop,0.000263012,0.000262359
NN --> dropsy,1.53992e-05,1.53852e-05
NN --> drum,0.000242653,0.000242432
NN --> drumstick,6.20417e-06,6.19853e-06
NN --> dry,2.82738e-10,2.82486e-10
NN --> dryer,0.000138406,0.000138281
NN --> duck,0.00230644,0.00230411
NN --> duckie,6.20417e-06,6.19853e-06
NN --> duckling,6.26146e-05,6.25577e-05
NN --> ducky,9.103e-05,9.09473e-05
NN --> dumbbell,2.47916e-05,2.4769e-05
NN --> dummy,2.81669e-10,2.81413e-10
NN --> dump,0.000317806,0.000316832
NN --> dumper,1.53992e-05,1.53852e-05
NN --> dumptruck,6.20417e-06,6.19853e-06
NN --> dune,6.20417e-06,6.19853e-06
NN --> dungaree,6.20417e-06,6.19853e-06
NN --> dungeon,6.20417e-06,6.19853e-06
NN --> dust,4.34285e-05,4.33889e-05
NN --> dustpan,3.42294e-05,3.41983e-05
NN --> duty,1.53992e-05,1.53852e-05
NN --> dwarf,6.20417e-06,6.19853e-06
NN --> e,2.47913e-05,2.47687e-05
NN --> each,2.82098e-10,2.81845e-10
NN --> eagle,9.103e-05,9.09473e-05
NN --> ear,0.00142739,0.0014261
NN --> earache,6.20417e-06,6.19853e-06
NN --> eardrum,1.53992e-05,1.53852e-05
NN --> earmuff,6.20417e-06,6.19853e-06
NN --> earphone,6.20417e-06,6.19853e-06
NN --> earplug,6.20417e-06,6.19853e-06
NN --> earring,0.00018579,0.000185621
NN --> earth,2.47916e-05,2.4769e-05
NN --> easel,6.20417e-06,6.19853e-06
NN --> east,6.20417e-06,6.19853e-06
NN --> eater,6.20417e-06,6.19853e-06
NN --> economic,6.20417e-06,6.19853e-06
NN --> edge,9.10302e-05,9.09474e-05
NN --> editor,6.20417e-06,6.19853e-06
NN --> eel,2.81669e-10,2.81413e-10
NN --> effect,6.20417e-06,6.19853e-06
NN --> effort,2.81669e-10,2.81413e-10
NN --> egg,0.00161214,0.00161083
NN --> eggnog,0.000147883,0.000147748
NN --> eggplant,1.53992e-05,1.53852e-05
NN --> eggshell,6.20417e-06,6.19853e-06
NN --> eight,7.36563e-05,7.3432e-05
NN --> eighth,1.53989e-05,1.53849e-05
NN --> eighty,2.81766e-10,2.81511e-10
NN --> elastic,5.31472e-05,5.30989e-05
NN --> elbow,0.000119454,0.000119346
NN --> electrician,2.81669e-10,2.81413e-10
NN --> electricity,1.53992e-05,1.53852e-05
NN --> elephant,0.00194869,0.00194691
NN --> elevator,7.20849e-05,7.20194e-05
NN --> eleven,5.24445e-05,5.27632e-05
NN --> eleventh,6.20417e-06,6.19853e-06
NN --> emergency,3.42294e-05,3.41983e-05
NN --> empty,2.42933e-05,2.82529e-10
NN --> encore,1.53992e-05,1.53852e-05
NN --> end,0.00102319,0.00102183
NN --> energy,1.53992e-05,1.53852e-05
NN --> engine,0.000432207,0.000431814
NN --> engineer,6.20417e-06,6.19853e-06
NN --> enjoyment,6.20417e-06,6.19853e-06
NN --> enough,0.000725305,0.000727132
NN --> enthusiasm,2.81669e-10,2.81413e-10
NN --> entrance,6.20417e-06,6.19853e-06
NN --> envelope,0.000138406,0.000138281
NN --> ephalent,2.81669e-10,2.81413e-10
NN --> equipment,6.20417e-06,6.19853e-06
NN --> eraser,9.10302e-05,9.09474e-05
NN --> ermine,2.8365e-10,2.83227e-10
NN --> errand,1.53992e-05,1.53852e-05
NN --> escalator,4.36842e-05,4.36445e-05
NN --> espresso,6.20417e-06,6.19853e-06
NN --> etcetera,1.53992e-05,1.53852e-05
NN --> eve,0.000284567,0.00028361
NN --> event,6.20417e-06,6.19853e-06
NN --> everybody,0.000849236,0.000848464
NN --> everyday,9.05264e-06,9.04333e-06
NN --> everyone,0.000176313,0.000176152
NN --> everything,0.00150322,0.00150185
NN --> evidence,6.20417e-06,6.19853e-06
NN --> example,6.20417e-06,6.19853e-06
NN --> excitement,2.81669e-10,2.81413e-10
NN --> exclusiveness,6.20417e-06,6.19853e-06
NN --> exclusivity,6.20417e-06,6.19853e-06
NN --> excuse,2.86175e-10,2.85831e-10
NN --> exercise,0.000166836,0.000166684
NN --> exerciser,2.81669e-10,2.81413e-10
NN --> exhaustion,6.20417e-06,6.19853e-06
NN --> expert,6.20417e-06,6.19853e-06
NN --> express,6.20417e-06,6.19853e-06
NN --> expression,6.20417e-06,6.19853e-06
NN --> extension,2.8179e-10,2.81532e-10
NN --> eye,0.00326613,0.00326316
NN --> eyeball,6.20417e-06,6.19853e-06
NN --> eyebrow,0.000166836,0.000166684
NN --> eyeglass,6.20417e-06,6.19853e-06
NN --> eyelash,6.20417e-06,6.19853e-06
NN --> eyesight,6.20417e-06,6.19853e-06
NN --> face,0.00187918,0.00187739
NN --> fact,0.000100504,0.000100413
NN --> factory,5.31472e-05,5.30989e-05
NN --> fail,1.53992e-05,1.53852e-05
NN --> failure,6.20417e-06,6.19853e-06
NN --> fair,0.000204743,0.000204557
NN --> fairy,5.31472e-05,5.30989e-05
NN --> fake,2.82653e-10,2.82396e-10
NN --> faker,6.20417e-06,6.19853e-06
NN --> fakerface,6.20417e-06,6.19853e-06
NN --> fall,0.00120607,0.00120089
NN --> fame,2.81669e-10,2.81413e-10
NN --> family,0.000356384,0.000356061
NN --> fan,0.000147883,0.000147748
NN --> fanny,6.20417e-06,6.19853e-06
NN --> farm,0.000531836,0.00053221
NN --> farmer,0.000147883,0.000147748
NN --> farmhouse,6.20417e-06,6.19853e-06
NN --> farmyard,6.20417e-06,6.19853e-06
NN --> fart,6.20417e-06,6.19853e-06
NN --> fashion,2.47916e-05,2.4769e-05
NN --> fast,0.000134791,0.000138911
NN --> fat,0.000103141,0.000103317
NN --> father,0.000504675,0.000503969
NN --> faucet,4.36842e-05,4.36445e-05
NN --> fault,3.42294e-05,3.41983e-05
NN --> favorite,3.60814e-05,3.35915e-05
NN --> feast,6.20417e-06,6.19853e-06
NN --> feather,7.20849e-05,7.20194e-05
NN --> february,1.53986e-05,1.53846e-05
NN --> feedback,2.81669e-10,2.81413e-10
NN --> feeder,6.20417e-06,6.19853e-06
NN --> feel,0.000903543,0.000902723
NN --> feeling,4.36842e-05,4.36445e-05
NN --> fella,4.36842e-05,4.36445e-05
NN --> fellow,0.00025213,0.000251901
NN --> felt,2.83361e-10,2.83094e-10
NN --> fence,0.000384818,0.000384468
NN --> ferris,1.53992e-05,1.53852e-05
NN --> festival,6.20417e-06,6.19853e-06
NN --> fever,5.31472e-05,5.30989e-05
NN --> few,0.000105386,0.000106328
NN --> fiddle,2.47916e-05,2.4769e-05
NN --> field,8.15569e-05,8.14828e-05
NN --> fifth,3.39838e-05,3.4202e-05
NN --> fight,0.000155379,0.000155416
NN --> fighter,1.53992e-05,1.53852e-05
NN --> file,1.53992e-05,1.53852e-05
NN --> film,8.15569e-05,8.14828e-05
NN --> filter,6.20417e-06,6.19853e-06
NN --> filth,2.81669e-10,2.81413e-10
NN --> filthy,4.36838e-05,4.36441e-05
NN --> fin,3.42294e-05,3.41983e-05
NN --> finger,0.00320926,0.00320635
NN --> fingernail,0.000261608,0.00026137
NN --> fingerpaint,6.20417e-06,6.19853e-06
NN --> fire,0.000442306,0.000442736
NN --> firefighter,2.81669e-10,2.81413e-10
NN --> firehouse,3.42294e-05,3.41983e-05
NN --> fireman,9.10301e-05,9.09473e-05
NN --> fireplace,9.10302e-05,9.09474e-05
NN --> firetruck,7.20849e-05,7.20194e-05
NN --> firewood,2.81669e-10,2.81413e-10
NN --> firework,6.26146e-05,6.25577e-05
NN --> first,0.000855911,0.000863022
NN --> fish,0.00199145,0.00199219
NN --> fishbowl,6.20417e-06,6.19853e-06
NN --> fisherman,6.20417e-06,6.19853e-06
NN --> fishhead,2.81669e-10,2.81413e-10
NN --> fishie,0.000451163,0.000450753
NN --> fishy,5.31472e-05,5.30989e-05
NN --> fist,2.81669e-10,2.81413e-10
NN --> fit,0.00113984,0.00113953
NN --> five,0.000361258,0.000361565
NN --> fix,0.000445383,0.000444561
NN --> fizz,6.20417e-06,6.19853e-06
NN --> fizzie,0.000138406,0.00013828
NN --> flag,7.20849e-05,7.20194e-05
NN --> flame,1.53992e-05,1.53852e-05
NN --> flamingo,1.53992e-05,1.53852e-05
NN --> flap,2.33034e-05,2.32315e-05
NN --> flash,8.17726e-06,8.17147e-06
NN --> flashlight,2.47916e-05,2.4769e-05
NN --> flatbed,6.20417e-06,6.19853e-06
NN --> flavor,3.42294e-05,3.41983e-05
NN --> flea,6.20417e-06,6.19853e-06
NN --> flicker,1.53991e-05,1.53851e-05
NN --> flight,6.20417e-06,6.19853e-06
NN --> flipflop,4.36839e-05,4.36442e-05
NN --> flipper,6.20387e-06,6.19823e-06
NN --> flirt,2.81669e-10,2.81413e-10
NN --> flood,6.20417e-06,6.19853e-06
NN --> floor,0.00260267,0.0026003
NN --> floppy,1.53988e-05,1.53848e-05
NN --> floret,6.20417e-06,6.19853e-06
NN --> flour,4.36842e-05,4.36445e-05
NN --> flower,0.00126568,0.00126453
NN --> flu,2.47916e-05,2.4769e-05
NN --> fluid,6.20417e-06,6.19853e-06
NN --> flute,6.20417e-06,6.19853e-06
NN --> fly,0.0006707,0.000670549
NN --> flypaper,6.20417e-06,6.19853e-06
NN --> flyswatter,6.20417e-06,6.19853e-06
NN --> folder,6.20417e-06,6.19853e-06
NN --> folk,2.47916e-05,2.4769e-05
NN --> food,0.00213825,0.0021363
NN --> foodie,5.31472e-05,5.30989e-05
NN --> fool,1.68892e-05,1.68637e-05
NN --> foot,0.00136105,0.00135981
NN --> football,6.26146e-05,6.25577e-05
NN --> foothill,6.20417e-06,6.19853e-06
NN --> footie,1.53992e-05,1.53852e-05
NN --> footprint,6.20417e-06,6.19853e-06
NN --> footstool,6.20417e-06,6.19853e-06
NN --> footwear,6.20417e-06,6.19853e-06
NN --> forehead,2.47916e-05,2.4769e-05
NN --> forest,0.000195267,0.000195089
NN --> fork,0.00050803,0.000507568
NN --> forklift,6.20417e-06,6.19853e-06
NN --> form,2.47916e-05,2.4769e-05
NN --> fort,6.20417e-06,6.19853e-06
NN --> fortnight,5.31472e-05,5.30989e-05
NN --> fountain,2.81669e-10,2.81413e-10
NN --> four,0.000308797,0.000308557
NN --> fourth,4.04317e-05,4.0444e-05
NN --> fox,0.000204744,0.000204558
NN --> frame,1.53992e-05,1.53852e-05
NN --> frank,4.56028e-05,4.57646e-05
NN --> freeway,6.20417e-06,6.19853e-06
NN --> freeze,6.72118e-06,6.75046e-06
NN --> freezer,9.10302e-05,9.09474e-05
NN --> freight,2.47916e-05,2.4769e-05
NN --> fridge,1.53992e-05,1.53852e-05
NN --> friend,0.00155061,0.0015492
NN --> frigidaire,2.81669e-10,2.81413e-10
NN --> frill,6.20417e-06,6.19853e-06
NN --> fringe,6.20417e-06,6.19853e-06
NN --> frisbee,6.20417e-06,6.19853e-06
NN --> frog,0.000441685,0.000441283
NN --> froggie,7.20848e-05,7.20193e-05
NN --> froggy,2.47908e-05,2.47683e-05
NN --> front,0.000777764,0.000785534
NN --> fruit,0.000305799,0.000305934
NN --> fruit_loop,3.01184e-10,3.0093e-10
NN --> fry,6.2614e-05,6.25571e-05
NN --> fudgesicle,2.47916e-05,2.4769e-05
NN --> fudgsicle,1.53988e-05,1.53848e-05
NN --> fun,0.000923076,0.000923876
NN --> fundy,2.81669e-10,2.81413e-10
NN --> funeral,6.20417e-06,6.19853e-06
NN --> funnel,9.10301e-05,9.09474e-05
NN --> fur,6.26146e-05,6.25577e-05
NN --> furnace,6.20417e-06,6.19853e-06
NN --> furniture,0.000223698,0.000223495
NN --> fuss,2.94483e-10,2.94227e-10
NN --> fussy,6.26145e-05,6.25576e-05
NN --> future,6.20417e-06,6.19853e-06
NN --> fuzz,4.36842e-05,4.36445e-05
NN --> fuzzie,6.20417e-06,6.19853e-06
NN --> fuzzy,2.82791e-10,2.82554e-10
NN --> gal,6.20417e-06,6.19853e-06
NN --> gallery,6.20417e-06,6.19853e-06
NN --> gallon,6.20417e-06,6.19853e-06
NN --> gambler,6.20417e-06,6.19853e-06
NN --> game,0.00102932,0.00102838
NN --> gap,1.30852e-05,1.28964e-05
NN --> garage,0.000290041,0.000289777
NN --> garbage,0.000195267,0.000195089
NN --> garden,0.00026278,0.000262563
NN --> gas,0.000223698,0.000223495
NN --> gate,0.00012893,0.000128813
NN --> gauze,1.53992e-05,1.53852e-05
NN --> gazebo,6.20417e-06,6.19853e-06
NN --> gazelle,1.53992e-05,1.53852e-05
NN --> gear,6.20417e-06,6.19853e-06
NN --> gem,4.36842e-05,4.36445e-05
NN --> genie,2.82053e-10,2.81796e-10
NN --> genius,2.81669e-10,2.81413e-10
NN --> gentleman,6.20417e-06,6.19853e-06
NN --> gentleness,6.20417e-06,6.19853e-06
NN --> geranium,6.20417e-06,6.19853e-06
NN --> germ,0.00018579,0.000185621
NN --> gesture,6.20417e-06,6.19853e-06
NN --> ghost,0.000109979,0.000109879
NN --> giant,0.00016005,0.00016049
NN --> gift,1.53992e-05,1.53852e-05
NN --> gigolo,6.20417e-06,6.19853e-06
NN --> ginger,2.82209e-10,2.81951e-10
NN --> giraffe,0.000498552,0.000498099
NN --> girl,0.00556929,0.00556423
NN --> girlfriend,7.20849e-05,7.20194e-05
NN --> giver,6.20417e-06,6.19853e-06
NN --> glamour,6.20417e-06,6.19853e-06
NN --> glass,0.000583853,0.000583323
NN --> glider,2.81669e-10,2.81413e-10
NN --> glove,0.000166836,0.000166684
NN --> glue,0.000108485,0.000108255
NN --> go,0.00723701,0.00724438
NN --> goat,0.000474459,0.000474046
NN --> god,2.8315e-10,2.82904e-10
NN --> godmother,6.20417e-06,6.19853e-06
NN --> gold,2.51816e-05,2.50795e-05
NN --> goldfish,1.53992e-05,1.53852e-05
NN --> golf,1.53992e-05,1.53852e-05
NN --> gondola,2.81669e-10,2.81413e-10
NN --> goner,6.20417e-06,6.19853e-06
NN --> good,0.000793541,0.000793877
NN --> good_luck_governor,6.20417e-06,6.19853e-06
NN --> goodbye,8.59074e-05,8.83227e-05
NN --> goodie,6.20415e-06,6.19851e-06
NN --> goodness,0.000259203,0.000258226
NN --> goody,1.53991e-05,1.53851e-05
NN --> goof,7.55194e-06,7.55403e-06
NN --> goose,8.07346e-05,8.05752e-05
NN --> goosey,6.20417e-06,6.19853e-06
NN --> gopher,6.20417e-06,6.19853e-06
NN --> gorilla,0.000176313,0.000176152
NN --> gosh,2.82315e-10,2.82061e-10
NN --> governor,1.53992e-05,1.53852e-05
NN --> gown,2.47916e-05,2.4769e-05
NN --> grace,3.27977e-05,3.25266e-05
NN --> grade,0.00012893,0.000128813
NN --> graduate,5.28462e-06,5.26677e-06
NN --> graham,7.20845e-05,7.2019e-05
NN --> grain,3.42294e-05,3.41983e-05
NN --> grampa,2.47909e-05,2.47684e-05
NN --> grandfather,0.000100504,0.000100412
NN --> grandma,0.000184179,0.000183639
NN --> grandmother,0.000176313,0.000176152
NN --> grandpa,2.57216e-05,2.46496e-05
NN --> grandparent,2.81669e-10,2.81413e-10
NN --> granpa,1.53986e-05,1.53846e-05
NN --> grape,0.000205294,0.000205833
NN --> grapefruit,1.53992e-05,1.53852e-05
NN --> grasp,6.20417e-06,6.19853e-06
NN --> grass,0.000470118,0.000469691
NN --> grasshopper,4.36842e-05,4.36445e-05
NN --> grave,6.20417e-06,6.19853e-06
NN --> gravity,1.53992e-05,1.53852e-05
NN --> gravy,7.20849e-05,7.20194e-05
NN --> gray,4.36838e-05,4.36441e-05
NN --> grease,3.42294e-05,3.41983e-05
NN --> green,0.000241198,0.000241116
NN --> greenery,6.20417e-06,6.19853e-06
NN --> gremlin,6.20417e-06,6.19853e-06
NN --> grenade,6.20417e-06,6.19853e-06
NN --> grey,2.82406e-10,2.82147e-10
NN --> grill,8.15567e-05,8.14826e-05
NN --> griller,6.20417e-06,6.19853e-06
NN --> grinder,2.47916e-05,2.4769e-05
NN --> grizzly,2.81669e-10,2.81413e-10
NN --> grocery,7.20849e-05,7.20194e-05
NN --> grouch,1.53992e-05,1.53852e-05
NN --> ground,0.000326466,0.000326132
NN --> group,6.20417e-06,6.19853e-06
NN --> grownup,0.000119455,0.000119346
NN --> grump,1.53992e-05,1.53852e-05
NN --> grumpy,3.42291e-05,3.4198e-05
NN --> guarantee,1.53992e-05,1.53852e-05
NN --> guard,6.20417e-06,6.19853e-06
NN --> guess,0.00101323,0.00101209
NN --> guest,6.20417e-06,6.19853e-06
NN --> guitar,0.000204317,0.000205959
NN --> gull,1.53992e-05,1.53852e-05
NN --> gum,0.000290041,0.000289777
NN --> gumball,6.20417e-06,6.19853e-06
NN --> gumby,3.78793e-05,3.81357e-05
NN --> gun,0.000195267,0.000195089
NN --> gut,6.20417e-06,6.19853e-06
NN --> guy,0.00170226,0.00170071
NN --> gwass,6.20417e-06,6.19853e-06
NN --> gym,1.53992e-05,1.53852e-05
NN --> gymnast,2.81669e-10,2.81413e-10
NN --> gypsy,1.53992e-05,1.53852e-05
NN --> habit,1.53992e-05,1.53852e-05
NN --> haddock,3.42294e-05,3.41983e-05
NN --> hair,0.00386607,0.00386391
NN --> haircut,0.000157359,0.000157216
NN --> hairdo,1.53992e-05,1.53852e-05
NN --> hairdresser,6.20417e-06,6.19853e-06
NN --> hairpin,3.42294e-05,3.41983e-05
NN --> half,0.000516383,0.000517448
NN --> hall,0.000138406,0.00013828
NN --> halo,6.20417e-06,6.19853e-06
NN --> ham,6.26146e-05,6.25577e-05
NN --> hamburger,0.000337429,0.000337122
NN --> hammer,0.00026954,0.000269327
NN --> hammock,2.47916e-05,2.4769e-05
NN --> hamper,0.000147883,0.000147748
NN --> hampster,6.20417e-06,6.19853e-06
NN --> hamster,4.36842e-05,4.36445e-05
NN --> hand,0.00521834,0.00521201
NN --> handball,6.20417e-06,6.19853e-06
NN --> handkerchief,4.36842e-05,4.36445e-05
NN --> handle,0.000228372,0.000228331
NN --> handlebar,1.53992e-05,1.53852e-05
NN --> handsome,2.82065e-10,2.81808e-10
NN --> handy,2.83617e-10,2.83348e-10
NN --> hanger,2.47916e-05,2.4769e-05
NN --> hangnail,2.81669e-10,2.81413e-10
NN --> happie,2.81669e-10,2.81413e-10
NN --> happiness,1.53992e-05,1.53852e-05
NN --> happy,0.000239945,0.000239268
NN --> hard,0.000309247,0.000308763
NN --> hardware,6.20417e-06,6.19853e-06
NN --> harness,1.53992e-05,1.53852e-05
NN --> harvard_square,2.85502e-10,2.85396e-10
NN --> hassock,6.20417e-06,6.19853e-06
NN --> hat,0.00236572,0.00236357
NN --> hay,0.000176313,0.000176152
NN --> hayloft,6.20417e-06,6.19853e-06
NN --> he,0.0102245,0.0102071
NN --> head,0.00364243,0.0036173
NN --> headache,5.31472e-05,5.30989e-05
NN --> headband,0.000100504,0.000100413
NN --> headlight,1.53992e-05,1.53852e-05
NN --> health,2.81669e-10,2.81413e-10
NN --> heart,0.000185789,0.00018562
NN --> heartbeat,6.20417e-06,6.19853e-06
NN --> heat,0.000106298,0.000106191
NN --> heater,5.31472e-05,5.30989e-05
NN --> heaven,0.00012893,0.000128813
NN --> heck,5.31472e-05,5.30989e-05
NN --> hedgehog,0.000242653,0.000242432
NN --> heel,8.15564e-05,8.14823e-05
NN --> heirloom,1.53992e-05,1.53852e-05
NN --> helicopter,0.000204744,0.000204558
NN --> helium,6.20417e-06,6.19853e-06
NN --> hell,6.20417e-06,6.19853e-06
NN --> hellion,6.20417e-06,6.19853e-06
NN --> hello,0.000206326,0.00020704
NN --> helmet,3.42294e-05,3.41983e-05
NN --> help,0.000860266,0.000855068
NN --> helper,0.000196564,0.000196402
NN --> hen,8.15569e-05,8.14828e-05
NN --> here,0.0171075,0.0171308
NN --> hero,6.20417e-06,6.19853e-06
NN --> heron,6.20417e-06,6.19853e-06
NN --> hexagonal,1.53992e-05,1.53852e-05
NN --> hi,0.000138035,0.000139828
NN --> hiccup,7.20849e-05,7.20194e-05
NN --> highchair,0.000365862,0.00036553
NN --> highway,6.20417e-06,6.19853e-06
NN --> hike,8.15569e-05,8.14828e-05
NN --> hill,0.000138406,0.000138281
NN --> hinge,6.20417e-06,6.19853e-06
NN --> hint,5.31472e-05,5.30989e-05
NN --> hip,1.53992e-05,1.53852e-05
NN --> hippo,3.42294e-05,3.41983e-05
NN --> hippopotamus,0.000138406,0.00013828
NN --> hit,0.000337271,0.000337606
NN --> hitch,1.53992e-05,1.53852e-05
NN --> hive,2.47916e-05,2.4769e-05
NN --> hobo,6.20417e-06,6.19853e-06
NN --> hock,1.53992e-05,1.53852e-05
NN --> hockey,1.53992e-05,1.53852e-05
NN --> hoe,3.31373e-05,3.36314e-05
NN --> hog,2.81669e-10,2.81413e-10
NN --> hold,0.000681943,0.000683469
NN --> holder,5.31472e-05,5.30989e-05
NN --> hole,0.00164539,0.00164389
NN --> holiday,6.20417e-06,6.19853e-06
NN --> home,0.0017797,0.00179246
NN --> hon,2.83478e-10,2.83282e-10
NN --> honey,0.000133672,0.000134932
NN --> honeybee,2.81669e-10,2.81413e-10
NN --> honeybun,6.19817e-06,6.19248e-06
NN --> honeycomb,6.20417e-06,6.19853e-06
NN --> honeydew,2.81669e-10,2.81413e-10
NN --> honeymoon,2.81669e-10,2.81413e-10
NN --> hood,1.5399e-05,1.5385e-05
NN --> hoodsie,6.20417e-06,6.19853e-06
NN --> hook,0.000234111,0.000234633
NN --> hoop,4.36842e-05,4.36445e-05
NN --> hop,9.90354e-05,9.80913e-05
NN --> hopbang,6.20417e-06,6.19853e-06
NN --> hopper,6.20417e-06,6.19853e-06
NN --> hopperoo,0.000100504,0.000100413
NN --> hopscotch,6.20417e-06,6.19853e-06
NN --> horn,0.000242653,0.000242432
NN --> horse,0.0028491,0.00284651
NN --> horseshoe,6.20417e-06,6.19853e-06
NN --> horsie,0.00133261,0.0013314
NN --> hose,0.000119455,0.000119346
NN --> hospital,0.000147883,0.000147748
NN --> hot,0.000320999,0.000322073
NN --> hotdog,1.53992e-05,1.53852e-05
NN --> hotel,5.31471e-05,5.30988e-05
NN --> hour,0.000659677,0.000659077
NN --> house,0.00819471,0.00818726
NN --> housework,6.20417e-06,6.19853e-06
NN --> hug,0.000716796,0.000715938
NN --> hugger,6.20417e-06,6.19853e-06
NN --> hugging,6.20417e-06,6.19853e-06
NN --> huh,0.000904295,0.000911681
NN --> humdinger,1.53992e-05,1.53852e-05
NN --> hummburger,2.81669e-10,2.81413e-10
NN --> humor,6.20417e-06,6.19853e-06
NN --> humorus,6.20417e-06,6.19853e-06
NN --> hump,1.53992e-05,1.53852e-05
NN --> hunk,1.53992e-05,1.53852e-05
NN --> hunt,1.5435e-05,1.54188e-05
NN --> hunter,1.53992e-05,1.53852e-05
NN --> hurdle,6.20417e-06,6.19853e-06
NN --> hurt,0.00128449,0.00128414
NN --> husband,0.000100504,0.000100413
NN --> hydrant,1.53992e-05,1.53852e-05
NN --> hysteric,1.53992e-05,1.53852e-05
NN --> i,0.00487141,0.0048731
NN --> ice,0.000222752,0.000214529
NN --> ice-cream,6.20417e-06,6.19853e-06
NN --> iceberg,2.81669e-10,2.81413e-10
NN --> icecream,0.000109979,0.000109879
NN --> idea,0.00106723,0.00106626
NN --> idiot,6.20417e-06,6.19853e-06
NN --> ignition,2.81669e-10,2.81413e-10
NN --> iguana,6.20417e-06,6.19853e-06
NN --> imagination,3.42294e-05,3.41983e-05
NN --> imp,6.20417e-06,6.19853e-06
NN --> impression,6.20417e-06,6.19853e-06
NN --> improvement,2.81669e-10,2.81413e-10
NN --> impulse,6.20417e-06,6.19853e-06
NN --> inch,6.20417e-06,6.19853e-06
NN --> indian,0.000242689,0.00024248
NN --> indigestion,1.53992e-05,1.53852e-05
NN --> infection,1.53992e-05,1.53852e-05
NN --> influence,6.20417e-06,6.19853e-06
NN --> information,5.3147e-05,5.30987e-05
NN --> ink,0.00012893,0.000128813
NN --> insect,2.47916e-05,2.4769e-05
NN --> inside,0.000584367,0.000586439
NN --> instance,6.20417e-06,6.19853e-06
NN --> instigator,1.53992e-05,1.53852e-05
NN --> instruction,2.47916e-05,2.4769e-05
NN --> instrument,3.42294e-05,3.41983e-05
NN --> insurance,6.20417e-06,6.19853e-06
NN --> intelligence,6.20417e-06,6.19853e-06
NN --> intention,6.20417e-06,6.19853e-06
NN --> interaction,6.20417e-06,6.19853e-06
NN --> intermission,6.20417e-06,6.19853e-06
NN --> invention,6.20417e-06,6.19853e-06
NN --> inventory,6.20417e-06,6.19853e-06
NN --> investigator,0.000463703,0.000465842
NN --> iron,0.00010283,0.000102674
NN --> is,0.03872,0.0386755
NN --> island,7.20845e-05,7.20189e-05
NN --> it,0.0547855,0.0547153
NN --> itch,2.47915e-05,2.4769e-05
NN --> jack,6.92228e-05,6.8891e-05
NN --> jack_in_the_box,2.81669e-10,2.81413e-10
NN --> jacket,0.000441685,0.000441283
NN --> jaguar,6.20417e-06,6.19853e-06
NN --> jail,1.53992e-05,1.53852e-05
NN --> jam,6.26146e-05,6.25577e-05
NN --> jammie,0.000109979,0.000109879
NN --> jar,0.00012893,0.000128813
NN --> jaundice,2.81669e-10,2.81413e-10
NN --> jaw,2.47916e-05,2.4769e-05
NN --> jay,1.53992e-05,1.53852e-05
NN --> jazz,2.81669e-10,2.81413e-10
NN --> jeep,0.000138406,0.00013828
NN --> jello,0.000223698,0.000223495
NN --> jelly,2.92929e-05,2.91666e-05
NN --> jerk,2.81669e-10,2.81413e-10
NN --> jersey,6.26146e-05,6.25577e-05
NN --> jest,2.81669e-10,2.81413e-10
NN --> jet,9.10302e-05,9.09474e-05
NN --> jewel,6.20417e-06,6.19853e-06
NN --> jewelry,1.53992e-05,1.53852e-05
NN --> jigsaw,1.53992e-05,1.53852e-05
NN --> job,0.000868192,0.000867403
NN --> joe,2.83167e-10,2.82912e-10
NN --> joke,7.20848e-05,7.20193e-05
NN --> joseph,0.000420274,0.000420545
NN --> jowl,6.20417e-06,6.19853e-06
NN --> joy,1.53992e-05,1.53852e-05
NN --> jug,3.42293e-05,3.41982e-05
NN --> juice,0.00149374,0.00149238
NN --> juicy,2.81785e-10,2.8153e-10
NN --> jump,0.000623486,0.000625301
NN --> jumper,6.20417e-06,6.19853e-06
NN --> jungle,6.26146e-05,6.25577e-05
NN --> junk,5.31472e-05,5.30989e-05
NN --> justice,6.20417e-06,6.19853e-06
NN --> kangaroo,0.000564897,0.000564384
NN --> keeper,2.81669e-10,2.81413e-10
NN --> kerchief,6.20417e-06,6.19853e-06
NN --> ketchup,0.00018579,0.000185621
NN --> kettle,3.42294e-05,3.41983e-05
NN --> key,0.00046064,0.000460222
NN --> keyhole,1.53992e-05,1.53852e-05
NN --> kick,7.11803e-05,7.13878e-05
NN --> kicker,6.20417e-06,6.19853e-06
NN --> kid,0.001377,0.00137588
NN --> kidney,6.20417e-06,6.19853e-06
NN --> kind,0.00504084,0.00503533
NN --> kindergarten,0.000157359,0.000157216
NN --> king,0.000422729,0.000422345
NN --> kiss,0.000682037,0.000681527
NN --> kissing,6.20417e-06,6.19853e-06
NN --> kissy,6.20296e-06,6.19733e-06
NN --> kit,2.82354e-10,2.82099e-10
NN --> kitchen,0.00107671,0.00107573
NN --> kite,0.000119455,0.000119346
NN --> kitten,0.000138406,0.000138281
NN --> kitty,0.00241704,0.00241486
NN --> kleenex,0.00025213,0.000251901
NN --> knee,0.000489074,0.00048863
NN --> knife,0.000413251,0.000412876
NN --> knight,6.20417e-06,6.19853e-06
NN --> knitting,6.20417e-06,6.19853e-06
NN --> knob,0.000109979,0.000109879
NN --> knot,0.000166835,0.000166684
NN --> knowledge,6.20417e-06,6.19853e-06
NN --> knuckle,6.20417e-06,6.19853e-06
NN --> knucklehead,3.42292e-05,3.41981e-05
NN --> koala,1.53992e-05,1.53852e-05
NN --> kook,6.20417e-06,6.19853e-06
NN --> koolaid,2.82078e-10,2.81819e-10
NN --> la,6.87162e-06,6.86609e-06
NN --> label,2.81669e-10,2.81413e-10
NN --> lad,6.20417e-06,6.19853e-06
NN --> ladder,0.000119455,0.000119346
NN --> ladle,1.53992e-05,1.53852e-05
NN --> lady,0.00234676,0.00234463
NN --> ladybug,6.26146e-05,6.25577e-05
NN --> lake,0.000166836,0.000166684
NN --> lamb,0.000441685,0.000441283
NN --> lamp,0.000100504,0.000100413
NN --> land,0.000107588,0.000107019
NN --> landscape,6.20417e-06,6.19853e-06
NN --> landscaper,6.20417e-06,6.19853e-06
NN --> lane,1.53992e-05,1.53852e-05
NN --> language,7.20849e-05,7.20194e-05
NN --> lap,0.000678633,0.000678016
NN --> lapel,6.20417e-06,6.19853e-06
NN --> lasagna,1.53992e-05,1.53852e-05
NN --> lasagne,6.20417e-06,6.19853e-06
NN --> lash,6.20417e-06,6.19853e-06
NN --> lasso,2.81669e-10,2.81413e-10
NN --> latch,7.20849e-05,7.20194e-05
NN --> late,2.82283e-10,2.8203e-10
NN --> later,0.000728396,0.000731901
NN --> laugh,0.000123852,0.00012343
NN --> laughter,6.20417e-06,6.19853e-06
NN --> laundry,0.000147883,0.000147748
NN --> law,6.20417e-06,6.19853e-06
NN --> lawn,3.42294e-05,3.41983e-05
NN --> lawnmower,4.36842e-05,4.36445e-05
NN --> layer,1.53992e-05,1.53852e-05
NN --> leader,2.81669e-10,2.81413e-10
NN --> leaf,7.20849e-05,7.20194e-05
NN --> leak,1.20822e-05,1.20562e-05
NN --> leash,2.81669e-10,2.81413e-10
NN --> leather,5.31472e-05,5.30989e-05
NN --> leave,0.00057184,0.000571646
NN --> left,0.000548002,0.000549219
NN --> leftover,1.53992e-05,1.53852e-05
NN --> leg,0.00181599,0.00181434
NN --> leggie,6.20417e-06,6.19853e-06
NN --> legging,6.20417e-06,6.19853e-06
NN --> lego,1.53992e-05,1.53852e-05
NN --> lemon,0.000157359,0.000157216
NN --> lemonade,3.42294e-05,3.41983e-05
NN --> lens,6.20417e-06,6.19853e-06
NN --> leopard,4.36842e-05,4.36445e-05
NN --> leotard,2.47916e-05,2.4769e-05
NN --> lesson,0.000138406,0.000138281
NN --> letter,0.0015127,0.00151132
NN --> lettuce,0.000223698,0.000223495
NN --> level,2.47916e-05,2.4769e-05
NN --> library,0.000119455,0.000119346
NN --> license,5.31472e-05,5.30989e-05
NN --> lick,4.73467e-05,4.67279e-05
NN --> licorice,2.47916e-05,2.4769e-05
NN --> lid,0.000147883,0.000147748
NN --> life,0.000109979,0.000109879
NN --> lifeguard,5.31467e-05,5.30984e-05
NN --> lifepreserver,1.53992e-05,1.53852e-05
NN --> lifetime,6.20417e-06,6.19853e-06
NN --> lift,0.000121688,0.000121466
NN --> light,0.0016206,0.00161862
NN --> lightbulb,6.20417e-06,6.19853e-06
NN --> lighter,2.47916e-05,2.4769e-05
NN --> lighthouse,2.47916e-05,2.4769e-05
NN --> like,0.00981369,0.00983005
NN --> likeness,2.81669e-10,2.81413e-10
NN --> lilac,2.81669e-10,2.81413e-10
NN --> lily,2.85447e-10,2.8519e-10
NN --> lime,6.20417e-06,6.19853e-06
NN --> limit,2.52186e-05,2.52036e-05
NN --> limp,6.20417e-06,6.19853e-06
NN --> line,0.000805083,0.000804368
NN --> linoleum,6.20417e-06,6.19853e-06
NN --> lion,0.00133261,0.0013314
NN --> lip,8.15569e-05,8.14828e-05
NN --> lipstick,0.000100504,0.000100413
NN --> liquid,1.5399e-05,1.5385e-05
NN --> list,0.00012893,0.000128813
NN --> little,0.0012872,0.00129043
NN --> littlest,2.4791e-05,2.47685e-05
NN --> liver,4.36842e-05,4.36445e-05
NN --> lizard,3.42294e-05,3.41983e-05
NN --> llama,0.00018579,0.000185621
NN --> load,3.49906e-05,3.49404e-05
NN --> loader,3.42294e-05,3.41983e-05
NN --> loaf,1.53992e-05,1.53852e-05
NN --> lobster,0.000233176,0.000232964
NN --> lock,0.00012658,0.000126017
NN --> locomotive,6.26146e-05,6.25577e-05
NN --> log,9.10302e-05,9.09474e-05
NN --> logic,6.20417e-06,6.19853e-06
NN --> lollipop,0.000223698,0.000223495
NN --> lolly,1.53988e-05,1.53848e-05
NN --> looftyloo,6.20417e-06,6.19853e-06
NN --> look,0.00819982,0.00818749
NN --> loom,6.20417e-06,6.19853e-06
NN --> loop,3.42292e-05,3.41981e-05
NN --> loop_loop,5.3147e-05,5.30987e-05
NN --> loose,2.83067e-10,2.82821e-10
NN --> lord,2.82204e-10,2.81948e-10
NN --> loser,6.20417e-06,6.19853e-06
NN --> lot,0.00401489,0.00401125
NN --> lotion,3.42294e-05,3.41983e-05
NN --> lottery,1.53992e-05,1.53852e-05
NN --> lounge,6.20417e-06,6.19853e-06
NN --> love,0.00103728,0.00103693
NN --> luck,7.20849e-05,7.20194e-05
NN --> lullabye,6.20417e-06,6.19853e-06
NN --> lulu,6.20417e-06,6.19853e-06
NN --> lumber,2.87432e-10,2.87255e-10
NN --> lump,1.53992e-05,1.53852e-05
NN --> lunch,0.00186481,0.00186483
NN --> lunchtime,6.20417e-06,6.19853e-06
NN --> lung,6.20417e-06,6.19853e-06
NN --> maam,1.54594e-05,1.54472e-05
NN --> macaroni,0.000103154,0.000103105
NN --> machine,0.000413251,0.000412876
NN --> machinery,1.53992e-05,1.53852e-05
NN --> madness,2.81669e-10,2.81413e-10
NN --> magazine,4.36841e-05,4.36444e-05
NN --> magic,3.95075e-05,3.76694e-05
NN --> magician,1.53992e-05,1.53852e-05
NN --> magnadoodle,6.20417e-06,6.19853e-06
NN --> magnet,0.000214221,0.000214026
NN --> maid,1.53992e-05,1.53852e-05
NN --> mail,0.000224883,0.00022477
NN --> mailbox,9.10302e-05,9.09474e-05
NN --> mailman,0.000157359,0.000157216
NN --> mailperson,2.81669e-10,2.81413e-10
NN --> mailwoman,6.20417e-06,6.19853e-06
NN --> major,1.53986e-05,1.53846e-05
NN --> make,0.00464742,0.00457263
NN --> maker,6.20417e-06,6.19853e-06
NN --> makeup,3.42294e-05,3.41983e-05
NN --> mall,3.42294e-05,3.41983e-05
NN --> mallard,2.84339e-10,2.84102e-10
NN --> mama,0.00045045,0.000467353
NN --> mammal,3.42294e-05,3.41983e-05
NN --> man,0.00250304,0.0024999
NN --> manager,2.81669e-10,2.81413e-10
NN --> mane,0.00012893,0.000128813
NN --> manger,6.20417e-06,6.19853e-06
NN --> manner,1.53992e-05,1.53852e-05
NN --> mantle,1.53992e-05,1.53852e-05
NN --> many,2.26616e-05,2.27177e-05
NN --> maple,3.42288e-05,3.41977e-05
NN --> marble,0.000138406,0.000138281
NN --> march,2.41424e-05,2.40892e-05
NN --> mark,6.74179e-05,6.72392e-05
NN --> marker,1.53992e-05,1.53852e-05
NN --> market,3.42294e-05,3.41983e-05
NN --> marmar,6.20417e-06,6.19853e-06
NN --> marshmallow,3.42294e-05,3.41983e-05
NN --> mask,0.00012893,0.000128813
NN --> mass,2.84513e-10,2.84079e-10
NN --> massage,6.20417e-06,6.19853e-06
NN --> mast,6.20417e-06,6.19853e-06
NN --> master,2.47916e-05,2.4769e-05
NN --> mat,3.42293e-05,3.41982e-05
NN --> match,0.000280009,0.00027964
NN --> material,6.20417e-06,6.19853e-06
NN --> math,2.47916e-05,2.4769e-05
NN --> matron,6.20417e-06,6.19853e-06
NN --> matter,0.000384817,0.000384467
NN --> mattress,5.31471e-05,5.30988e-05
NN --> may,0.00067008,0.000674215
NN --> mayonnaise,9.10302e-05,9.09474e-05
NN --> meadow,6.20417e-06,6.19853e-06
NN --> meadowlark,6.20417e-06,6.19853e-06
NN --> meal,8.15569e-05,8.14828e-05
NN --> meanchie,1.53992e-05,1.53852e-05
NN --> meat,0.000239153,0.00024229
NN --> meatball,1.53992e-05,1.53852e-05
NN --> meatloaf,6.20417e-06,6.19853e-06
NN --> medicine,0.000365862,0.00036553
NN --> medium,2.82263e-10,2.82002e-10
NN --> member,6.20417e-06,6.19853e-06
NN --> memory,6.26146e-05,6.25577e-05
NN --> men,0.000168581,0.000169457
NN --> mercy,2.81669e-10,2.81413e-10
NN --> meringue,2.81669e-10,2.81413e-10
NN --> mermaid,6.20417e-06,6.19853e-06
NN --> merry,6.20413e-06,6.1985e-06
NN --> merry_go_round,3.42294e-05,3.41983e-05
NN --> mesh,6.20417e-06,6.19853e-06
NN --> mess,0.000688513,0.000687502
NN --> message,2.47916e-05,2.4769e-05
NN --> metal,0.000109979,0.000109879
NN --> mic,6.20417e-06,6.19853e-06
NN --> microbacteria,3.42294e-05,3.41983e-05
NN --> microphone,0.000365862,0.00036553
NN --> microscope,5.31472e-05,5.30989e-05
NN --> microwave,1.53992e-05,1.53852e-05
NN --> middle,0.000602809,0.000602261
NN --> midnight,6.20417e-06,6.19853e-06
NN --> mike,0.000126225,0.000126408
NN --> mile,2.47916e-05,2.4769e-05
NN --> milk,0.00270226,0.00269955
NN --> milkman,4.4379e-05,4.42903e-05
NN --> millet,1.53992e-05,1.53852e-05
NN --> millionaire,2.81669e-10,2.81413e-10
NN --> mime,2.81669e-10,2.81413e-10
NN --> mincemeat,2.81669e-10,2.81413e-10
NN --> mind,0.000373052,0.000372736
NN --> mine,0.000589293,0.000589471
NN --> miner,6.20417e-06,6.19853e-06
NN --> mink,2.47916e-05,2.4769e-05
NN --> mint,2.81669e-10,2.81413e-10
NN --> minute,0.00274185,0.00273934
NN --> mirror,0.000811324,0.000810587
NN --> misadventure,6.20417e-06,6.19853e-06
NN --> mischief,2.81669e-10,2.81413e-10
NN --> miss,0.000474696,0.000473932
NN --> missile,6.20417e-06,6.19853e-06
NN --> mistake,0.000233176,0.000232964
NN --> mister,2.28105e-05,2.27105e-05
NN --> mitten,9.10302e-05,9.09474e-05
NN --> mix,5.75878e-05,5.74023e-05
NN --> mixer,0.000327951,0.000327653
NN --> mm,4.18459e-05,4.17079e-05
NN --> mob,2.81669e-10,2.81413e-10
NN --> mobile,9.10298e-05,9.09471e-05
NN --> mode,6.20417e-06,6.19853e-06
NN --> model,1.53992e-05,1.53852e-05
NN --> modesty,2.81669e-10,2.81413e-10
NN --> molar,6.20417e-06,6.19853e-06
NN --> mold,2.47916e-05,2.4769e-05
NN --> mole,1.53992e-05,1.53852e-05
NN --> mom,0.000219821,0.000219562
NN --> moment,0.00012893,0.000128813
NN --> momentum,6.20417e-06,6.19853e-06
NN --> momma,0.00021003,0.000209349
NN --> mommy,0.00401225,0.00400879
NN --> money,0.00110514,0.00110414
NN --> monitor,6.20417e-06,6.19853e-06
NN --> monkey,0.00188234,0.00188063
NN --> monster,0.000394295,0.000393937
NN --> month,0.000413251,0.000412876
NN --> moo,4.36839e-05,4.36442e-05
NN --> mood,7.20849e-05,7.20194e-05
NN --> moon,0.00029004,0.000289777
NN --> moose,1.53992e-05,1.53852e-05
NN --> mop,4.34019e-05,4.33395e-05
NN --> more,0.00116983,0.00117514
NN --> morning,0.00201503,0.0020132
NN --> morse,6.20417e-06,6.19853e-06
NN --> mosquito,0.000100504,0.000100413
NN --> moth,1.53992e-05,1.53852e-05
NN --> mother,0.00168657,0.00168449
NN --> motor,0.000112808,0.000112357
NN --> motorboat,6.20416e-06,6.19852e-06
NN --> motorcycle,0.000119455,0.000119346
NN --> motorscooter,2.81669e-10,2.81413e-10
NN --> mountain,0.000109979,0.000109879
NN --> mouse,0.00133261,0.0013314
NN --> mousie,4.36842e-05,4.36445e-05
NN --> moustache,6.20417e-06,6.19853e-06
NN --> mouth,0.0032377,0.00323475
NN --> mouthful,4.36842e-05,4.36445e-05
NN --> move,0.000721888,0.000720147
NN --> movement,1.53992e-05,1.53852e-05
NN --> mover,1.53992e-05,1.53852e-05
NN --> movie,0.000489074,0.00048863
NN --> mower,6.20417e-06,6.19853e-06
NN --> much,0.000128871,0.000129231
NN --> mud,0.000204744,0.000204558
NN --> muff,6.20417e-06,6.19853e-06
NN --> muffin,0.000157359,0.000157216
NN --> muffler,2.81669e-10,2.81413e-10
NN --> mug,4.36842e-05,4.36445e-05
NN --> mule,6.20417e-06,6.19853e-06
NN --> mumma,8.91825e-05,8.90289e-05
NN --> mummy,0.000457837,0.000456207
NN --> munchkin,2.82216e-10,2.8196e-10
NN --> murder,2.78985e-05,2.78682e-05
NN --> muscle,0.000157359,0.000157216
NN --> museum,0.000100504,0.000100413
NN --> mushroom,1.53992e-05,1.53852e-05
NN --> mushy,3.42277e-05,3.41966e-05
NN --> music,0.000365862,0.00036553
NN --> mustache,0.000147883,0.000147748
NN --> mustard,1.53992e-05,1.53852e-05
NN --> mystery,2.81669e-10,2.81413e-10
NN --> nail,0.000308996,0.000308715
NN --> nakedness,2.81669e-10,2.81413e-10
NN --> name,0.00382014,0.00382114
NN --> nana,0.000484882,0.000484961
NN --> nanapkin,6.20417e-06,6.19853e-06
NN --> nannie,2.81669e-10,2.81413e-10
NN --> nap,0.00128134,0.00128016
NN --> napkin,0.000612287,0.000611731
NN --> naptime,1.5399e-05,1.5385e-05
NN --> navigator,1.53992e-05,1.53852e-05
NN --> navy,3.42292e-05,3.41981e-05
NN --> neck,0.000621765,0.0006212
NN --> necklace,0.000147883,0.000147748
NN --> necktie,1.53992e-05,1.53852e-05
NN --> nectar,6.20417e-06,6.19853e-06
NN --> need,0.00299468,0.00297806
NN --> needle,0.000147883,0.000147748
NN --> negative,6.20417e-06,6.19853e-06
NN --> neighbor,6.20417e-06,6.19853e-06
NN --> neighborhood,3.42294e-05,3.41983e-05
NN --> nephew,6.20417e-06,6.19853e-06
NN --> nerd,3.42294e-05,3.41983e-05
NN --> nerve,6.20417e-06,6.19853e-06
NN --> nest,0.00018579,0.000185621
NN --> net,2.47916e-05,2.4769e-05
NN --> news,2.47916e-05,2.4769e-05
NN --> newscast,6.20417e-06,6.19853e-06
NN --> newspaper,7.20849e-05,7.20194e-05
NN --> nibble,1.46795e-05,1.44515e-05
NN --> nickel,0.000100504,0.000100413
NN --> nickle,1.53992e-05,1.53852e-05
NN --> nickname,3.42294e-05,3.41983e-05
NN --> night,0.00239415,0.00239198
NN --> nightgown,8.15569e-05,8.14828e-05
NN --> nightshirt,6.20417e-06,6.19853e-06
NN --> nighttime,3.42294e-05,3.41983e-05
NN --> nine,0.0002013,0.000201728
NN --> nineteen,1.82501e-05,1.82472e-05
NN --> nion,2.81669e-10,2.81413e-10
NN --> nipple,0.00012893,0.000128813
NN --> no,0.000376407,0.000377821
NN --> nobody,0.000318474,0.000318184
NN --> nod,6.20416e-06,6.19853e-06
NN --> noggin,6.20417e-06,6.19853e-06
NN --> noise,0.000944016,0.000943158
NN --> noisy,2.14625e-05,2.03972e-05
NN --> none,8.15568e-05,8.14827e-05
NN --> nonsense,2.86053e-10,2.85791e-10
NN --> noodle,0.00024217,0.000242032
NN --> nookie,6.20417e-06,6.19853e-06
NN --> noontime,6.20417e-06,6.19853e-06
NN --> north,2.83732e-10,2.83469e-10
NN --> nose,0.00249841,0.00249614
NN --> note,2.47916e-05,2.4769e-05
NN --> notebook,7.20849e-05,7.20194e-05
NN --> nothing,0.000650199,0.000649608
NN --> notice,3.69854e-05,3.722e-05
NN --> notion,6.20417e-06,6.19853e-06
NN --> noun,1.53992e-05,1.53852e-05
NN --> nourishment,6.20417e-06,6.19853e-06
NN --> novel,6.20417e-06,6.19853e-06
NN --> now,0.00619742,0.0062082
NN --> nowhere,2.82793e-10,2.82526e-10
NN --> nudist,6.20417e-06,6.19853e-06
NN --> nuisance,2.81669e-10,2.81413e-10
NN --> number,0.000669155,0.000668547
NN --> nun,6.20417e-06,6.19853e-06
NN --> nurse,0.000365862,0.00036553
NN --> nursery,2.55489e-05,2.58251e-05
NN --> nursie,2.83542e-10,2.83285e-10
NN --> nut,0.000451162,0.000450752
NN --> nuttin,2.81669e-10,2.81413e-10
NN --> o'clock,2.81669e-10,2.81413e-10
NN --> oak,6.20417e-06,6.19853e-06
NN --> oar,6.20417e-06,6.19853e-06
NN --> oat,6.20417e-06,6.19853e-06
NN --> oatmeal,2.47916e-05,2.4769e-05
NN --> object,6.20417e-06,6.19853e-06
NN --> oboe,6.20417e-06,6.19853e-06
NN --> observer,7.45238e-05,7.28721e-05
NN --> obsession,1.53992e-05,1.53852e-05
NN --> ocean,0.000214221,0.000214026
NN --> oclock,1.53992e-05,1.53852e-05
NN --> octagon,6.20417e-06,6.19853e-06
NN --> octopus,4.36842e-05,4.36445e-05
NN --> odor,1.53992e-05,1.53852e-05
NN --> offense,6.20417e-06,6.19853e-06
NN --> office,0.000109979,0.000109879
NN --> oil,9.20867e-05,9.19923e-05
NN --> olive,4.36841e-05,4.36444e-05
NN --> omelette,6.20417e-06,6.19853e-06
NN --> once,0.000385165,0.000388897
NN --> one,0.0229807,0.0229626
NN --> onesie,6.20417e-06,6.19853e-06
NN --> onion,0.000138406,0.000138281
NN --> oop,8.8303e-06,8.83224e-06
NN --> opener,3.42294e-05,3.41983e-05
NN --> opera,6.20417e-06,6.19853e-06
NN --> operation,6.20417e-06,6.19853e-06
NN --> operator,1.53992e-05,1.53852e-05
NN --> opinion,1.53992e-05,1.53852e-05
NN --> opossum,6.20417e-06,6.19853e-06
NN --> opposite,2.83356e-10,2.83086e-10
NN --> orange,0.000458143,0.000458667
NN --> orchid,6.20417e-06,6.19853e-06
NN --> order,0.000134646,0.000134393
NN --> organ,6.20417e-06,6.19853e-06
NN --> orphan,5.31472e-05,5.30989e-05
NN --> ostrich,2.47916e-05,2.4769e-05
NN --> other,0.000761928,0.000767442
NN --> ounce,6.20417e-06,6.19853e-06
NN --> out,0.00559556,0.00565462
NN --> outfit,0.000109979,0.000109879
NN --> outline,6.20417e-06,6.19853e-06
NN --> outside,0.000484055,0.000486229
NN --> oval,3.42294e-05,3.41983e-05
NN --> oven,0.00029004,0.000289777
NN --> overall,3.42294e-05,3.41983e-05
NN --> overalle,6.20417e-06,6.19853e-06
NN --> owl,0.000166835,0.000166684
NN --> own,2.82092e-10,2.81835e-10
NN --> owner,6.20417e-06,6.19853e-06
NN --> oyster,8.15569e-05,8.14828e-05
NN --> pacifier,2.47916e-05,2.4769e-05
NN --> pack,5.09692e-05,5.08352e-05
NN --> package,0.00018579,0.000185621
NN --> pad,0.000327951,0.000327653
NN --> paddle,8.15564e-05,8.14823e-05
NN --> page,0.000962972,0.000962097
NN --> pail,0.000157359,0.000157216
NN --> pain,4.36842e-05,4.36445e-05
NN --> paint,0.000479263,0.000478928
NN --> paintbrush,2.81669e-10,2.81413e-10
NN --> painter,6.20417e-06,6.19853e-06
NN --> painting,6.20417e-06,6.19853e-06
NN --> pair,0.000261608,0.00026137
NN --> pajama,0.000716544,0.000715893
NN --> pajammie,6.20417e-06,6.19853e-06
NN --> pal,0.000109979,0.000109879
NN --> palace,6.26146e-05,6.25577e-05
NN --> pale,6.20417e-06,6.19853e-06
NN --> palm,1.53992e-05,1.53852e-05
NN --> pamper,3.42294e-05,3.41983e-05
NN --> pan,0.000204743,0.000204557
NN --> pancake,0.00029004,0.000289777
NN --> panda,0.00012893,0.000128813
NN --> panic,6.20417e-06,6.19853e-06
NN --> pant,6.20417e-06,6.19853e-06
NN --> pants,0.000412604,0.000414818
NN --> papa,0.000780336,0.000779401
NN --> paper,0.0023172,0.00233103
NN --> par,6.20417e-06,6.19853e-06
NN --> parachute,6.20417e-06,6.19853e-06
NN --> parade,0.000157359,0.000157216
NN --> parent,0.000109257,0.000108871
NN --> parer,6.20417e-06,6.19853e-06
NN --> park,0.00121083,0.00120976
NN --> parka,2.81669e-10,2.81413e-10
NN --> parlor,5.31472e-05,5.30989e-05
NN --> parmesan,6.20417e-06,6.19853e-06
NN --> parrot,6.26146e-05,6.25577e-05
NN --> parsley,6.20417e-06,6.19853e-06
NN --> part,0.00219727,0.00219839
NN --> party,0.00158525,0.00158386
NN --> passive,2.81669e-10,2.81413e-10
NN --> pasta,5.31472e-05,5.30989e-05
NN --> paste,5.4087e-05,5.41036e-05
NN --> pastina,6.20417e-06,6.19853e-06
NN --> pasture,2.47916e-05,2.4769e-05
NN --> pat,8.62993e-05,8.64722e-05
NN --> patch,6.54634e-06,6.5419e-06
NN --> path,6.20417e-06,6.19853e-06
NN --> patience,6.20417e-06,6.19853e-06
NN --> patient,2.82194e-10,2.81936e-10
NN --> patrol,6.20417e-06,6.19853e-06
NN --> pattern,6.20417e-06,6.19853e-06
NN --> pattycake,6.20417e-06,6.19853e-06
NN --> paw,0.000100504,0.000100413
NN --> payday,3.42294e-05,3.41983e-05
NN --> pea,0.000432207,0.000431814
NN --> peace,5.31472e-05,5.30989e-05
NN --> peach,0.000147883,0.000147748
NN --> peacock,2.47916e-05,2.4769e-05
NN --> peanut,0.000330962,0.000331676
NN --> pear,0.000147883,0.000147748
NN --> pearl,1.53992e-05,1.53852e-05
NN --> pebble,1.46281e-05,1.45878e-05
NN --> peck,2.34126e-05,2.34619e-05
NN --> pee,2.82927e-10,2.82668e-10
NN --> peek,4.84655e-05,4.87164e-05
NN --> peekaboo,0.000111983,0.000111815
NN --> peel,6.80414e-05,6.77318e-05
NN --> peg,6.26146e-05,6.25577e-05
NN --> pelican,1.53992e-05,1.53852e-05
NN --> pen,0.000451163,0.000450753
NN --> pencil,0.00133261,0.0013314
NN --> penguin,0.000195267,0.000195089
NN --> penis,6.20417e-06,6.19853e-06
NN --> penny,0.000593331,0.000592792
NN --> pentagon,6.20417e-06,6.19853e-06
NN --> pep,2.81669e-10,2.81413e-10
NN --> pepper,0.000176313,0.000176152
NN --> peppermint,3.42294e-05,3.41983e-05
NN --> perfume,1.53992e-05,1.53852e-05
NN --> permanent,3.42291e-05,3.4198e-05
NN --> permission,1.53992e-05,1.53852e-05
NN --> person,0.000271086,0.000270839
NN --> perspective,6.20417e-06,6.19853e-06
NN --> pest,1.53992e-05,1.53852e-05
NN --> pet,5.36594e-05,5.12586e-05
NN --> petal,6.20417e-06,6.19853e-06
NN --> petticoat,2.47916e-05,2.4769e-05
NN --> phd,6.20417e-06,6.19853e-06
NN --> phone,0.000517508,0.000517037
NN --> phony,2.81939e-10,2.81687e-10
NN --> phrase,1.53992e-05,1.53852e-05
NN --> piano,0.000327951,0.000327653
NN --> piccalilli,6.20417e-06,6.19853e-06
NN --> pick,0.000508026,0.000508343
NN --> picking,2.81669e-10,2.81413e-10
NN --> pickle,0.000109979,0.000109879
NN --> pickup,6.20417e-06,6.19853e-06
NN --> picnic,0.00037534,0.000374999
NN --> picture,0.00452671,0.0045226
NN --> pie,0.00037534,0.000374999
NN --> piece,0.00355047,0.00354725
NN --> pig,0.000147883,0.000147748
NN --> pigeon,5.31472e-05,5.30989e-05
NN --> piggie,1.53992e-05,1.53852e-05
NN --> piggy,9.10297e-05,9.0947e-05
NN --> piggybank,6.20417e-06,6.19853e-06
NN --> pigletta,2.81669e-10,2.81413e-10
NN --> pigtail,0.000176313,0.000176152
NN --> pilaf,6.20417e-06,6.19853e-06
NN --> pile,0.000153209,0.000153001
NN --> pill,0.000166836,0.000166684
NN --> pillow,0.000479596,0.00047916
NN --> pilot,8.15569e-05,8.14828e-05
NN --> pimple,6.20417e-06,6.19853e-06
NN --> pin,0.000564897,0.000564383
NN --> pinafore,6.20417e-06,6.19853e-06
NN --> pinata,2.81669e-10,2.81413e-10
NN --> pine,2.83396e-10,2.83149e-10
NN --> pineapple,0.000138406,0.00013828
NN --> pink,6.76583e-05,6.74643e-05
NN --> pinkie,6.20417e-06,6.19853e-06
NN --> pinky^rose,2.81669e-10,2.81413e-10
NN --> pinwheel,5.31472e-05,5.30989e-05
NN --> pipe,0.000602809,0.000602261
NN --> pirate,6.20417e-06,6.19853e-06
NN --> pistol,6.20417e-06,6.19853e-06
NN --> pit,6.20417e-06,6.19853e-06
NN --> pitch,6.20417e-06,6.19853e-06
NN --> pitcher,4.36842e-05,4.36445e-05
NN --> pizza,0.000109979,0.000109879
NN --> place,0.0015955,0.00159482
NN --> placemat,2.47916e-05,2.4769e-05
NN --> plan,8.15567e-05,8.14826e-05
NN --> plane,0.000337429,0.000337122
NN --> plankton,2.47916e-05,2.4769e-05
NN --> plant,0.000121942,0.000122061
NN --> plantation,6.20417e-06,6.19853e-06
NN --> planter,6.20417e-06,6.19853e-06
NN --> plastic,3.38879e-05,3.31631e-05
NN --> plate,0.00118097,0.00117989
NN --> platform,6.20417e-06,6.19853e-06
NN --> play,0.00171738,0.00171919
NN --> playday,6.20417e-06,6.19853e-06
NN --> playdough,0.000138406,0.00013828
NN --> player,0.00012893,0.000128813
NN --> playground,5.31472e-05,5.30989e-05
NN --> playpen,0.000100504,0.000100413
NN --> playroom,1.53992e-05,1.53852e-05
NN --> plaything,2.81669e-10,2.81413e-10
NN --> pleasure,6.20417e-06,6.19853e-06
NN --> pledge,1.53991e-05,1.53851e-05
NN --> plenty,0.000138406,0.00013828
NN --> plier,1.53992e-05,1.53852e-05
NN --> plop,6.22088e-06,6.21505e-06
NN --> plug,3.60566e-05,3.55625e-05
NN --> plugger,2.81669e-10,2.81413e-10
NN --> plum,5.31472e-05,5.30989e-05
NN --> plumber,1.53992e-05,1.53852e-05
NN --> plunge,6.20417e-06,6.19853e-06
NN --> plunger,1.53992e-05,1.53852e-05
NN --> plural,2.47916e-05,2.4769e-05
NN --> pluralization,6.20417e-06,6.19853e-06
NN --> plus,6.59726e-06,6.5997e-06
NN --> pneumonia,2.81669e-10,2.81413e-10
NN --> pocket,0.000403773,0.000403406
NN --> pocketbook,0.000166836,0.000166684
NN --> pod,1.53992e-05,1.53852e-05
NN --> poem,5.31472e-05,5.30989e-05
NN --> pogo,6.20417e-06,6.19853e-06
NN --> point,0.000174393,0.000173332
NN --> pointer,1.53992e-05,1.53852e-05
NN --> poise,6.20417e-06,6.19853e-06
NN --> poison,1.53982e-05,1.53842e-05
NN --> poke,2.82235e-10,2.81948e-10
NN --> poker,5.31472e-05,5.30989e-05
NN --> polar,2.81886e-10,2.81629e-10
NN --> pole,0.000125962,0.000126658
NN --> police,2.83746e-10,2.83508e-10
NN --> policeman,0.000147883,0.000147748
NN --> polish,8.15564e-05,8.14822e-05
NN --> politician,6.20417e-06,6.19853e-06
NN --> polka,2.84008e-10,2.83681e-10
NN --> pond,5.31471e-05,5.30988e-05
NN --> pony,0.000109964,0.000109378
NN --> ponytail,0.000233176,0.000232964
NN --> poo,2.82044e-10,2.81791e-10
NN --> poo_poo,6.20417e-06,6.19853e-06
NN --> poodle,0.000195266,0.000195089
NN --> pooh,5.31469e-05,5.30986e-05
NN --> pooh^ball,1.53992e-05,1.53852e-05
NN --> pookie,6.20417e-06,6.19853e-06
NN --> pool,0.000432207,0.000431814
NN --> poop,6.26146e-05,6.25577e-05
NN --> poopie,3.42294e-05,3.41983e-05
NN --> pooty,2.81669e-10,2.81413e-10
NN --> pop,0.00025561,0.00025692
NN --> popcorn,4.36842e-05,4.36445e-05
NN --> popper,6.20417e-06,6.19853e-06
NN --> popple,8.15568e-05,8.14827e-05
NN --> popsicle,0.000318473,0.000318184
NN --> porcelain,6.20417e-06,6.19853e-06
NN --> porch,0.000138406,0.000138281
NN --> porcupine,0.000773412,0.000772709
NN --> pork,9.10302e-05,9.09474e-05
NN --> porkchop,2.47916e-05,2.4769e-05
NN --> porridge,6.20417e-06,6.19853e-06
NN --> portrait,6.20417e-06,6.19853e-06
NN --> position,1.53992e-05,1.53852e-05
NN --> post,5.31468e-05,5.30985e-05
NN --> postcard,6.20417e-06,6.19853e-06
NN --> poster,1.53992e-05,1.53852e-05
NN --> postman,2.81669e-10,2.81413e-10
NN --> posy,6.20417e-06,6.19853e-06
NN --> pot,0.000640721,0.000640139
NN --> potato,0.000612287,0.000611731
NN --> pouch,2.47916e-05,2.4769e-05
NN --> poultry,2.81669e-10,2.81413e-10
NN --> pound,0.000138406,0.000138281
NN --> pourer,6.20417e-06,6.19853e-06
NN --> pout,6.20417e-06,6.19853e-06
NN --> powder,0.000155817,0.000155814
NN --> powderpuff,6.20417e-06,6.19853e-06
NN --> power,3.42292e-05,3.4198e-05
NN --> powerball,1.53992e-05,1.53852e-05
NN --> pox,2.47916e-05,2.4769e-05
NN --> practice,7.47088e-05,7.46214e-05
NN --> prayer,6.20417e-06,6.19853e-06
NN --> prediction,6.20417e-06,6.19853e-06
NN --> preschooler,6.20417e-06,6.19853e-06
NN --> present,0.00146531,0.00146397
NN --> president,2.83016e-10,2.82774e-10
NN --> press,7.2376e-05,7.36582e-05
NN --> pretend,0.000156949,0.000156391
NN --> pretzel,7.20849e-05,7.20194e-05
NN --> price,1.00824e-05,1.01226e-05
NN --> pricker,1.53992e-05,1.53852e-05
NN --> prickle,2.81669e-10,2.81413e-10
NN --> pride,2.81669e-10,2.81413e-10
NN --> prince,3.42291e-05,3.4198e-05
NN --> princess,0.000185789,0.00018562
NN --> principal,6.20417e-06,6.19853e-06
NN --> principle,6.20417e-06,6.19853e-06
NN --> print,6.46034e-06,6.45899e-06
NN --> prisoner,6.20417e-06,6.19853e-06
NN --> prize,8.15569e-05,8.14828e-05
NN --> problem,0.000422729,0.000422345
NN --> process,1.53987e-05,1.53847e-05
NN --> product,6.20417e-06,6.19853e-06
NN --> production,6.20417e-06,6.19853e-06
NN --> program,5.31472e-05,5.30989e-05
NN --> project,3.42294e-05,3.41983e-05
NN --> promise,5.43946e-05,5.44732e-05
NN --> proof,2.81669e-10,2.81413e-10
NN --> propeller,0.00012893,0.000128813
NN --> psychology,1.53991e-05,1.53851e-05
NN --> pterodactyl,6.20417e-06,6.19853e-06
NN --> publication,6.20417e-06,6.19853e-06
NN --> puddle,1.53992e-05,1.53852e-05
NN --> puff,3.33582e-05,3.33703e-05
NN --> pull,0.000710549,0.000709489
NN --> pumpkin,0.000497589,0.000497133
NN --> punch,0.000253582,0.000253509
NN --> puncher,6.20417e-06,6.19853e-06
NN --> punk,6.20417e-06,6.19853e-06
NN --> pup,6.20417e-06,6.19853e-06
NN --> puppet,0.000602809,0.000602261
NN --> puppy,0.000308996,0.000308715
NN --> purple,2.39277e-05,2.38123e-05
NN --> purpose,2.47916e-05,2.4769e-05
NN --> purse,8.15569e-05,8.14828e-05
NN --> push,0.000655338,0.000654677
NN --> pusher,6.20417e-06,6.19853e-06
NN --> pushup,2.47916e-05,2.4769e-05
NN --> puss,2.81669e-10,2.81413e-10
NN --> pussy,2.91418e-10,2.91022e-10
NN --> puzzle,0.00121888,0.00121777
NN --> pyramid,6.20417e-06,6.19853e-06
NN --> quail,2.81669e-10,2.81413e-10
NN --> quart,0.000204744,0.000204558
NN --> quarter,0.000318474,0.000318184
NN --> queen,0.00029004,0.000289777
NN --> question,0.000232306,0.000232095
NN --> quiet,8.73521e-05,8.64275e-05
NN --> quieter,6.20417e-06,6.19853e-06
NN --> quill,5.31472e-05,5.30989e-05
NN --> quilt,2.81669e-10,2.81413e-10
NN --> quiz,6.20417e-06,6.19853e-06
NN --> r,3.42293e-05,3.41982e-05
NN --> rabbit,0.00163591,0.00163442
NN --> raccoon,6.26146e-05,6.25577e-05
NN --> race,0.00012893,0.000128813
NN --> racer,6.20417e-06,6.19853e-06
NN --> rack,3.42294e-05,3.41983e-05
NN --> racket,2.81669e-10,2.81413e-10
NN --> racoon,4.36842e-05,4.36445e-05
NN --> radiator,2.47916e-05,2.4769e-05
NN --> radio,0.000233175,0.000232964
NN --> radish,0.000100504,0.000100413
NN --> raft,2.47916e-05,2.4769e-05
NN --> rag,3.42294e-05,3.41983e-05
NN --> rail,2.85008e-10,2.84752e-10
NN --> railroad,6.26146e-05,6.25577e-05
NN --> railway,6.20417e-06,6.19853e-06
NN --> rain,0.000336688,0.000335916
NN --> rainbow,5.31472e-05,5.30989e-05
NN --> raincloud,2.81669e-10,2.81413e-10
NN --> raincoat,5.31472e-05,5.30989e-05
NN --> raindrop,2.47916e-05,2.4769e-05
NN --> raisin,6.26146e-05,6.25577e-05
NN --> rake,0.00012126,0.000121473
NN --> rally,2.81669e-10,2.81413e-10
NN --> rambler,2.47911e-05,2.47686e-05
NN --> ramp,6.20417e-06,6.19853e-06
NN --> ranch,1.53974e-05,1.53834e-05
NN --> range,2.81669e-10,2.81413e-10
NN --> rash,5.31472e-05,5.30989e-05
NN --> raspberry,1.53992e-05,1.53852e-05
NN --> rat,6.20417e-06,6.19853e-06
NN --> rate,2.47916e-05,2.4769e-05
NN --> rattle,0.000127537,0.000127406
NN --> rattlesnake,6.20417e-06,6.19853e-06
NN --> raven,6.20417e-06,6.19853e-06
NN --> ravioli,2.83125e-10,2.82855e-10
NN --> razor,0.000109979,0.000109879
NN --> reach,4.6913e-05,4.64993e-05
NN --> reaction,6.20417e-06,6.19853e-06
NN --> reason,8.15569e-05,8.14828e-05
NN --> reception,6.20417e-06,6.19853e-06
NN --> recharge,2.81669e-10,2.81413e-10
NN --> recipe,6.20417e-06,6.19853e-06
NN --> recital,9.10302e-05,9.09474e-05
NN --> recognition,6.20417e-06,6.19853e-06
NN --> record,0.000345848,0.000345713
NN --> recorder,0.000346907,0.000346591
NN --> rectangle,2.47916e-05,2.4769e-05
NN --> red,0.000577019,0.000584248
NN --> reel,3.42294e-05,3.41983e-05
NN --> refrigerator,0.000593331,0.000592792
NN --> register,2.47916e-05,2.4769e-05
NN --> rein,6.20417e-06,6.19853e-06
NN --> reindeer,0.000233176,0.000232964
NN --> relative,2.47916e-05,2.4769e-05
NN --> release,6.20417e-06,6.19853e-06
NN --> relish,6.20417e-06,6.19853e-06
NN --> remover,2.81669e-10,2.81413e-10
NN --> rendition,6.20417e-06,6.19853e-06
NN --> repair,2.47899e-05,2.47673e-05
NN --> repeat,3.42284e-05,3.41973e-05
NN --> report,6.20417e-06,6.19853e-06
NN --> request,6.20417e-06,6.19853e-06
NN --> respite,2.81669e-10,2.81413e-10
NN --> responsibility,6.20417e-06,6.19853e-06
NN --> rest,0.00104827,0.00104732
NN --> restaurant,0.000204744,0.000204558
NN --> result,6.20417e-06,6.19853e-06
NN --> rewind,3.95281e-05,3.94557e-05
NN --> rhino,2.47916e-05,2.4769e-05
NN --> rhinoceros,0.000100504,0.000100413
NN --> rhyme,7.20849e-05,7.20194e-05
NN --> ribbon,0.000470118,0.000469691
NN --> rice,0.000470118,0.000469691
NN --> rice_crispie,2.81669e-10,2.81413e-10
NN --> riddle,6.20417e-06,6.19853e-06
NN --> ride,0.0016856,0.00168289
NN --> ridinghood,6.20417e-06,6.19853e-06
NN --> rifle,1.53991e-05,1.53851e-05
NN --> right,0.00217191,0.002144
NN --> ring,0.000375705,0.000375411
NN --> ringmaster,6.20417e-06,6.19853e-06
NN --> rinse,8.04228e-05,7.91621e-05
NN --> riot,3.42294e-05,3.41983e-05
NN --> rip,4.83401e-05,4.82787e-05
NN --> river,0.000138406,0.00013828
NN --> riverboat,2.47916e-05,2.4769e-05
NN --> road,0.000754456,0.000753771
NN --> roam,6.20417e-06,6.19853e-06
NN --> roast,2.81812e-10,2.81553e-10
NN --> robe,3.42294e-05,3.41983e-05
NN --> robin,0.000283693,0.000283631
NN --> robot,3.42294e-05,3.41983e-05
NN --> rock,0.000194338,0.000193153
NN --> rock_a_bye,2.81917e-10,2.81661e-10
NN --> rocket,7.20849e-05,7.20194e-05
NN --> rod,5.31472e-05,5.30989e-05
NN --> rodeo,6.20417e-06,6.19853e-06
NN --> roll,0.000262005,0.000259171
NN --> roller,0.000109979,0.000109879
NN --> rollercoaster,2.47915e-05,2.47689e-05
NN --> rollerskate,2.47916e-05,2.4769e-05
NN --> roof,0.000716544,0.000715893
NN --> rooftop,6.20417e-06,6.19853e-06
NN --> room,0.00211929,0.00211736
NN --> rooster,0.000195267,0.000195089
NN --> root,6.26145e-05,6.25576e-05
NN --> rootbeer,2.81669e-10,2.81413e-10
NN --> rope,0.000220421,0.000220757
NN --> rose,2.47221e-05,2.4417e-05
NN --> rosebud,6.20417e-06,6.19853e-06
NN --> rosey,3.42294e-05,3.41983e-05
NN --> rouge,6.20411e-06,6.19847e-06
NN --> round,4.20721e-05,4.20743e-05
NN --> row,0.00027294,0.000272556
NN --> rowboat,6.20417e-06,6.19853e-06
NN --> rubbage,6.20417e-06,6.19853e-06
NN --> rubber,2.83272e-10,2.83026e-10
NN --> rudder,2.81669e-10,2.81413e-10
NN --> ruff,2.81769e-10,2.81513e-10
NN --> rug,0.000280563,0.000280308
NN --> rule,2.47916e-05,2.4769e-05
NN --> ruler,1.53992e-05,1.53852e-05
NN --> rummage,1.53992e-05,1.53852e-05
NN --> run,0.000450551,0.000451881
NN --> rush,2.83621e-10,2.83366e-10
NN --> sack,6.20417e-06,6.19853e-06
NN --> sacrament,2.81669e-10,2.81413e-10
NN --> saddle,6.26146e-05,6.25577e-05
NN --> sail,8.57677e-05,8.57293e-05
NN --> sailboat,0.000147883,0.000147748
NN --> sake,6.26146e-05,6.25577e-05
NN --> salad,0.000470118,0.000469691
NN --> salami,2.81669e-10,2.81413e-10
NN --> sale,0.000138406,0.000138281
NN --> salesman,6.20417e-06,6.19853e-06
NN --> salon,6.20417e-06,6.19853e-06
NN --> salt,0.000337429,0.000337122
NN --> same,0.000450648,0.000451193
NN --> sample,2.81669e-10,2.81413e-10
NN --> sand,0.000640721,0.000640138
NN --> sandal,1.53992e-05,1.53852e-05
NN --> sandbox,9.10302e-05,9.09474e-05
NN --> sandpaper,6.20417e-06,6.19853e-06
NN --> sandwich,0.00110514,0.00110414
NN --> sandy,2.82587e-10,2.82327e-10
NN --> satin,6.20417e-06,6.19853e-06
NN --> sauce,5.31472e-05,5.30989e-05
NN --> saucer,0.000195267,0.000195089
NN --> sausage,5.31472e-05,5.30989e-05
NN --> saver,6.20417e-06,6.19853e-06
NN --> saw,0.000707398,0.000706415
NN --> scab,1.53992e-05,1.53852e-05
NN --> scale,1.53992e-05,1.53852e-05
NN --> scallop,5.31472e-05,5.30989e-05
NN --> scar,0.00016639,0.000166229
NN --> scarecrow,2.47916e-05,2.4769e-05
NN --> scarf,3.42294e-05,3.41983e-05
NN --> schedule,3.42292e-05,3.41981e-05
NN --> school,0.00397183,0.00397073
NN --> schoolhouse,6.20417e-06,6.19853e-06
NN --> schoolyard,2.81669e-10,2.81413e-10
NN --> scissors,0.000331889,0.000334452
NN --> scoop,3.42285e-05,3.41975e-05
NN --> scoot,2.47605e-05,2.47384e-05
NN --> scooter,0.000119454,0.000119346
NN --> scootie,2.81669e-10,2.81413e-10
NN --> score,1.53991e-05,1.53852e-05
NN --> scorpion,6.20417e-06,6.19853e-06
NN --> scotch,0.000125401,0.000126067
NN --> scotty,2.81669e-10,2.81413e-10
NN --> scrap,6.20417e-06,6.19853e-06
NN --> scraper,2.81669e-10,2.81413e-10
NN --> scratch,0.000144159,0.000144406
NN --> scratcher,6.20417e-06,6.19853e-06
NN --> scream,3.13572e-05,3.12906e-05
NN --> screen,3.42294e-05,3.41983e-05
NN --> screw,0.000343258,0.000342261
NN --> screwdriver,6.26146e-05,6.25577e-05
NN --> sea,5.7924e-05,5.78344e-05
NN --> seafood,6.20417e-06,6.19853e-06
NN --> seagull,1.53992e-05,1.53852e-05
NN --> seahorse,6.26146e-05,6.25577e-05
NN --> seal,0.000308996,0.000308715
NN --> seashore,6.20417e-06,6.19853e-06
NN --> season,5.31472e-05,5.30989e-05
NN --> seat,0.00083028,0.000829526
NN --> seatbelt,1.53992e-05,1.53852e-05
NN --> sec,4.36841e-05,4.36444e-05
NN --> second,0.000352395,0.000352083
NN --> secret,0.000214221,0.000214026
NN --> secretary,6.20417e-06,6.19853e-06
NN --> security,2.81669e-10,2.81413e-10
NN --> seed,0.00012893,0.000128813
NN --> seesaw,0.000157359,0.000157216
NN --> selection,6.20417e-06,6.19853e-06
NN --> self,4.36842e-05,4.36445e-05
NN --> sense,4.36842e-05,4.36445e-05
NN --> sentence,2.47916e-05,2.4769e-05
NN --> sergeant,6.20413e-06,6.19849e-06
NN --> series,1.53992e-05,1.53852e-05
NN --> service,4.36842e-05,4.36445e-05
NN --> session,1.53992e-05,1.53852e-05
NN --> set,0.00023619,0.000235248
NN --> seven,0.000175822,0.000175731
NN --> seventeen,2.8753e-10,2.87348e-10
NN --> seventeenth,2.81669e-10,2.81413e-10
NN --> seventh,1.48822e-05,1.51081e-05
NN --> sewer,6.20417e-06,6.19853e-06
NN --> shade,4.36842e-05,4.36445e-05
NN --> shadow,0.000119455,0.000119346
NN --> shake,0.000150339,0.000149118
NN --> shaker,2.4453e-05,2.46087e-05
NN --> shame,1.53992e-05,1.53852e-05
NN --> shampoo,0.000177884,0.000177735
NN --> shape,0.000413608,0.00041239
NN --> share,9.27671e-05,9.25254e-05
NN --> shark,0.00025213,0.000251901
NN --> sharpener,1.53992e-05,1.53852e-05
NN --> shaver,1.53992e-05,1.53852e-05
NN --> shaving,6.20417e-06,6.19853e-06
NN --> she,0.00635807,0.00635451
NN --> shear,6.20417e-06,6.19853e-06
NN --> shed,6.20417e-06,6.19853e-06
NN --> sheep,2.82545e-10,2.82294e-10
NN --> sheet,2.47916e-05,2.4769e-05
NN --> shelf,0.000356384,0.000356061
NN --> shell,0.000176313,0.000176152
NN --> shepherd,1.53991e-05,1.53851e-05
NN --> sherbert,1.53992e-05,1.53852e-05
NN --> sherbet,6.20417e-06,6.19853e-06
NN --> sheriff,2.81669e-10,2.81413e-10
NN --> shift,2.8243e-10,2.82193e-10
NN --> shine,2.10889e-05,2.10636e-05
NN --> shiner,6.20417e-06,6.19853e-06
NN --> ship,0.000128929,0.000128811
NN --> shirt,0.00101036,0.00100944
NN --> shirtie,6.20417e-06,6.19853e-06
NN --> shit,1.5399e-05,1.5385e-05
NN --> shlubble,6.20417e-06,6.19853e-06
NN --> shoe,0.00249841,0.00249614
NN --> shoelace,4.36842e-05,4.36445e-05
NN --> shoey,6.20417e-06,6.19853e-06
NN --> shop,0.000107274,0.000108667
NN --> shore,6.20417e-06,6.19853e-06
NN --> short,1.09177e-05,1.09633e-05
NN --> shortsleever,6.20417e-06,6.19853e-06
NN --> shot,0.000157358,0.000157215
NN --> shoulder,9.10302e-05,9.09474e-05
NN --> shovel,0.00023131,0.000231142
NN --> show,0.000615805,0.000602606
NN --> shower,4.36842e-05,4.36445e-05
NN --> shred,6.20417e-06,6.19853e-06
NN --> shrimp,4.36842e-05,4.36445e-05
NN --> shrub,6.20417e-06,6.19853e-06
NN --> shutter,6.20417e-06,6.19853e-06
NN --> shuttle,2.47916e-05,2.4769e-05
NN --> sick,0.000329932,0.000329471
NN --> sickness,2.81669e-10,2.81413e-10
NN --> side,0.00158502,0.00158358
NN --> sidewalk,0.000166836,0.000166684
NN --> sifter,6.20417e-06,6.19853e-06
NN --> sigh,2.81669e-10,2.81413e-10
NN --> sight,6.20417e-06,6.19853e-06
NN --> sign,0.00014889,0.000148812
NN --> silk,2.81669e-10,2.81413e-10
NN --> silly,2.8283e-10,2.82576e-10
NN --> silo,4.36842e-05,4.36445e-05
NN --> silver,8.74185e-06,8.80254e-06
NN --> silverware,2.47916e-05,2.4769e-05
NN --> singer,6.20417e-06,6.19853e-06
NN --> sink,0.000365862,0.00036553
NN --> sip,3.42294e-05,3.41983e-05
NN --> sir,2.82245e-10,2.81989e-10
NN --> sis,6.13423e-05,6.10423e-05
NN --> sissie,2.81669e-10,2.81413e-10
NN --> sister,0.000754456,0.00075377
NN --> site,3.42294e-05,3.41983e-05
NN --> sitter,6.20417e-06,6.19853e-06
NN --> situation,6.20417e-06,6.19853e-06
NN --> six,0.00018769,0.000188162
NN --> sixpence,6.20417e-06,6.19853e-06
NN --> sixteenth,1.53992e-05,1.53852e-05
NN --> sixth,1.53992e-05,1.53852e-05
NN --> size,0.000214221,0.000214026
NN --> skate,3.42294e-05,3.41983e-05
NN --> skateboard,2.81669e-10,2.81413e-10
NN --> ski,7.52075e-06,7.51893e-06
NN --> skidder,1.53992e-05,1.53852e-05
NN --> skim,3.42294e-05,3.41983e-05
NN --> skin,0.000124953,0.000124953
NN --> skirt,0.00025213,0.000251901
NN --> skunk,6.26146e-05,6.25577e-05
NN --> sky,0.000498552,0.000498099
NN --> skyline,6.20417e-06,6.19853e-06
NN --> slack,7.20849e-05,7.20194e-05
NN --> slang,1.53992e-05,1.53852e-05
NN --> slant,2.81691e-10,2.81436e-10
NN --> slate,2.47916e-05,2.4769e-05
NN --> sled,5.31468e-05,5.30985e-05
NN --> sleep,0.00152489,0.00152622
NN --> sleepyhead,6.20417e-06,6.19853e-06
NN --> sleepyheady,6.20417e-06,6.19853e-06
NN --> sleeve,0.000138406,0.000138281
NN --> sleigh,3.42294e-05,3.41983e-05
NN --> slice,3.42294e-05,3.41982e-05
NN --> slick,6.20417e-06,6.19853e-06
NN --> slide,0.000526925,0.000526526
NN --> slinky,1.53992e-05,1.53852e-05
NN --> slip,5.19343e-05,5.1961e-05
NN --> slipper,0.000451163,0.000450753
NN --> slit,6.20417e-06,6.19853e-06
NN --> sliver,6.20417e-06,6.19853e-06
NN --> slob,6.20417e-06,6.19853e-06
NN --> slot,6.20417e-06,6.19853e-06
NN --> slush,6.20417e-06,6.19853e-06
NN --> smartie,6.20417e-06,6.19853e-06
NN --> smell,0.00023766,0.000236904
NN --> smile,0.000117074,0.000117339
NN --> smiler,2.81987e-10,2.81737e-10
NN --> smoke,0.000227553,0.000227645
NN --> smokestack,1.53992e-05,1.53852e-05
NN --> smoothie,2.81669e-10,2.81413e-10
NN --> snack,0.000261608,0.00026137
NN --> snail,0.000109979,0.000109879
NN --> snake,0.000517508,0.000517037
NN --> snap,0.000210231,0.000210756
NN --> snapper,6.20417e-06,6.19853e-06
NN --> snarl,7.20849e-05,7.20193e-05
NN --> sneak,1.03442e-05,1.039e-05
NN --> sneaker,0.000290041,0.000289777
NN --> sneeze,4.00125e-05,4.00046e-05
NN --> sneezie,6.20417e-06,6.19853e-06
NN --> sniffle,6.20417e-06,6.19853e-06
NN --> snooze,6.20417e-06,6.19853e-06
NN --> snort,1.53991e-05,1.53851e-05
NN --> snow,0.000481036,0.000480576
NN --> snowball,6.20417e-06,6.19853e-06
NN --> snowman,0.000394295,0.000393937
NN --> snowmen,1.99227e-05,1.99898e-05
NN --> snowsuit,2.47916e-05,2.4769e-05
NN --> snuggle,6.20417e-06,6.19853e-06
NN --> soakie,2.47915e-05,2.47689e-05
NN --> soap,0.000170826,0.000170094
NN --> soccer,2.47916e-05,2.4769e-05
NN --> sock,0.00121888,0.00121777
NN --> sockie,1.53991e-05,1.53851e-05
NN --> soda,0.000147883,0.000147748
NN --> sofa,5.31472e-05,5.30989e-05
NN --> softball,6.20417e-06,6.19853e-06
NN --> soldier,0.00018579,0.000185621
NN --> solo,6.20417e-06,6.19853e-06
NN --> some,0.00379611,0.00379963
NN --> somebody,0.00115253,0.00115148
NN --> someday,3.2436e-10,3.20597e-10
NN --> somem,2.81669e-10,2.81413e-10
NN --> someone,0.000545941,0.000545445
NN --> someplace,2.68609e-05,2.69411e-05
NN --> somersault,0.000109979,0.000109879
NN --> something,0.00619484,0.00618921
NN --> somewhere,0.000394539,0.00039591
NN --> son,0.000119454,0.000119346
NN --> song,0.00133261,0.0013314
NN --> sophomore,6.20417e-06,6.19853e-06
NN --> sorcerer,3.42294e-05,3.41983e-05
NN --> sore,3.89458e-05,3.87979e-05
NN --> sort,0.000276321,0.000276313
NN --> soul,1.53992e-05,1.53852e-05
NN --> sound,0.000853652,0.000852569
NN --> soup,0.00078289,0.000782179
NN --> south,2.8274e-10,2.82478e-10
NN --> souvenir,1.53992e-05,1.53852e-05
NN --> space,0.000384818,0.000384468
NN --> spaceship,2.47916e-05,2.4769e-05
NN --> spaghetti,0.00021222,0.000211444
NN --> span,1.53992e-05,1.53852e-05
NN --> spaniel,6.20417e-06,6.19853e-06
NN --> spanking,6.20417e-06,6.19853e-06
NN --> spare,1.53986e-05,1.53846e-05
NN --> spark,2.47916e-05,2.4769e-05
NN --> sparkler,6.20417e-06,6.19853e-06
NN --> sparrow,6.20417e-06,6.19853e-06
NN --> speaker,6.20417e-06,6.19853e-06
NN --> spear,8.15569e-05,8.14828e-05
NN --> special,2.32122e-05,2.35106e-05
NN --> speech,1.53992e-05,1.53852e-05
NN --> spice,1.53992e-05,1.53852e-05
NN --> spider,0.000185789,0.000185621
NN --> spigot,3.42294e-05,3.41983e-05
NN --> spike,7.08342e-06,7.07658e-06
NN --> spill,0.000191364,0.000191653
NN --> spin,8.25347e-05,8.25155e-05
NN --> spinach,8.15569e-05,8.14828e-05
NN --> spine,6.20417e-06,6.19853e-06
NN --> spit,6.03582e-05,6.01873e-05
NN --> spitter,2.81669e-10,2.81413e-10
NN --> splash,7.20173e-05,7.19237e-05
NN --> splasher,2.81669e-10,2.81413e-10
NN --> splinter,0.000451163,0.000450753
NN --> split,5.58857e-05,5.57084e-05
NN --> spoke,1.53882e-05,1.5375e-05
NN --> sponge,7.20849e-05,7.20194e-05
NN --> spoon,0.00141792,0.00141663
NN --> spoonful,2.47916e-05,2.4769e-05
NN --> sport,7.20849e-05,7.20194e-05
NN --> spot,0.000323591,0.000323259
NN --> spout,6.20417e-06,6.19853e-06
NN --> spray,4.6398e-05,4.6383e-05
NN --> spring,2.8451e-10,2.84274e-10
NN --> sprinkler,8.15569e-05,8.14828e-05
NN --> spyglass,6.20417e-06,6.19853e-06
NN --> squabble,6.20417e-06,6.19853e-06
NN --> square,0.000451162,0.000450752
NN --> squash,4.28703e-05,4.30669e-05
NN --> squeak,0.000249933,0.000249906
NN --> squeaker,4.36842e-05,4.36445e-05
NN --> squeal,6.20417e-06,6.19853e-06
NN --> squealer,2.81669e-10,2.81413e-10
NN --> squeeze,0.00011183,0.00011163
NN --> squeezer,6.20417e-06,6.19853e-06
NN --> squirmer,6.20417e-06,6.19853e-06
NN --> squirrel,0.000299518,0.000299246
NN --> squirt,1.26373e-05,1.26187e-05
NN --> stack,2.41794e-05,2.40588e-05
NN --> stage,5.31472e-05,5.30989e-05
NN --> stain,9.45792e-06,9.42506e-06
NN --> stair,2.47916e-05,2.4769e-05
NN --> stalk,2.47916e-05,2.4769e-05
NN --> stall,0.000100504,0.000100413
NN --> stamp,0.000100504,0.000100413
NN --> stand,0.000590687,0.000592827
NN --> stander,2.81669e-10,2.81413e-10
NN --> stapler,6.20417e-06,6.19853e-06
NN --> star,0.00037534,0.000374999
NN --> starfish,1.53992e-05,1.53852e-05
NN --> start,0.000441308,0.000474152
NN --> starter,2.81669e-10,2.81413e-10
NN --> state,7.20849e-05,7.20194e-05
NN --> statement,2.47916e-05,2.4769e-05
NN --> station,0.000184177,0.000182604
NN --> statue,2.47916e-05,2.4769e-05
NN --> steak,0.000327951,0.000327653
NN --> steam,2.84557e-10,2.84337e-10
NN --> steamroller,6.20417e-06,6.19853e-06
NN --> steeple,1.53992e-05,1.53852e-05
NN --> stem,6.26146e-05,6.25577e-05
NN --> step,0.000358404,0.000358686
NN --> stereo,6.20417e-06,6.19853e-06
NN --> stethoscope,0.000109979,0.000109879
NN --> stew,2.47916e-05,2.4769e-05
NN --> stewardess,3.42294e-05,3.41983e-05
NN --> stick,0.000885936,0.00088602
NN --> sticker,0.000157359,0.000157216
NN --> sticky,9.92584e-05,9.91819e-05
NN --> stile,6.20417e-06,6.19853e-06
NN --> stilt,1.53992e-05,1.53852e-05
NN --> stitch,6.26146e-05,6.25577e-05
NN --> stock,1.50739e-05,1.50807e-05
NN --> stocking,1.53992e-05,1.53852e-05
NN --> stole,6.4816e-06,6.49591e-06
NN --> stomach,7.20849e-05,7.20194e-05
NN --> stomachache,6.20417e-06,6.19853e-06
NN --> stone,9.49326e-05,9.48421e-05
NN --> stool,0.000602809,0.000602261
NN --> stop,0.000443491,0.000448706
NN --> store,0.0015378,0.00153633
NN --> storm,1.53992e-05,1.53852e-05
NN --> story,0.0026311,0.00262871
NN --> stove,0.000688111,0.000687485
NN --> strand,6.20417e-06,6.19853e-06
NN --> stranger,2.81669e-10,2.81413e-10
NN --> strap,2.17154e-05,2.1825e-05
NN --> straw,3.42294e-05,3.41983e-05
NN --> strawberry,0.000159849,0.000159924
NN --> streamer,1.53992e-05,1.53852e-05
NN --> street,0.000815553,0.000815851
NN --> strength,1.53992e-05,1.53852e-05
NN --> stress,1.53991e-05,1.53851e-05
NN --> strike,6.20417e-06,6.19853e-06
NN --> string,4.36842e-05,4.36445e-05
NN --> strip,3.39343e-05,3.39037e-05
NN --> stripe,0.000195267,0.000195089
NN --> striptease,2.81669e-10,2.81413e-10
NN --> stroller,0.000119455,0.000119346
NN --> stub,1.53992e-05,1.53852e-05
NN --> stubborn,2.52105e-05,2.50552e-05
NN --> student,5.31472e-05,5.30989e-05
NN --> study,0.000130773,0.000130576
NN --> stuff,0.000606802,0.000611326
NN --> stump,6.20417e-06,6.19853e-06
NN --> style,3.42294e-05,3.41983e-05
NN --> stylus,6.20417e-06,6.19853e-06
NN --> subject,3.44982e-06,3.42707e-06
NN --> submarine,3.42294e-05,3.41983e-05
NN --> substance,6.20417e-06,6.19853e-06
NN --> subway,7.20849e-05,7.20194e-05
NN --> suck,2.79411e-05,2.76635e-05
NN --> sucker,6.20417e-06,6.19853e-06
NN --> sud,6.20417e-06,6.19853e-06
NN --> sudden,2.4791e-05,2.47684e-05
NN --> sugar,0.000722846,0.000722094
NN --> sugarbabie,1.53992e-05,1.53852e-05
NN --> suicide,6.20417e-06,6.19853e-06
NN --> suit,0.000223698,0.000223495
NN --> suitcase,0.000176313,0.000176152
NN --> summary,6.20417e-06,6.19853e-06
NN --> summer,0.000509752,0.000509912
NN --> summertime,6.20417e-06,6.19853e-06
NN --> sun,0.00046064,0.000460222
NN --> sunbath,6.20417e-06,6.19853e-06
NN --> sunburn,6.2614e-05,6.25571e-05
NN --> sundae,6.20417e-06,6.19853e-06
NN --> sunflower,6.20417e-06,6.19853e-06
NN --> sunroof,6.20417e-06,6.19853e-06
NN --> sunset,6.20417e-06,6.19853e-06
NN --> sunshine,1.53992e-05,1.53852e-05
NN --> sunsuit,2.47916e-05,2.4769e-05
NN --> suntan,6.20417e-06,6.19853e-06
NN --> supermarket,6.20417e-06,6.19853e-06
NN --> supper,0.00154113,0.00153973
NN --> suppertime,3.42294e-05,3.41983e-05
NN --> supply,1.53992e-05,1.53852e-05
NN --> support,6.20417e-06,6.19853e-06
NN --> surface,6.20417e-06,6.19853e-06
NN --> surprise,0.000154336,0.000153829
NN --> survey,6.20417e-06,6.19853e-06
NN --> suspender,3.42294e-05,3.41983e-05
NN --> swan,7.20849e-05,7.20194e-05
NN --> swarm,2.81669e-10,2.81413e-10
NN --> sweat,1.41273e-05,1.40987e-05
NN --> sweater,0.000394296,0.000393937
NN --> sweatshirt,7.20849e-05,7.20194e-05
NN --> sweaty,6.20417e-06,6.19853e-06
NN --> sweep,1.47646e-05,1.46205e-05
NN --> sweeper,1.53992e-05,1.53852e-05
NN --> sweet,3.58182e-05,3.58587e-05
NN --> sweetheart,2.81951e-10,2.81694e-10
NN --> sweetie,8.98622e-05,0.0001041
NN --> sweetness,2.81669e-10,2.81413e-10
NN --> swig,6.20417e-06,6.19853e-06
NN --> swim,0.000378006,0.000377921
NN --> swimmer,6.20417e-06,6.19853e-06
NN --> swing,0.00072225,0.000721816
NN --> swingset,6.20417e-06,6.19853e-06
NN --> switch,4.3684e-05,4.36443e-05
NN --> sword,4.36842e-05,4.36445e-05
NN --> swordfish,3.42294e-05,3.41983e-05
NN --> syllable,1.53992e-05,1.53852e-05
NN --> symbol,6.20417e-06,6.19853e-06
NN --> sympathy,6.20417e-06,6.19853e-06
NN --> syndrome,6.20417e-06,6.19853e-06
NN --> syringe,1.53991e-05,1.53851e-05
NN --> syrup,0.000176313,0.000176152
NN --> t,3.42292e-05,3.41981e-05
NN --> t_v,2.47916e-05,2.4769e-05
NN --> tab,3.42294e-05,3.41983e-05
NN --> table,0.00324717,0.00324422
NN --> tablecloth,4.36842e-05,4.36445e-05
NN --> tablespoon,2.81669e-10,2.81413e-10
NN --> tablet,6.26146e-05,6.25577e-05
NN --> taffy,6.20415e-06,6.19851e-06
NN --> tag,0.000138406,0.00013828
NN --> tail,0.00146531,0.00146397
NN --> tale,5.31472e-05,5.30989e-05
NN --> talent,1.34124e-05,1.33968e-05
NN --> talk,0.000950624,0.000951173
NN --> talker,2.81669e-10,2.81413e-10
NN --> tan,1.53986e-05,1.53846e-05
NN --> tangerine,6.20417e-06,6.19853e-06
NN --> tank,8.15569e-05,8.14828e-05
NN --> tantrum,2.47916e-05,2.4769e-05
NN --> tap,1.17805e-05,1.17217e-05
NN --> tape,0.00142178,0.00142037
NN --> taper,6.20417e-06,6.19853e-06
NN --> taperecorder,8.15569e-05,8.14828e-05
NN --> tapioca,0.000526986,0.000526507
NN --> target,3.42294e-05,3.41983e-05
NN --> tassel,6.20417e-06,6.19853e-06
NN --> taste,0.000748091,0.000746833
NN --> taxi,2.47916e-05,2.4769e-05
NN --> tea,0.00188234,0.00188063
NN --> teacher,0.000726022,0.000725362
NN --> teacup,2.47916e-05,2.4769e-05
NN --> teakettle,6.20417e-06,6.19853e-06
NN --> team,2.47916e-05,2.4769e-05
NN --> teapot,0.000176313,0.000176152
NN --> tear,5.70569e-05,5.69761e-05
NN --> tease,2.66316e-05,2.66324e-05
NN --> teaser,6.20417e-06,6.19853e-06
NN --> teaspoon,1.53992e-05,1.53852e-05
NN --> teddy,0.000517508,0.000517037
NN --> teenager,6.20417e-06,6.19853e-06
NN --> teepee,6.20417e-06,6.19853e-06
NN --> telegraph,6.20417e-06,6.19853e-06
NN --> telemarketer,2.81669e-10,2.81413e-10
NN --> telephone,0.00087767,0.000876872
NN --> telescope,6.20417e-06,6.19853e-06
NN --> television,0.000346907,0.000346591
NN --> temperature,9.10302e-05,9.09474e-05
NN --> ten,0.000170429,0.000170548
NN --> tender,2.81793e-10,2.81538e-10
NN --> tennis,1.53992e-05,1.53852e-05
NN --> tent,0.000166836,0.000166684
NN --> teriyaki,1.53992e-05,1.53852e-05
NN --> terrain,6.20417e-06,6.19853e-06
NN --> terrible,6.55218e-05,6.53614e-05
NN --> test,0.000118028,0.000118066
NN --> that,0.0150426,0.0150337
NN --> the,0.00264172,0.00264462
NN --> them,0.00896916,0.00893859
NN --> then,0.00153894,0.00155282
NN --> theo,0.000110761,0.000111495
NN --> there,0.0177367,0.0182407
NN --> thermometer,3.42294e-05,3.41983e-05
NN --> thermostat,6.20417e-06,6.19853e-06
NN --> these,0.00110832,0.00110939
NN --> thing,0.00731325,0.0073066
NN --> third,2.82208e-10,2.81963e-10
NN --> this,0.00602051,0.0060025
NN --> thorn,6.20417e-06,6.19853e-06
NN --> those,0.00244501,0.00244894
NN --> thought,0.00118904,0.00119016
NN --> thousand,2.28425e-05,2.28128e-05
NN --> thread,6.20417e-06,6.19853e-06
NN --> three,0.000592117,0.000591511
NN --> thrill,2.81928e-10,2.81669e-10
NN --> throat,7.20849e-05,7.20194e-05
NN --> throw,0.000703857,0.000702947
NN --> thrower,2.81669e-10,2.81413e-10
NN --> thumb,0.000223698,0.000223495
NN --> thunder,9.10301e-05,9.09473e-05
NN --> tic_tac_toe,6.20417e-06,6.19853e-06
NN --> tick,3.70145e-05,3.69222e-05
NN --> ticket,3.42294e-05,3.41983e-05
NN --> tickle,0.000108285,0.000108184
NN --> ticktock,1.53992e-05,1.53852e-05
NN --> tide,1.53992e-05,1.53852e-05
NN --> tie,0.000162414,0.000161739
NN --> tiger,0.000839758,0.000838995
NN --> time,0.0067627,0.00675839
NN --> tin,3.42294e-05,3.41983e-05
NN --> tinker,5.87293e-06,5.86595e-06
NN --> tinkertoy,0.00018579,0.000185621
NN --> tip,9.62869e-05,9.56235e-05
NN --> tippytoe,6.20417e-06,6.19853e-06
NN --> tire,0.00032795,0.000327652
NN --> tissue,0.000147883,0.000147748
NN --> toad,2.81669e-10,2.81413e-10
NN --> toadstool,6.20417e-06,6.19853e-06
NN --> toast,0.00012893,0.000128813
NN --> toaster,2.47916e-05,2.4769e-05
NN --> toastie,1.53992e-05,1.53852e-05
NN --> tobacco,3.42294e-05,3.41983e-05
NN --> tock,1.53992e-05,1.53852e-05
NN --> today,0.00292127,0.00293228
NN --> toddler,6.20417e-06,6.19853e-06
NN --> toe,0.00100088,0.000999974
NN --> toenail,1.53992e-05,1.53852e-05
NN --> toesie,3.42294e-05,3.41983e-05
NN --> toilet,0.000147883,0.000147748
NN --> tomato,0.000305695,0.000305345
NN --> tomorow,6.20417e-06,6.19853e-06
NN --> tomorrow,0.000310238,0.000312222
NN --> ton,1.53992e-05,1.53852e-05
NN --> tone,6.20417e-06,6.19853e-06
NN --> tongue,0.000432207,0.000431814
NN --> tonic,9.10302e-05,9.09474e-05
NN --> tonight,0.000679454,0.000678568
NN --> tonnie,2.81669e-10,2.81413e-10
NN --> tonsil,0.000100504,0.000100413
NN --> tool,6.26146e-05,6.25577e-05
NN --> tooth,0.000157359,0.000157216
NN --> toothbrush,5.31472e-05,5.30989e-05
NN --> toothie,7.20849e-05,7.20194e-05
NN --> toothpaste,1.53992e-05,1.53852e-05
NN --> toothpick,6.20417e-06,6.19853e-06
NN --> top,0.00291116,0.00290857
NN --> tortoise,1.53992e-05,1.53852e-05
NN --> tot,2.82049e-10,2.81801e-10
NN --> touch,0.000620407,0.000620415
NN --> toughy,6.20417e-06,6.19853e-06
NN --> tour,6.20417e-06,6.19853e-06
NN --> tow,2.81849e-10,2.81598e-10
NN --> towel,0.000384818,0.000384468
NN --> tower,0.000214221,0.000214026
NN --> town,0.000166836,0.000166684
NN --> toy,0.00456415,0.00456227
NN --> toybox,5.31472e-05,5.30989e-05
NN --> track,0.000299518,0.000299246
NN --> tractor,0.000356384,0.000356061
NN --> traffic,4.36842e-05,4.36445e-05
NN --> trailer,0.000109979,0.000109879
NN --> train,0.00284154,0.00283856
NN --> trainer,1.53992e-05,1.53852e-05
NN --> tramp,3.69497e-05,3.68758e-05
NN --> tranquilizer,6.20417e-06,6.19853e-06
NN --> transmission,2.47916e-05,2.4769e-05
NN --> transportation,1.53992e-05,1.53852e-05
NN --> trap,5.31467e-05,5.30984e-05
NN --> trapeze,6.20417e-06,6.19853e-06
NN --> trapezoid,1.53992e-05,1.53852e-05
NN --> trash,0.000166836,0.000166684
NN --> trauma,1.53992e-05,1.53852e-05
NN --> tray,0.000233176,0.000232964
NN --> tread,6.20417e-06,6.19853e-06
NN --> treasure,1.53992e-05,1.53852e-05
NN --> treat,9.9469e-05,9.97576e-05
NN --> tree,0.00210033,0.00209842
NN --> trench,1.53992e-05,1.53852e-05
NN --> trial,6.20417e-06,6.19853e-06
NN --> triangle,0.000214221,0.000214026
NN --> trick,0.000342961,0.000342735
NN --> tricycle,6.2614e-05,6.25571e-05
NN --> trim,2.82766e-10,2.82482e-10
NN --> trip,0.000296161,0.000296168
NN --> troll,2.81669e-10,2.81413e-10
NN --> trombone,1.53992e-05,1.53852e-05
NN --> troop,6.20417e-06,6.19853e-06
NN --> trooper,6.20417e-06,6.19853e-06
NN --> trot,6.44521e-06,6.44332e-06
NN --> trouble,0.000432207,0.000431814
NN --> troublemaker,1.53992e-05,1.53852e-05
NN --> truck,0.00294388,0.0029412
NN --> trumpet,2.47916e-05,2.4769e-05
NN --> trunk,0.000337429,0.000337122
NN --> truth,1.53992e-05,1.53852e-05
NN --> try,0.00116574,0.00116265
NN --> tub,0.000157359,0.000157216
NN --> tuba,6.20417e-06,6.19853e-06
NN --> tube,2.47916e-05,2.4769e-05
NN --> tulip,6.20417e-06,6.19853e-06
NN --> tumble,2.39247e-05,2.39017e-05
NN --> tummy,0.000296172,0.000295087
NN --> tummyache,6.26146e-05,6.25577e-05
NN --> tuna,7.54365e-06,7.58423e-06
NN --> tunafish,0.000100504,0.000100413
NN --> tune,2.81669e-10,2.81413e-10
NN --> tuner,2.47916e-05,2.4769e-05
NN --> tunnel,0.00012893,0.000128813
NN --> turkey,9.10302e-05,9.09474e-05
NN --> turn,0.00138856,0.00138482
NN --> turnover,6.20417e-06,6.19853e-06
NN --> turntable,6.20417e-06,6.19853e-06
NN --> turquoise,6.20417e-06,6.19853e-06
NN --> turtle,0.000659677,0.000659077
NN --> turtleneck,8.15569e-05,8.14828e-05
NN --> tusk,4.36842e-05,4.36445e-05
NN --> tutu,2.82251e-10,2.81989e-10
NN --> tuv,2.81669e-10,2.81413e-10
NN --> tv,0.000583853,0.000583323
NN --> tweet,1.61435e-05,1.61289e-05
NN --> twelfth,1.53992e-05,1.53852e-05
NN --> twelve,4.44542e-05,4.43693e-05
NN --> twenty,4.01667e-05,4.03467e-05
NN --> twin,6.20417e-06,6.19853e-06
NN --> twine,2.81669e-10,2.81413e-10
NN --> twinkle,3.46109e-10,3.46896e-10
NN --> twist,4.45199e-05,4.44955e-05
NN --> two,0.00166707,0.00166825
NN --> type,2.824e-10,2.82115e-10
NN --> typewriter,1.53992e-05,1.53852e-05
NN --> uhoh,3.05702e-10,3.057e-10
NN --> ukelele,1.53992e-05,1.53852e-05
NN --> umbrella,0.000451163,0.000450753
NN --> umyumyum,6.20417e-06,6.19853e-06
NN --> uncle,0.000282487,0.000282468
NN --> underdog,6.20416e-06,6.19852e-06
NN --> underpant,9.10302e-05,9.09474e-05
NN --> undershirt,4.36842e-05,4.36445e-05
NN --> underwear,1.53992e-05,1.53852e-05
NN --> undie,2.47916e-05,2.4769e-05
NN --> unicorn,4.36842e-05,4.36445e-05
NN --> unicycle,1.53992e-05,1.53852e-05
NN --> uniform,2.81669e-10,2.81413e-10
NN --> union,6.20417e-06,6.19853e-06
NN --> up,0.004728,0.00475831
NN --> upstairs,0.000154484,0.000155051
NN --> ursula,0.000474873,0.000476398
NN --> use,0.000785855,0.000784233
NN --> vacation,0.000308996,0.000308715
NN --> vaccination,1.53992e-05,1.53852e-05
NN --> vaccine,2.81669e-10,2.81413e-10
NN --> vacuum,0.000119454,0.000119345
NN --> valentine,0.000526986,0.000526507
NN --> value,6.20417e-06,6.19853e-06
NN --> van,2.47916e-05,2.4769e-05
NN --> vane,2.47916e-05,2.4769e-05
NN --> vanilla,2.82324e-10,2.82079e-10
NN --> vanity,6.20417e-06,6.19853e-06
NN --> vase,6.20417e-06,6.19853e-06
NN --> vegetable,0.000346907,0.000346591
NN --> veggie,6.20417e-06,6.19853e-06
NN --> vehicle,1.53992e-05,1.53852e-05
NN --> veil,6.20417e-06,6.19853e-06
NN --> velvet,2.81669e-10,2.81413e-10
NN --> version,2.81669e-10,2.81413e-10
NN --> vessel,6.20417e-06,6.19853e-06
NN --> victory,2.81669e-10,2.81413e-10
NN --> video,2.47916e-05,2.4769e-05
NN --> view,6.20417e-06,6.19853e-06
NN --> viewer,6.20417e-06,6.19853e-06
NN --> village,0.000422729,0.000422345
NN --> vine,1.53992e-05,1.53852e-05
NN --> violin,3.42294e-05,3.41983e-05
NN --> vision,2.81669e-10,2.81413e-10
NN --> visit,0.000238811,0.00023902
NN --> visitor,5.31472e-05,5.30989e-05
NN --> vitamin,0.000195267,0.000195089
NN --> voice,0.000100504,0.000100413
NN --> vulture,6.20417e-06,6.19853e-06
NN --> waffle,1.53992e-05,1.53852e-05
NN --> wagon,0.000583853,0.000583323
NN --> waist,9.10299e-05,9.09472e-05
NN --> waitress,2.47916e-05,2.4769e-05
NN --> wake,0.00019242,0.000191579
NN --> walk,0.000756383,0.000757128
NN --> walker,6.20417e-06,6.19853e-06
NN --> wall,0.000526986,0.000526507
NN --> wallpaper,6.20417e-06,6.19853e-06
NN --> walnut,4.36842e-05,4.36445e-05
NN --> walrus,0.000100504,0.000100413
NN --> war,6.26146e-05,6.25577e-05
NN --> warning,6.20417e-06,6.19853e-06
NN --> wash,0.000492125,0.000491741
NN --> washcloth,0.000109979,0.000109879
NN --> waste,8.77719e-05,8.7551e-05
NN --> wastebasket,7.20849e-05,7.20194e-05
NN --> wastepaper,6.20417e-06,6.19853e-06
NN --> watch,0.00110516,0.00110523
NN --> water,0.0040244,0.00402096
NN --> waterfall,1.53992e-05,1.53852e-05
NN --> watermelon,1.53992e-05,1.53852e-05
NN --> wave,0.00017786,0.000177524
NN --> wax,0.000138406,0.00013828
NN --> way,0.00529531,0.00529074
NN --> weapon,6.20417e-06,6.19853e-06
NN --> wear,0.000748611,0.000748735
NN --> weasel,6.20417e-06,6.19853e-06
NN --> weather,0.000100504,0.000100413
NN --> weathervane,6.20417e-06,6.19853e-06
NN --> web^page,6.20417e-06,6.19853e-06
NN --> webpage,6.20417e-06,6.19853e-06
NN --> wednesday,0.000242653,0.000242432
NN --> weed,6.15887e-06,6.15335e-06
NN --> week,0.00179704,0.0017954
NN --> weekend,0.000441685,0.000441283
NN --> weight,2.84835e-10,2.84433e-10
NN --> well,6.72877e-05,6.68606e-05
NN --> west,6.20417e-06,6.19853e-06
NN --> whale,0.00037534,0.000374999
NN --> whatchu,2.81669e-10,2.81413e-10
NN --> whatever,0.000116938,0.000116421
NN --> wheat,4.36842e-05,4.36445e-05
NN --> wheel,0.000849236,0.000848464
NN --> wheelbarrow,4.36835e-05,4.36438e-05
NN --> wheeler,3.42294e-05,3.41983e-05
NN --> while,0.00127411,0.00127083
NN --> whip,1.53985e-05,1.53845e-05
NN --> whisker,0.000100504,0.000100413
NN --> whistle,0.000204744,0.000204558
NN --> white,0.000206098,0.000206396
NN --> whiz,2.81669e-10,2.81413e-10
NN --> whoa,6.56764e-05,6.55161e-05
NN --> whole,2.82437e-10,2.82179e-10
NN --> whoopsie,2.81669e-10,2.81413e-10
NN --> whoosit,6.20417e-06,6.19853e-06
NN --> wiener,6.20417e-06,6.19853e-06
NN --> wife,0.000109979,0.000109879
NN --> wig,3.42294e-05,3.41983e-05
NN --> wiggle,2.49833e-05,2.47989e-05
NN --> wind,0.000169321,0.000168126
NN --> windmill,1.53992e-05,1.53852e-05
NN --> window,0.0012947,0.00129353
NN --> windowsill,6.20417e-06,6.19853e-06
NN --> windshield,2.47916e-05,2.4769e-05
NN --> wing,0.000346907,0.000346591
NN --> winner,8.15569e-05,8.14828e-05
NN --> winter,6.90396e-05,6.88529e-05
NN --> wipe,0.000403718,0.000403821
NN --> wiper,1.53992e-05,1.53852e-05
NN --> wire,0.000176313,0.000176152
NN --> wise,2.85462e-10,2.85183e-10
NN --> wish,0.000141259,0.000140912
NN --> witch,0.000384818,0.000384468
NN --> wizard,4.36842e-05,4.36445e-05
NN --> wolf,0.000233175,0.000232963
NN --> woman,0.000176312,0.000176152
NN --> wonder,0.000201091,0.000199969
NN --> wood,0.000542483,0.000540896
NN --> woodchuck,6.20417e-06,6.19853e-06
NN --> wool,5.31472e-05,5.30989e-05
NN --> word,0.00100088,0.000999974
NN --> work,0.00179385,0.00179219
NN --> workbench,2.81669e-10,2.81413e-10
NN --> worker,6.20417e-06,6.19853e-06
NN --> world,0.000157359,0.000157216
NN --> worm,0.000195267,0.000195089
NN --> worth,2.83162e-10,2.82884e-10
NN --> would,0.0062957,0.00629201
NN --> wreath,6.20417e-06,6.19853e-06
NN --> wrecker,6.20417e-06,6.19853e-06
NN --> wrench,1.53992e-05,1.53852e-05
NN --> wrestler,1.53992e-05,1.53852e-05
NN --> wrist,0.000195267,0.000195089
NN --> wristwatch,5.31472e-05,5.30989e-05
NN --> writer,6.20417e-06,6.19853e-06
NN --> writeup,6.20417e-06,6.19853e-06
NN --> x_ray,6.20417e-06,6.19853e-06
NN --> xylophone,4.36842e-05,4.36445e-05
NN --> y,6.20415e-06,6.19851e-06
NN --> yabba_dabba_doo,2.81669e-10,2.81413e-10
NN --> yak,2.47916e-05,2.4769e-05
NN --> yard,0.00050803,0.000507568
NN --> yarn,1.53992e-05,1.53852e-05
NN --> yawn,1.43878e-05,1.44356e-05
NN --> yay,1.39525e-05,1.39721e-05
NN --> year,0.00146531,0.00146397
NN --> yearbook,6.20417e-06,6.19853e-06
NN --> yellow,0.000284813,0.000283939
NN --> yes,0.000578893,0.000585934
NN --> yesterday,0.00132372,0.00133126
NN --> yogurt,2.16895e-05,2.18634e-05
NN --> you,0.0231275,0.0231178
NN --> yours,0.000651598,0.000650995
NN --> yoyo,2.82444e-10,2.82182e-10
NN --> yuck,2.82337e-10,2.82078e-10
NN --> yuckie,6.20417e-06,6.19853e-06
NN --> yum,2.1452e-05,2.14868e-05
NN --> zebra,0.000403773,0.000403406
NN --> zero,0.000133746,0.000133598
NN --> zipper,0.000103436,0.000103
NN --> zoo,0.00184443,0.00184275
NN --> zookeeper,6.20417e-06,6.19853e-06
NN --> zoom,6.75188e-06,6.72788e-06
NN --> zoomer,6.20417e-06,6.19853e-06
NN --> zzz,3.42284e-05,3.41972e-05
NNP --> _island,8.54609e-05,8.55687e-05
NNP --> a,0.00335556,0.00340599
NNP --> a_and_p,4.02053e-05,4.02431e-05
NNP --> a_kiss_for_little_bear,1.56318e-09,1.56515e-09
NNP --> aaron,0.000137586,0.00013776
NNP --> abba,0.000137586,0.00013776
NNP --> abbott,3.44314e-05,3.44748e-05
NNP --> abc,1.56739e-09,1.56938e-09
NNP --> abyss,1.56318e-09,1.56515e-09
NNP --> adam,0.0233738,0.0233855
NNP --> adamy,1.56318e-09,1.56515e-09
NNP --> add_a_scale,1.56318e-09,1.56515e-09
NNP --> adele,1.56318e-09,1.56515e-09
NNP --> adult's-name,3.44314e-05,3.44748e-05
NNP --> africa,1.56318e-09,1.56515e-09
NNP --> agricultural,1.56318e-09,1.56515e-09
NNP --> aid,8.54609e-05,8.55687e-05
NNP --> aimee,0.000189963,0.000190203
NNP --> air_force,3.44314e-05,3.44748e-05
NNP --> ajax,8.54609e-05,8.55687e-05
NNP --> al,3.44314e-05,3.44748e-05
NNP --> alan,1.56318e-09,1.56515e-09
NNP --> alexander,0.000189963,0.000190203
NNP --> alexandra,0.000294951,0.000295323
NNP --> alf,1.56318e-09,1.56515e-09
NNP --> alibaba,1.56318e-09,1.56515e-09
NNP --> alibabah,1.56318e-09,1.56515e-09
NNP --> alissa,0.000137586,0.00013776
NNP --> allen,0.000137586,0.00013776
NNP --> allendale,3.44314e-05,3.44748e-05
NNP --> alligator,1.56805e-09,1.57003e-09
NNP --> allison,8.54609e-05,8.55687e-05
NNP --> almanac,0.000137585,0.000137759
NNP --> alright,0.00450843,0.0045045
NNP --> alston,1.56318e-09,1.56515e-09
NNP --> alvin,1.56318e-09,1.56515e-09
NNP --> amanda,3.44314e-05,3.44748e-05
NNP --> amelia,3.44314e-05,3.44748e-05
NNP --> america,3.44314e-05,3.44748e-05
NNP --> american,1.5685e-09,1.57047e-09
NNP --> amy,0.000662938,0.000663774
NNP --> andra,1.56318e-09,1.56515e-09
NNP --> andrea,3.44314e-05,3.44748e-05
NNP --> andreas,0.000294951,0.000295323
NNP --> andrew,0.000294951,0.000295323
NNP --> andy,8.54609e-05,8.55687e-05
NNP --> animal,4.95756e-05,4.97147e-05
NNP --> ann,0.00055777,0.000558474
NNP --> ann_marie,0.00292462,0.00292831
NNP --> anna,0.000189963,0.000190203
NNP --> anne,0.000662938,0.000663774
NNP --> anne_marie,8.54609e-05,8.55687e-05
NNP --> annette,8.54609e-05,8.55687e-05
NNP --> annie,0.000137586,0.00013776
NNP --> anthony,0.000242435,0.00024274
NNP --> apple_jack,1.56318e-09,1.56515e-09
NNP --> april,0.00055777,0.000558474
NNP --> ari,0.00171484,0.001717
NNP --> arizona,0.000242435,0.00024274
NNP --> arlena,8.54609e-05,8.55687e-05
NNP --> arlington,3.44314e-05,3.44748e-05
NNP --> arlo,0.000452617,0.000453188
NNP --> arnie,1.56318e-09,1.56515e-09
NNP --> art,7.91279e-05,8.0358e-05
NNP --> arthur,0.000873298,0.000874399
NNP --> arts,3.44314e-05,3.44748e-05
NNP --> astra,0.000452617,0.000453188
NNP --> attydramatic,1.56318e-09,1.56515e-09
NNP --> auburn,0.000242435,0.00024274
NNP --> auchela,8.54609e-05,8.55687e-05
NNP --> august,0.000137586,0.00013776
NNP --> aunt,1.57115e-09,1.57314e-09
NNP --> aunt_dot,0.00108367,0.00108504
NNP --> aunt_dottie,3.44314e-05,3.44748e-05
NNP --> aunt_ellie,3.44314e-05,3.44748e-05
NNP --> auntie,0.00197783,0.00198032
NNP --> auntie_eleanor,3.44314e-05,3.44748e-05
NNP --> auntie_ellie,3.44314e-05,3.44748e-05
NNP --> auntie_george,3.44314e-05,3.44748e-05
NNP --> auntie_gertie,0.000242435,0.00024274
NNP --> auntie_marilyn,0.000452617,0.000453188
NNP --> auntie_marion,1.56318e-09,1.56515e-09
NNP --> auntie_patty,3.44314e-05,3.44748e-05
NNP --> auntie_shirley,8.54609e-05,8.55687e-05
NNP --> autrey,3.44314e-05,3.44748e-05
NNP --> avenue,3.44314e-05,3.44748e-05
NNP --> avon,3.44314e-05,3.44748e-05
NNP --> b,3.44314e-05,3.44748e-05
NNP --> baa_baa_black_sheep,3.44314e-05,3.44748e-05
NNP --> baba,1.56566e-09,1.56761e-09
NNP --> babar,0.00040005,0.000400555
NNP --> babe,0.000126569,0.000126813
NNP --> baby,1.56611e-09,1.56808e-09
NNP --> baby_bear,3.44314e-05,3.44748e-05
NNP --> baby_boo,0.000137586,0.00013776
NNP --> baby_bright,8.54609e-05,8.55687e-05
NNP --> baby_crawl_away,3.44314e-05,3.44748e-05
NNP --> baby_first_step,0.000189963,0.000190203
NNP --> back,0.0085938,0.00855761
NNP --> balentine,1.56318e-09,1.56515e-09
NNP --> ballerina,1.56691e-09,1.56896e-09
NNP --> bam,3.44314e-05,3.44748e-05
NNP --> bam_bam,0.000768115,0.000769084
NNP --> bambi,1.56318e-09,1.56515e-09
NNP --> band,1.56548e-09,1.56747e-09
NNP --> band_aid,0.00260902,0.00261231
NNP --> bandaid,1.5645e-09,1.56647e-09
NNP --> barbara,0.000925891,0.000927058
NNP --> barbie,1.56576e-09,1.56783e-09
NNP --> barnes,0.000820706,0.000821741
NNP --> barney,1.56318e-09,1.56515e-09
NNP --> barron,3.44314e-05,3.44748e-05
NNP --> barry,1.56318e-09,1.56515e-09
NNP --> batman,0.00055777,0.000558474
NNP --> baxter,3.44314e-05,3.44748e-05
NNP --> beach,1.56428e-09,1.56625e-09
NNP --> beanstalk,1.56368e-09,1.56565e-09
NNP --> beany,3.44314e-05,3.44748e-05
NNP --> bear,0.00251507,0.00250468
NNP --> beatle,0.000347493,0.000347931
NNP --> beatlemania,3.44314e-05,3.44748e-05
NNP --> beatrice,8.54609e-05,8.55687e-05
NNP --> beauty,1.56985e-09,1.57184e-09
NNP --> beaver,1.56498e-09,1.56696e-09
NNP --> becca,0.00213563,0.00213832
NNP --> becky,0.00281942,0.00282298
NNP --> bee,1.5691e-09,1.57104e-09
NNP --> beebee,3.44314e-05,3.44748e-05
NNP --> beetle,1.56372e-09,1.56569e-09
NNP --> bekaer,1.56318e-09,1.56515e-09
NNP --> bell,1.5651e-09,1.56708e-09
NNP --> bellugi,3.44314e-05,3.44748e-05
NNP --> benji,3.44314e-05,3.44748e-05
NNP --> benson,8.54609e-05,8.55687e-05
NNP --> benton,3.44314e-05,3.44748e-05
NNP --> bermuda,0.000137586,0.00013776
NNP --> bert,0.000505191,0.000505828
NNP --> bessie,3.44314e-05,3.44748e-05
NNP --> best,0.00133629,0.00133867
NNP --> beth,0.000820706,0.000821741
NNP --> betta,0.000662938,0.000663774
NNP --> betty,0.00103108,0.00103238
NNP --> bible,3.44299e-05,3.44734e-05
NNP --> biddy,0.000189963,0.000190203
NNP --> big,0.000381764,0.000380251
NNP --> big^bird,8.54609e-05,8.55687e-05
NNP --> big_bird,3.44314e-05,3.44748e-05
NNP --> bill,6.31461e-05,6.37158e-05
NNP --> billie,3.44314e-05,3.44748e-05
NNP --> billy,0.000400047,0.000400551
NNP --> bim_bam,8.54609e-05,8.55687e-05
NNP --> bingo,0.000242435,0.00024274
NNP --> bird,0.000183882,0.000185703
NNP --> blacky,8.54609e-05,8.55687e-05
NNP --> blanche,0.00055777,0.000558474
NNP --> blitzen,0.000452617,0.000453188
NNP --> block,1.5651e-09,1.56707e-09
NNP --> blue,1.56743e-09,1.56935e-09
NNP --> bob,0.000553223,0.000553785
NNP --> bobby,0.00118886,0.00119036
NNP --> bobo,1.56688e-09,1.56886e-09
NNP --> bonnie,3.44314e-05,3.44748e-05
NNP --> bonnie_bride,8.54609e-05,8.55687e-05
NNP --> boo,0.000978482,0.000979716
NNP --> boo_boo,3.44314e-05,3.44748e-05
NNP --> boofoo,8.54609e-05,8.55687e-05
NNP --> boogyman,0.000137586,0.00013776
NNP --> book,1.56701e-09,1.56901e-09
NNP --> bookin,1.56318e-09,1.56515e-09
NNP --> borax,3.44314e-05,3.44748e-05
NNP --> bosa,1.56318e-09,1.56515e-09
NNP --> bosco,1.56318e-09,1.56515e-09
NNP --> boston,0.00118886,0.00119036
NNP --> bowl,1.56957e-09,1.57153e-09
NNP --> boy,0.000467854,0.000467488
NNP --> bozo,0.00155704,0.00155901
NNP --> bra,3.44314e-05,3.44748e-05
NNP --> brad,0.000189963,0.000190203
NNP --> bradley,1.56318e-09,1.56515e-09
NNP --> brady,8.54609e-05,8.55687e-05
NNP --> bran,8.54598e-05,8.55675e-05
NNP --> brave,1.56325e-09,1.56523e-09
NNP --> bren,3.44314e-05,3.44748e-05
NNP --> brenda,8.54609e-05,8.55687e-05
NNP --> brendan,8.54609e-05,8.55687e-05
NNP --> brendy,3.44314e-05,3.44748e-05
NNP --> brian,0.00150445,0.00150634
NNP --> bridge,8.09912e-05,8.13026e-05
NNP --> bridget,1.56318e-09,1.56515e-09
NNP --> bridgette,3.44314e-05,3.44748e-05
NNP --> brighams,3.44314e-05,3.44748e-05
NNP --> bright,1.56699e-09,1.56895e-09
NNP --> brittany,3.44314e-05,3.44748e-05
NNP --> bro,0.00129406,0.00129569
NNP --> broadway,3.44314e-05,3.44748e-05
NNP --> brockton,0.000242435,0.00024274
NNP --> brontosaurus,3.44314e-05,3.44748e-05
NNP --> brook,1.56491e-09,1.56687e-09
NNP --> brother,1.56836e-09,1.57032e-09
NNP --> brown,1.56903e-09,1.571e-09
NNP --> brownie,1.56616e-09,1.56815e-09
NNP --> bruce,0.000189963,0.000190203
NNP --> bruno,3.44314e-05,3.44748e-05
NNP --> bryan,3.44314e-05,3.44748e-05
NNP --> bu,1.56318e-09,1.56515e-09
NNP --> buba,0.000137586,0.00013776
NNP --> bubba,0.000189963,0.000190203
NNP --> buck,1.56878e-09,1.57081e-09
NNP --> bud,0.000295497,0.000295397
NNP --> buddy,0.000300099,0.000298754
NNP --> bugs,3.44314e-05,3.44748e-05
NNP --> bugs_bunny,3.44314e-05,3.44748e-05
NNP --> bullwinkle,3.44314e-05,3.44748e-05
NNP --> bum,1.56491e-09,1.5669e-09
NNP --> bunch,1.56438e-09,1.56636e-09
NNP --> bundy,3.44314e-05,3.44748e-05
NNP --> bunny,1.56716e-09,1.56928e-09
NNP --> bunzy_bee,3.44314e-05,3.44748e-05
NNP --> burger,8.54605e-05,8.55683e-05
NNP --> burke,0.000189963,0.000190203
NNP --> bush,1.56392e-09,1.56589e-09
NNP --> buster,1.56401e-09,1.566e-09
NNP --> bx,1.56355e-09,1.56552e-09
NNP --> bye,1.58795e-09,1.58994e-09
NNP --> c,1.56318e-09,1.56515e-09
NNP --> cabbage,1.56718e-09,1.56916e-09
NNP --> caca,0.000137585,0.000137758
NNP --> cage,1.56427e-09,1.56624e-09
NNP --> caitlin,3.44314e-05,3.44748e-05
NNP --> california,0.000873298,0.000874399
NNP --> cambridge,0.000662938,0.000663774
NNP --> cameron,3.44314e-05,3.44748e-05
NNP --> cami,0.000242435,0.00024274
NNP --> campbell,3.44314e-05,3.44748e-05
NNP --> canada,0.000189963,0.000190203
NNP --> canadian,1.5654e-09,1.56737e-09
NNP --> canal,3.44155e-05,3.44583e-05
NNP --> candy_fashion,3.44314e-05,3.44748e-05
NNP --> cane,0.000330501,0.000330234
NNP --> canobie,8.54609e-05,8.55687e-05
NNP --> cape,1.56471e-09,1.56669e-09
NNP --> captain,0.000333347,0.000347928
NNP --> captain_kangaroo,0.000137586,0.00013776
NNP --> cara,3.44314e-05,3.44748e-05
NNP --> carbona,1.56318e-09,1.56515e-09
NNP --> care,0.000549507,0.000548252
NNP --> carl,8.54609e-05,8.55687e-05
NNP --> carleton,1.56318e-09,1.56515e-09
NNP --> carlisle,1.56318e-09,1.56515e-09
NNP --> carlos,3.44314e-05,3.44748e-05
NNP --> carmen,8.54609e-05,8.55687e-05
NNP --> carney,8.54609e-05,8.55687e-05
NNP --> carol,0.000738046,0.000741992
NNP --> carolina,1.56318e-09,1.56515e-09
NNP --> carposi,1.56318e-09,1.56515e-09
NNP --> carrot,1.56536e-09,1.56732e-09
NNP --> carter,3.44314e-05,3.44748e-05
NNP --> casey,0.000189963,0.000190203
NNP --> cat,0.00298861,0.00299613
NNP --> caterpillar,1.56603e-09,1.56798e-09
NNP --> catherine,0.00734302,0.00735228
NNP --> cathernie,3.44314e-05,3.44748e-05
NNP --> cathy,0.000242435,0.00024274
NNP --> cave,1.56357e-09,1.56555e-09
NNP --> cecelia,8.54609e-05,8.55687e-05
NNP --> cecilia,3.44314e-05,3.44748e-05
NNP --> celia,3.44314e-05,3.44748e-05
NNP --> center,1.56901e-09,1.571e-09
NNP --> centerville,3.44314e-05,3.44748e-05
NNP --> central,0.000189963,0.000190203
NNP --> cervick,3.44314e-05,3.44748e-05
NNP --> chantal,1.56318e-09,1.56515e-09
NNP --> chantelle,1.56318e-09,1.56515e-09
NNP --> chantilly,0.00176744,0.00176967
NNP --> chaplin,3.44314e-05,3.44748e-05
NNP --> charles,0.000242435,0.00024274
NNP --> charlie,0.00129406,0.00129569
NNP --> charmingz_chatty,3.44314e-05,3.44748e-05
NNP --> chatty,1.57875e-09,1.58078e-09
NNP --> chatty_baby,0.000662938,0.000663774
NNP --> chatty_baby_brother,1.56318e-09,1.56515e-09
NNP --> chatty_brother,1.56318e-09,1.56515e-09
NNP --> cheerio,1.56376e-09,1.56573e-09
NNP --> cheese,0.000186958,0.000188529
NNP --> chelsea,3.44314e-05,3.44748e-05
NNP --> cherry,1.56692e-09,1.56888e-09
NNP --> cheryl,0.000242435,0.00024274
NNP --> chester,3.44314e-05,3.44748e-05
NNP --> chex,3.44314e-05,3.44748e-05
NNP --> chi,0.010236,0.0102489
NNP --> chica,3.44314e-05,3.44748e-05
NNP --> chicago,0.000137586,0.00013776
NNP --> chicken_little,3.44314e-05,3.44748e-05
NNP --> chickie,0.000176086,0.000175885
NNP --> chicky,8.5432e-05,8.55397e-05
NNP --> chief,0.000172528,0.000172534
NNP --> child,0.0213431,0.021346
NNP --> children,0.00172769,0.00172894
NNP --> china,0.000189963,0.000190203
NNP --> chinaman,3.44314e-05,3.44748e-05
NNP --> chinese,1.5656e-09,1.56757e-09
NNP --> chiny,3.44314e-05,3.44748e-05
NNP --> chip,1.56806e-09,1.57001e-09
NNP --> chips,1.56318e-09,1.56515e-09
NNP --> chit,1.56318e-09,1.56515e-09
NNP --> chocks,3.44314e-05,3.44748e-05
NNP --> chocolate,1.56625e-09,1.56823e-09
NNP --> chomper,1.56318e-09,1.56515e-09
NNP --> chris,1.56318e-09,1.56515e-09
NNP --> chrissie,3.44314e-05,3.44748e-05
NNP --> christ,1.56318e-09,1.56515e-09
NNP --> christie,1.56318e-09,1.56515e-09
NNP --> christine,3.44314e-05,3.44748e-05
NNP --> christmas,0.00886843,0.00887962
NNP --> christmastime,1.56318e-09,1.56515e-09
NNP --> christopher,0.000189963,0.000190203
NNP --> chronicle,3.44314e-05,3.44748e-05
NNP --> chuck,0.000347493,0.000347931
NNP --> chuck_e_cheese,0.000242435,0.00024274
NNP --> church,1.56469e-09,1.56667e-09
NNP --> cinda,0.000294951,0.000295323
NNP --> cinderella,0.000294951,0.000295323
NNP --> cindy,0.000189963,0.000190203
NNP --> circle,1.56594e-09,1.56791e-09
NNP --> cissy,3.44314e-05,3.44748e-05
NNP --> city,1.56462e-09,1.56659e-09
NNP --> claire,1.56318e-09,1.56515e-09
NNP --> class,1.57015e-09,1.57208e-09
NNP --> claus,0.000242435,0.00024274
NNP --> clause,3.44314e-05,3.44748e-05
NNP --> clay,1.56699e-09,1.56898e-09
NNP --> cleanser,8.54609e-05,8.55687e-05
NNP --> clever,1.56425e-09,1.56622e-09
NNP --> clip_clop,3.44314e-05,3.44748e-05
NNP --> coby,0.000294951,0.000295323
NNP --> coca,8.54609e-05,8.55687e-05
NNP --> coco,3.44314e-05,3.44748e-05
NNP --> cocoa,1.56637e-09,1.56827e-09
NNP --> cocoa_crispie,1.56318e-09,1.56515e-09
NNP --> cocoa_pop,1.56318e-09,1.56515e-09
NNP --> cocoamarsh,3.44314e-05,3.44748e-05
NNP --> cod,0.000242435,0.00024274
NNP --> coke,1.56448e-09,1.56646e-09
NNP --> cola,8.54609e-05,8.55687e-05
NNP --> colby,0.000189963,0.000190203
NNP --> colin,0.000768115,0.000769084
NNP --> colleen,0.000347493,0.000347931
NNP --> college,1.56352e-09,1.56549e-09
NNP --> colonel,1.56318e-09,1.56515e-09
NNP --> colorado,3.44314e-05,3.44748e-05
NNP --> colorform,1.56318e-09,1.56515e-09
NNP --> columbus,1.56318e-09,1.56515e-09
NNP --> common,8.54609e-05,8.55687e-05
NNP --> community,3.44314e-05,3.44748e-05
NNP --> company,1.5674e-09,1.56936e-09
NNP --> cone,0.00029495,0.000295322
NNP --> connecticut,8.54609e-05,8.55687e-05
NNP --> conner,0.000189963,0.000190203
NNP --> continental,3.44314e-05,3.44748e-05
NNP --> cookie,9.14956e-05,9.14877e-05
NNP --> cop,1.56318e-09,1.56515e-09
NNP --> cora,1.56318e-09,1.56515e-09
NNP --> cory,1.56318e-09,1.56515e-09
NNP --> costello,3.44314e-05,3.44748e-05
NNP --> count,0.000811688,0.000823774
NNP --> county,3.44314e-05,3.44748e-05
NNP --> courteny,1.56318e-09,1.56515e-09
NNP --> courtney,0.00213563,0.00213832
NNP --> cousin,1.56618e-09,1.56816e-09
NNP --> cow,1.56532e-09,1.5673e-09
NNP --> cowboy,0.000210656,0.000210425
NNP --> craig,0.000242435,0.00024274
NNP --> crawl_away_baby,3.44314e-05,3.44748e-05
NNP --> crayola,3.44314e-05,3.44748e-05
NNP --> crazy_foam,8.54609e-05,8.55687e-05
NNP --> cream,0.00120381,0.0011579
NNP --> cream_o_wheat,3.44314e-05,3.44748e-05
NNP --> creepy,3.44314e-05,3.44748e-05
NNP --> cricket,1.56506e-09,1.56704e-09
NNP --> cristine,3.44314e-05,3.44748e-05
NNP --> crocodile,1.5666e-09,1.56856e-09
NNP --> cromer,0.00187263,0.001875
NNP --> cronin,3.44314e-05,3.44748e-05
NNP --> crosby,1.56318e-09,1.56515e-09
NNP --> cross,1.57112e-09,1.57309e-09
NNP --> cruz,0.000452617,0.000453188
NNP --> cub_scout,8.54609e-05,8.55687e-05
NNP --> cuddler,1.56702e-09,1.56897e-09
NNP --> cummings,0.000189963,0.000190203
NNP --> cummins,3.44314e-05,3.44748e-05
NNP --> cup,8.71397e-05,8.72142e-05
NNP --> curious,0.000557769,0.000558472
NNP --> curtain,1.56473e-09,1.5667e-09
NNP --> cutie,1.56462e-09,1.56659e-09
NNP --> cynthia,1.56318e-09,1.56515e-09
NNP --> cyrus,3.44314e-05,3.44748e-05
NNP --> d,3.44314e-05,3.44748e-05
NNP --> dad,0.000413718,0.000414288
NNP --> dada,0.000137586,0.00013776
NNP --> daddy,0.00799255,0.00803036
NNP --> daisy,0.000137579,0.000137753
NNP --> dame,8.54609e-05,8.55687e-05
NNP --> dammy,1.56318e-09,1.56515e-09
NNP --> dan,0.000137586,0.00013776
NNP --> daniel,8.54609e-05,8.55687e-05
NNP --> danielle,0.000137586,0.00013776
NNP --> danny,0.000820706,0.000821741
NNP --> darleen,3.44314e-05,3.44748e-05
NNP --> darlene,0.000347493,0.000347931
NNP --> datsun,0.000189963,0.000190203
NNP --> dave,0.000137586,0.00013776
NNP --> david,0.00166224,0.00166434
NNP --> davy,1.56318e-09,1.56515e-09
NNP --> dawna,3.44314e-05,3.44748e-05
NNP --> dawson,3.44314e-05,3.44748e-05
NNP --> day,1.56641e-09,1.56837e-09
NNP --> dean,3.44314e-05,3.44748e-05
NNP --> dear,0.00356742,0.0035724
NNP --> deb,3.44314e-05,3.44748e-05
NNP --> debbi,3.44314e-05,3.44748e-05
NNP --> debbie,0.000242435,0.00024274
NNP --> debby,1.56318e-09,1.56515e-09
NNP --> debra,3.44314e-05,3.44748e-05
NNP --> december,1.56318e-09,1.56515e-09
NNP --> dee,3.44314e-05,3.44748e-05
NNP --> del,3.44314e-05,3.44748e-05
NNP --> demi,1.56318e-09,1.56515e-09
NNP --> dennis,0.00040005,0.000400555
NNP --> dennison,3.44314e-05,3.44748e-05
NNP --> derrik,1.56318e-09,1.56515e-09
NNP --> diana,1.56318e-09,1.56515e-09
NNP --> diandra,0.00145551,0.00145698
NNP --> diane,0.000137586,0.00013776
NNP --> dick,0.00055777,0.000558474
NNP --> dickie,0.000137586,0.00013776
NNP --> dicky,1.56318e-09,1.56515e-09
NNP --> dictionary,3.44314e-05,3.44748e-05
NNP --> diddle,1.56485e-09,1.56683e-09
NNP --> didi,1.56318e-09,1.56515e-09
NNP --> digger,1.56371e-09,1.56568e-09
NNP --> dika,1.56318e-09,1.56515e-09
NNP --> dina,1.56318e-09,1.56515e-09
NNP --> dirty,0.000280856,0.000283044
NNP --> disney,0.000294951,0.000295323
NNP --> diwentca,3.44314e-05,3.44748e-05
NNP --> do_bee,1.56318e-09,1.56515e-09
NNP --> do_you_know,0.000137586,0.00013776
NNP --> doc,1.56318e-09,1.56515e-09
NNP --> doctor,1.56695e-09,1.56892e-09
NNP --> doctor_marx,3.44314e-05,3.44748e-05
NNP --> dodge,1.57772e-09,1.57972e-09
NNP --> dodie,0.000137586,0.00013776
NNP --> dog,1.56661e-09,1.5686e-09
NNP --> doggie,1.56501e-09,1.56699e-09
NNP --> doggy,1.56583e-09,1.56779e-09
NNP --> dollie,1.5684e-09,1.57042e-09
NNP --> dolly,1.56984e-09,1.57184e-09
NNP --> don,0.000189963,0.000190203
NNP --> donald,0.00040005,0.000400555
NNP --> donald_duck,0.00040005,0.000400555
NNP --> donkey,1.56912e-09,1.57109e-09
NNP --> donna,0.00287202,0.00287564
NNP --> donnie,3.44314e-05,3.44748e-05
NNP --> donny,0.00055777,0.000558474
NNP --> dooey,1.56318e-09,1.56515e-09
NNP --> doris,1.56318e-09,1.56515e-09
NNP --> dorothy,0.000189963,0.000190203
NNP --> dot,1.56998e-09,1.57196e-09
NNP --> dottie,1.56318e-09,1.56515e-09
NNP --> dotty,8.54609e-05,8.55687e-05
NNP --> douglas,3.44314e-05,3.44748e-05
NNP --> dougy,3.44314e-05,3.44748e-05
NNP --> dover,8.54609e-05,8.55687e-05
NNP --> down,0.0206161,0.0205605
NNP --> dr,0.00040005,0.000400555
NNP --> dragon,1.56914e-09,1.57113e-09
NNP --> dreffel,1.56318e-09,1.56515e-09
NNP --> drivas,3.44314e-05,3.44748e-05
NNP --> drive,1.56902e-09,1.57099e-09
NNP --> driver,0.000407476,0.000407664
NNP --> drowsy,1.56318e-09,1.56515e-09
NNP --> drumlin,3.44314e-05,3.44748e-05
NNP --> duc,3.44314e-05,3.44748e-05
NNP --> duchess,0.000242435,0.00024274
NNP --> duck,1.56655e-09,1.56852e-09
NNP --> ducky,1.56621e-09,1.56821e-09
NNP --> ducky_lucky,3.44314e-05,3.44748e-05
NNP --> duffy,3.44314e-05,3.44748e-05
NNP --> dukakis,3.44314e-05,3.44748e-05
NNP --> dumbo,0.00040005,0.000400555
NNP --> dumpty,3.44314e-05,3.44748e-05
NNP --> duplo,1.56318e-09,1.56515e-09
NNP --> dustin,3.44314e-05,3.44748e-05
NNP --> dutch,1.56905e-09,1.57099e-09
NNP --> dwinette,1.56318e-09,1.56515e-09
NNP --> dylan,0.000189963,0.000190203
NNP --> dynel,1.56318e-09,1.56515e-09
NNP --> e,1.56832e-09,1.5703e-09
NNP --> eagle,1.56576e-09,1.56772e-09
NNP --> earling,3.44314e-05,3.44748e-05
NNP --> ears,8.54609e-05,8.55687e-05
NNP --> easter,0.00192523,0.00192766
NNP --> easter_bunnie,3.44314e-05,3.44748e-05
NNP --> easter_bunny,0.000715526,0.000716428
NNP --> easter_rabbit,1.56318e-09,1.56515e-09
NNP --> ed,0.0243515,0.0243828
NNP --> eddie,3.44314e-05,3.44748e-05
NNP --> edith,0.000189963,0.000190203
NNP --> edna,8.54609e-05,8.55687e-05
NNP --> ee_yay_ee_yay_oh,8.54608e-05,8.55686e-05
NNP --> eensie,3.44314e-05,3.44748e-05
NNP --> egg,0.000216632,0.000216015
NNP --> egyptian_mummy,3.44314e-05,3.44748e-05
NNP --> eileen,0.000137586,0.00013776
NNP --> elaine,0.00040005,0.000400555
NNP --> elanie,3.44314e-05,3.44748e-05
NNP --> eleanor,0.000347493,0.000347931
NNP --> eleanore,1.56318e-09,1.56515e-09
NNP --> elenore,3.44314e-05,3.44748e-05
NNP --> elephant,1.56575e-09,1.56772e-09
NNP --> elf,3.44314e-05,3.44748e-05
NNP --> elijah,3.44314e-05,3.44748e-05
NNP --> eliza,0.000137586,0.00013776
NNP --> elizabeth,0.00187263,0.001875
NNP --> elka,1.56318e-09,1.56515e-09
NNP --> ellen,0.000137586,0.00013776
NNP --> ellie,0.000715526,0.000716428
NNP --> elma,3.44314e-05,3.44748e-05
NNP --> elmer,3.44314e-05,3.44748e-05
NNP --> elmo,3.44314e-05,3.44748e-05
NNP --> elsie,1.56318e-09,1.56515e-09
NNP --> elthea,1.56318e-09,1.56515e-09
NNP --> elvis,3.44314e-05,3.44748e-05
NNP --> emerson,0.00040005,0.000400555
NNP --> emily,0.000505191,0.000505828
NNP --> emma,0.000137586,0.00013776
NNP --> emmy,1.56318e-09,1.56515e-09
NNP --> emory,0.000189963,0.000190203
NNP --> emry,1.56318e-09,1.56515e-09
NNP --> england,0.000137586,0.00013776
NNP --> english,1.56358e-09,1.56555e-09
NNP --> eric,0.000347493,0.000347931
NNP --> eril,3.44314e-05,3.44748e-05
NNP --> erin,0.00103108,0.00103238
NNP --> erli,3.44314e-05,3.44748e-05
NNP --> ernest,0.000137586,0.00013776
NNP --> ernie,0.00055777,0.000558474
NNP --> eskimo,0.000347493,0.000347931
NNP --> esther,0.00040005,0.000400555
NNP --> eth,3.44314e-05,3.44748e-05
NNP --> eva,3.44314e-05,3.44748e-05
NNP --> eve,0.0154738,0.0154972
NNP --> exeter,8.54609e-05,8.55687e-05
NNP --> eye,1.56491e-09,1.56689e-09
NNP --> f,3.44314e-05,3.44748e-05
NNP --> fair,1.56535e-09,1.56734e-09
NNP --> faith,1.56318e-09,1.56515e-09
NNP --> farm,1.56837e-09,1.57035e-09
NNP --> farmer_in_the_dell,3.44314e-05,3.44748e-05
NNP --> fat,1.56646e-09,1.56843e-09
NNP --> father,0.000523803,0.000525837
NNP --> february,1.57301e-09,1.57517e-09
NNP --> feet,0.000271934,0.000272431
NNP --> felix,3.44314e-05,3.44748e-05
NNP --> felix_the_cat,1.56318e-09,1.56515e-09
NNP --> ferguson,1.56318e-09,1.56515e-09
NNP --> ferrari,3.44314e-05,3.44748e-05
NNP --> fifi,8.54609e-05,8.55687e-05
NNP --> filene,0.000137586,0.00013776
NNP --> fine,0.000794172,0.000792649
NNP --> finn,3.44314e-05,3.44748e-05
NNP --> fireman,1.56477e-09,1.56692e-09
NNP --> firstname,1.56318e-09,1.56515e-09
NNP --> fish,1.56805e-09,1.57001e-09
NNP --> fisher,8.54609e-05,8.55687e-05
NNP --> fitzgerald,1.56318e-09,1.56515e-09
NNP --> fitzy,3.44314e-05,3.44748e-05
NNP --> fix_it,1.56318e-09,1.56515e-09
NNP --> fizzie,1.56579e-09,1.56776e-09
NNP --> flack,3.44314e-05,3.44748e-05
NNP --> flanagan,1.56318e-09,1.56515e-09
NNP --> flintstone,8.54609e-05,8.55687e-05
NNP --> flintstone's,3.44314e-05,3.44748e-05
NNP --> flintstones,1.56318e-09,1.56515e-09
NNP --> flip,0.000615315,0.000614508
NNP --> flip_flop,8.54609e-05,8.55687e-05
NNP --> flipflop,1.56658e-09,1.5686e-09
NNP --> flipper,1.56859e-09,1.57058e-09
NNP --> florence,3.44314e-05,3.44748e-05
NNP --> florida,3.44314e-05,3.44748e-05
NNP --> flupper_nutter,3.44314e-05,3.44748e-05
NNP --> foolish_man,1.56318e-09,1.56515e-09
NNP --> fox,1.56361e-09,1.56558e-09
NNP --> foxboro,3.44314e-05,3.44748e-05
NNP --> fraggle,1.56318e-09,1.56515e-09
NNP --> framingham,0.000137586,0.00013776
NNP --> france,0.000137586,0.00013776
NNP --> francisco,0.000873298,0.000874399
NNP --> frank,0.000652274,0.000651964
NNP --> frankenstein,1.56318e-09,1.56515e-09
NNP --> franky,1.56318e-09,1.56515e-09
NNP --> fraser,0.00708002,0.00708895
NNP --> freckle,1.56318e-09,1.56515e-09
NNP --> fred,0.000505191,0.000505828
NNP --> freddie,3.44314e-05,3.44748e-05
NNP --> freddy,0.000137586,0.00013776
NNP --> french,1.56567e-09,1.56764e-09
NNP --> friday,0.00124146,0.00124303
NNP --> friendly,4.70792e-05,4.7165e-05
NNP --> fritzi,3.44314e-05,3.44748e-05
NNP --> froggy,1.57589e-09,1.57788e-09
NNP --> frosty,0.000242435,0.00024274
NNP --> fruit,1.56665e-09,1.56862e-09
NNP --> fruit_loop,8.54264e-05,8.55341e-05
NNP --> fudd,3.44314e-05,3.44748e-05
NNP --> fudgsicle,1.5687e-09,1.57066e-09
NNP --> full,0.00148806,0.00148667
NNP --> fuzzy_wuzzy,1.56318e-09,1.56515e-09
NNP --> g,8.54609e-05,8.55687e-05
NNP --> g_i_joe,0.000137586,0.00013776
NNP --> gail,0.00245122,0.00245431
NNP --> gammy,3.44314e-05,3.44748e-05
NNP --> gap,1.56492e-09,1.56691e-09
NNP --> gary,0.000347493,0.000347931
NNP --> gate,1.56629e-09,1.56823e-09
NNP --> gene,8.54609e-05,8.55687e-05
NNP --> genie,0.000242434,0.00024274
NNP --> george,0.00171484,0.001717
NNP --> georgia,1.56318e-09,1.56515e-09
NNP --> georgie,0.000820706,0.000821741
NNP --> gerard,3.44314e-05,3.44748e-05
NNP --> german,3.44314e-05,3.44748e-05
NNP --> germany,3.44314e-05,3.44748e-05
NNP --> ghostbuster,1.56318e-09,1.56515e-09
NNP --> ghostbusters,3.44314e-05,3.44748e-05
NNP --> giant,1.56434e-09,1.56633e-09
NNP --> gigi,8.54609e-05,8.55687e-05
NNP --> gilbert,1.56318e-09,1.56515e-09
NNP --> gillian,3.44314e-05,3.44748e-05
NNP --> gilligan,8.54609e-05,8.55687e-05
NNP --> gilly,0.000610353,0.000611122
NNP --> giraffe,1.56641e-09,1.56836e-09
NNP --> girl,1.56516e-09,1.56714e-09
NNP --> gleason,3.44314e-05,3.44748e-05
NNP --> globe,3.44314e-05,3.44748e-05
NNP --> gloria,0.00176744,0.00176967
NNP --> god,0.000794979,0.00079665
NNP --> golden,1.57416e-09,1.57611e-09
NNP --> golden_gate_park,8.54609e-05,8.55687e-05
NNP --> goldilocks,0.000505191,0.000505828
NNP --> goldrush,1.56318e-09,1.56515e-09
NNP --> goldy,3.44314e-05,3.44748e-05
NNP --> gonzo,3.44314e-05,3.44748e-05
NNP --> goober_peas,3.44314e-05,3.44748e-05
NNP --> goodbye,0.000533622,0.000520425
NNP --> goodie,1.56361e-09,1.56559e-09
NNP --> goofy,1.56494e-09,1.56691e-09
NNP --> googenheimer,1.56318e-09,1.56515e-09
NNP --> goose,0.000142126,0.000142782
NNP --> gordon,1.56318e-09,1.56515e-09
NNP --> govenor,3.44314e-05,3.44748e-05
NNP --> grace,0.00019791,0.000199503
NNP --> gracie,0.000137586,0.00013776
NNP --> graham,1.5694e-09,1.5714e-09
NNP --> gram,0.000137586,0.00013776
NNP --> gramma,0.000242435,0.00024274
NNP --> grammy,0.000715526,0.000716428
NNP --> grampa,1.57396e-09,1.57589e-09
NNP --> grampie,3.44314e-05,3.44748e-05
NNP --> grampy,0.000820706,0.000821741
NNP --> grand,1.56573e-09,1.56769e-09
NNP --> grandaddy,8.54609e-05,8.55687e-05
NNP --> grandfather,1.57215e-09,1.57404e-09
NNP --> grandma,0.00156598,0.00157003
NNP --> grandmother,1.56438e-09,1.56639e-09
NNP --> grandpa,0.00044743,0.000453856
NNP --> granma,8.54609e-05,8.55687e-05
NNP --> granny,0.000662938,0.000663774
NNP --> granpa,1.57305e-09,1.57503e-09
NNP --> grant,8.54609e-05,8.55687e-05
NNP --> graves,1.56318e-09,1.56515e-09
NNP --> greek,1.56949e-09,1.57145e-09
NNP --> green,1.56713e-09,1.5691e-09
NNP --> greenville,3.44314e-05,3.44748e-05
NNP --> greenwich,0.000137586,0.00013776
NNP --> griffith,3.44314e-05,3.44748e-05
NNP --> griffiths,3.44314e-05,3.44748e-05
NNP --> grill,1.56369e-09,1.56566e-09
NNP --> grimm,3.44314e-05,3.44748e-05
NNP --> grm,3.44314e-05,3.44748e-05
NNP --> ground,4.22338e-05,4.2488e-05
NNP --> grover,0.000189963,0.000190203
NNP --> growler,1.56318e-09,1.56515e-09
NNP --> gruyere,3.44314e-05,3.44748e-05
NNP --> guatemala,0.000242435,0.00024274
NNP --> gumby,0.0003272,0.000325993
NNP --> gummy,1.56318e-09,1.56515e-09
NNP --> gumpy,8.54609e-05,8.55687e-05
NNP --> gwen,0.000137586,0.00013776
NNP --> h,8.54609e-05,8.55687e-05
NNP --> hall,1.56618e-09,1.56816e-09
NNP --> halloween,0.00171484,0.001717
NNP --> hampshire,0.000137586,0.00013776
NNP --> hans,8.54609e-05,8.55687e-05
NNP --> happy,1.56981e-09,1.5717e-09
NNP --> harry,8.54609e-05,8.55687e-05
NNP --> hartzell,0.000347493,0.000347931
NNP --> harvard,0.00040005,0.000400555
NNP --> harvard_square,3.44248e-05,3.44679e-05
NNP --> harve,1.56318e-09,1.56515e-09
NNP --> harvey,3.44314e-05,3.44748e-05
NNP --> hawaii,8.54609e-05,8.55687e-05
NNP --> he_man,3.44314e-05,3.44748e-05
NNP --> head,1.56578e-09,1.56781e-09
NNP --> heart,1.56997e-09,1.57193e-09
NNP --> heather,0.000820706,0.000821741
NNP --> heaven,1.57058e-09,1.57255e-09
NNP --> hector,1.56318e-09,1.56515e-09
NNP --> hedda,3.44314e-05,3.44748e-05
NNP --> heidi,0.00040005,0.000400555
NNP --> helen,1.56318e-09,1.56515e-09
NNP --> helga,8.54609e-05,8.55687e-05
NNP --> helper,0.00013043,0.000130502
NNP --> henry,1.56318e-09,1.56515e-09
NNP --> herbert,3.44314e-05,3.44748e-05
NNP --> hercules,8.54609e-05,8.55687e-05
NNP --> herman,3.44314e-05,3.44748e-05
NNP --> hermit,3.44314e-05,3.44748e-05
NNP --> hershey,8.54609e-05,8.55687e-05
NNP --> hey,0.00076374,0.000764125
NNP --> hey_diddle_diddle,3.44314e-05,3.44748e-05
NNP --> hi,1.56844e-09,1.57047e-09
NNP --> hi_c,3.44314e-05,3.44748e-05
NNP --> hickey,1.56318e-09,1.56515e-09
NNP --> hippity,1.56318e-09,1.56515e-09
NNP --> hippity_doo,3.44314e-05,3.44748e-05
NNP --> hippity_hop,8.54609e-05,8.55687e-05
NNP --> hokey,3.44314e-05,3.44748e-05
NNP --> hokeypokey,3.44314e-05,3.44748e-05
NNP --> holland,3.44314e-05,3.44748e-05
NNP --> homer,0.000242435,0.00024274
NNP --> hon,0.000557767,0.00055847
NNP --> honey,0.0105705,0.0105716
NNP --> honeybun,1.67325e-09,1.67635e-09
NNP --> hood,1.56598e-09,1.56798e-09
NNP --> hooper,8.54609e-05,8.55687e-05
NNP --> hop,0.000980788,0.000988039
NNP --> horsie,1.5672e-09,1.56914e-09
NNP --> horton,8.54609e-05,8.55687e-05
NNP --> hotel,1.56438e-09,1.56634e-09
NNP --> hound,8.54609e-05,8.55687e-05
NNP --> house,1.56767e-09,1.56962e-09
NNP --> howard,0.00040005,0.000400555
NNP --> howie,0.000347493,0.000347931
NNP --> hubbard,1.56318e-09,1.56515e-09
NNP --> huckleberry,0.000189963,0.000190203
NNP --> hudson,0.000137586,0.00013776
NNP --> huey,1.56318e-09,1.56515e-09
NNP --> huh,0.0283206,0.0283412
NNP --> humm,0.00055777,0.000558474
NNP --> hummburger,1.56318e-09,1.56515e-09
NNP --> hump,1.56323e-09,1.5652e-09
NNP --> humpty,3.44314e-05,3.44748e-05
NNP --> humpty_dumpty,0.000294951,0.000295323
NNP --> hungary,3.44314e-05,3.44748e-05
NNP --> hurvich,1.56318e-09,1.56515e-09
NNP --> i,0.0287574,0.028778
NNP --> ichabod,1.56318e-09,1.56515e-09
NNP --> indian,1.56647e-09,1.56844e-09
NNP --> information,1.56551e-09,1.56747e-09
NNP --> inkie,0.000137586,0.00013776
NNP --> inky,0.000189962,0.000190202
NNP --> instruments,3.44314e-05,3.44748e-05
NNP --> inv,3.44314e-05,3.44748e-05
NNP --> investigator,0.00532722,0.0053197
NNP --> investigator_one,0.000294951,0.000295323
NNP --> ireland,3.44314e-05,3.44748e-05
NNP --> irene,3.44314e-05,3.44748e-05
NNP --> irish,1.57069e-09,1.57267e-09
NNP --> iron,1.56603e-09,1.56799e-09
NNP --> island,1.57001e-09,1.57201e-09
NNP --> israel,8.54609e-05,8.55687e-05
NNP --> italy,0.00103108,0.00103238
NNP --> izzy,3.44314e-05,3.44748e-05
NNP --> j,8.54609e-05,8.55687e-05
NNP --> jack,0.000363375,0.000365328
NNP --> jack^stone,3.44314e-05,3.44748e-05
NNP --> jackie,0.000137586,0.00013776
NNP --> jackson,3.44314e-05,3.44748e-05
NNP --> jacob,0.000137586,0.00013776
NNP --> jake,0.000137586,0.00013776
NNP --> jamaica_way,3.44314e-05,3.44748e-05
NNP --> jamie,0.00040005,0.000400555
NNP --> jan,1.56318e-09,1.56515e-09
NNP --> jane,8.54609e-05,8.55687e-05
NNP --> janet,8.54609e-05,8.55687e-05
NNP --> janice,0.000137586,0.00013776
NNP --> january,0.000137586,0.00013776
NNP --> jasmine,3.44314e-05,3.44748e-05
NNP --> jason,0.000242435,0.00024274
NNP --> jean,8.54609e-05,8.55687e-05
NNP --> jeanie,1.56318e-09,1.56515e-09
NNP --> jeanine,1.56318e-09,1.56515e-09
NNP --> jeanne,0.000137586,0.00013776
NNP --> jeannie,0.000137586,0.00013776
NNP --> jeep,1.5645e-09,1.56648e-09
NNP --> jeff,0.000189963,0.000190203
NNP --> jeffery,3.44314e-05,3.44748e-05
NNP --> jeffrey,1.56318e-09,1.56515e-09
NNP --> jello,1.56698e-09,1.56897e-09
NNP --> jennifer,3.44314e-05,3.44748e-05
NNP --> jenny,0.000137586,0.00013776
NNP --> jeremy,3.44314e-05,3.44748e-05
NNP --> jerry,0.000452617,0.000453188
NNP --> jess,8.54609e-05,8.55687e-05
NNP --> jesse,3.44314e-05,3.44748e-05
NNP --> jessica,0.000137586,0.00013776
NNP --> jessie,0.000189963,0.000190203
NNP --> jesus,0.000294951,0.000295323
NNP --> jill,0.00055777,0.000558474
NNP --> jim,0.000768115,0.000769084
NNP --> jim_jump,3.44314e-05,3.44748e-05
NNP --> jiminy,1.56318e-09,1.56515e-09
NNP --> jimmy,8.54609e-05,8.55687e-05
NNP --> jingle,0.00018996,0.0001902
NNP --> jinx,8.54609e-05,8.55687e-05
NNP --> jo_ann,0.000873298,0.000874399
NNP --> jo_anna,1.56318e-09,1.56515e-09
NNP --> jo_anne,0.000452617,0.000453188
NNP --> joan,3.44314e-05,3.44748e-05
NNP --> joann,8.54609e-05,8.55687e-05
NNP --> joanne,8.54609e-05,8.55687e-05
NNP --> jocko,8.54609e-05,8.55687e-05
NNP --> jody,1.56318e-09,1.56515e-09
NNP --> joe,0.000925888,0.000927055
NNP --> joey,0.000715526,0.000716428
NNP --> joey^joe,1.56318e-09,1.56515e-09
NNP --> john,0.00055777,0.000558474
NNP --> johnny,0.000137586,0.00013776
NNP --> johnny_on_the_spot,1.56318e-09,1.56515e-09
NNP --> johnson,8.54609e-05,8.55687e-05
NNP --> jones,1.56318e-09,1.56515e-09
NNP --> jordan,8.54609e-05,8.55687e-05
NNP --> jose,8.54609e-05,8.55687e-05
NNP --> joseph,0.00679305,0.00680105
NNP --> joseph^joseph,3.44314e-05,3.44748e-05
NNP --> joseph_p,3.44314e-05,3.44748e-05
NNP --> josephine,3.44314e-05,3.44748e-05
NNP --> josh,3.44314e-05,3.44748e-05
NNP --> joshua,8.54609e-05,8.55687e-05
NNP --> josie,1.56318e-09,1.56515e-09
NNP --> joyce,8.54609e-05,8.55687e-05
NNP --> juanita,8.54609e-05,8.55687e-05
NNP --> judy,0.000715526,0.000716428
NNP --> julie,0.000189963,0.000190203
NNP --> julliet,1.56318e-09,1.56515e-09
NNP --> july,0.00055777,0.000558474
NNP --> june,3.44314e-05,3.44748e-05
NNP --> junie,3.44314e-05,3.44748e-05
NNP --> justin,0.00166224,0.00166434
NNP --> kahn,1.56318e-09,1.56515e-09
NNP --> kanga,3.44314e-05,3.44748e-05
NNP --> kangaroo,1.56909e-09,1.57103e-09
NNP --> kansas,0.000137586,0.00013776
NNP --> karate,3.44314e-05,3.44748e-05
NNP --> karen,0.00103108,0.00103238
NNP --> karin,8.54609e-05,8.55687e-05
NNP --> karl,0.000242435,0.00024274
NNP --> kate,1.56318e-09,1.56515e-09
NNP --> kathleen,8.54609e-05,8.55687e-05
NNP --> kathryn,3.44314e-05,3.44748e-05
NNP --> kathy,0.000662938,0.000663774
NNP --> katie,0.000347493,0.000347931
NNP --> katz,3.44314e-05,3.44748e-05
NNP --> kay,3.44314e-05,3.44748e-05
NNP --> kayla,1.56318e-09,1.56515e-09
NNP --> kean,0.00040005,0.000400555
NNP --> keller,3.44314e-05,3.44748e-05
NNP --> kellogg,1.56318e-09,1.56515e-09
NNP --> ken,0.000137586,0.00013776
NNP --> kenna,3.44314e-05,3.44748e-05
NNP --> kennan,1.56318e-09,1.56515e-09
NNP --> kennedy,3.44314e-05,3.44748e-05
NNP --> kennel,3.44314e-05,3.44748e-05
NNP --> kenner,1.56318e-09,1.56515e-09
NNP --> kenny,0.00040005,0.000400555
NNP --> kent,0.00271422,0.00271764
NNP --> kentucky,8.54609e-05,8.55687e-05
NNP --> kevin,0.000137586,0.00013776
NNP --> kid,1.56484e-09,1.56684e-09
NNP --> kiddie,1.56614e-09,1.56814e-09
NNP --> kiddo,0.000137586,0.00013776
NNP --> kildare,3.44314e-05,3.44748e-05
NNP --> kim,0.000505191,0.000505828
NNP --> kimberly,8.54609e-05,8.55687e-05
NNP --> king,1.5646e-09,1.56657e-09
NNP --> kirk,8.54609e-05,8.55687e-05
NNP --> kirsten,0.000189963,0.000190203
NNP --> kiss_for_little_bear,1.56318e-09,1.56515e-09
NNP --> kissy,1.58485e-09,1.58672e-09
NNP --> kit,0.00029495,0.000295322
NNP --> kitty,0.000115936,0.000115958
NNP --> kleenex,1.56408e-09,1.56606e-09
NNP --> knucklehead,1.56615e-09,1.56825e-09
NNP --> kool,3.44314e-05,3.44748e-05
NNP --> kool_aid,8.54609e-05,8.55687e-05
NNP --> koolade,0.000189963,0.000190203
NNP --> koolaid,3.44307e-05,3.44741e-05
NNP --> kris,3.44314e-05,3.44748e-05
NNP --> kristen,3.44314e-05,3.44748e-05
NNP --> kristin,3.44314e-05,3.44748e-05
NNP --> krueger,3.44314e-05,3.44748e-05
NNP --> krystal,3.44314e-05,3.44748e-05
NNP --> kyle,3.44314e-05,3.44748e-05
NNP --> l,3.44314e-05,3.44748e-05
NNP --> la,1.56544e-09,1.56742e-09
NNP --> labor,3.44314e-05,3.44748e-05
NNP --> lady,1.56694e-09,1.56888e-09
NNP --> lady_bump,1.56318e-09,1.56515e-09
NNP --> lake,1.5653e-09,1.56726e-09
NNP --> lala,0.000242435,0.00024274
NNP --> lalalilk,1.56318e-09,1.56515e-09
NNP --> lamb,1.56743e-09,1.5694e-09
NNP --> lamby,1.56318e-09,1.56515e-09
NNP --> land,1.56894e-09,1.57088e-09
NNP --> larry,0.000189963,0.000190203
NNP --> lassie,0.00040005,0.000400555
NNP --> lastname,0.000452617,0.000453188
NNP --> lauper,3.44314e-05,3.44748e-05
NNP --> laura,0.000452617,0.000453188
NNP --> lauras,1.56318e-09,1.56515e-09
NNP --> lauren,3.44314e-05,3.44748e-05
NNP --> laurie,0.000452617,0.000453188
NNP --> lawny,0.000137586,0.00013776
NNP --> le,3.44314e-05,3.44748e-05
NNP --> lead,1.65727e-09,1.6601e-09
NNP --> leappad,1.56318e-09,1.56515e-09
NNP --> lee,1.56318e-09,1.56515e-09
NNP --> lefty,3.44314e-05,3.44748e-05
NNP --> legos,1.56318e-09,1.56515e-09
NNP --> leila,0.00113627,0.0011377
NNP --> lenny,3.44314e-05,3.44748e-05
NNP --> leo,0.000137586,0.00013776
NNP --> leon,3.44314e-05,3.44748e-05
NNP --> leonard,3.44314e-05,3.44748e-05
NNP --> leone,1.56318e-09,1.56515e-09
NNP --> leslie,3.44314e-05,3.44748e-05
NNP --> light,1.56633e-09,1.5683e-09
NNP --> lijah,0.000242435,0.00024274
NNP --> lily,0.000294945,0.000295316
NNP --> lincoln,8.54609e-05,8.55687e-05
NNP --> linda,0.00508122,0.00508762
NNP --> line,1.56508e-09,1.56707e-09
NNP --> lion,1.56516e-09,1.56713e-09
NNP --> lipton,3.44314e-05,3.44748e-05
NNP --> lis,8.54609e-05,8.55687e-05
NNP --> lisa,0.000242435,0.00024274
NNP --> lisette,3.44314e-05,3.44748e-05
NNP --> little,1.56647e-09,1.56844e-09
NNP --> liz,3.44314e-05,3.44748e-05
NNP --> lizzie,1.56318e-09,1.56515e-09
NNP --> locker,3.44314e-05,3.44748e-05
NNP --> lola,1.56318e-09,1.56515e-09
NNP --> lolly,1.56994e-09,1.57195e-09
NNP --> london,8.54609e-05,8.55687e-05
NNP --> loop,1.56537e-09,1.56735e-09
NNP --> loop_loop,1.56577e-09,1.56775e-09
NNP --> lord,0.000189962,0.000190202
NNP --> lou,0.000294951,0.000295323
NNP --> louie,3.44314e-05,3.44748e-05
NNP --> louis,3.44314e-05,3.44748e-05
NNP --> louise,8.54609e-05,8.55687e-05
NNP --> louisville,3.44314e-05,3.44748e-05
NNP --> love,1.56787e-09,1.56986e-09
NNP --> lovey,0.000137586,0.00013776
NNP --> lucky,0.000153169,0.000154251
NNP --> lucy,3.44314e-05,3.44748e-05
NNP --> lydia,3.44314e-05,3.44748e-05
NNP --> lynnere,3.44314e-05,3.44748e-05
NNP --> m,1.56318e-09,1.56515e-09
NNP --> m_and_m,3.44314e-05,3.44748e-05
NNP --> ma,0.000452617,0.000453188
NNP --> maam,1.56366e-09,1.56563e-09
NNP --> mabel,1.56318e-09,1.56515e-09
NNP --> macaroni,1.57156e-09,1.57354e-09
NNP --> macdonald,0.000189963,0.000190203
NNP --> mackenzie,1.56318e-09,1.56515e-09
NNP --> macy,1.56318e-09,1.56515e-09
NNP --> madeleine,1.56318e-09,1.56515e-09
NNP --> madeline,0.000347493,0.000347931
NNP --> mag,3.44314e-05,3.44748e-05
NNP --> magazine,1.56488e-09,1.56686e-09
NNP --> magazine_beach,1.56318e-09,1.56515e-09
NNP --> maggie,0.00429222,0.00429763
NNP --> magnuson,1.56318e-09,1.56515e-09
NNP --> maine,8.54609e-05,8.55687e-05
NNP --> maisie,8.54609e-05,8.55687e-05
NNP --> major,1.57263e-09,1.57469e-09
NNP --> mallard,3.44268e-05,3.44701e-05
NNP --> mallein,0.000242435,0.00024274
NNP --> mama,0.000186949,1.57111e-09
NNP --> mamma,1.56318e-09,1.56515e-09
NNP --> man,0.000240897,0.000246037
NNP --> mandi,3.44314e-05,3.44748e-05
NNP --> maple,1.57219e-09,1.57382e-09
NNP --> mar,1.56318e-09,1.56515e-09
NNP --> march,1.5639e-09,1.56586e-09
NNP --> marcia,3.44314e-05,3.44748e-05
NNP --> marco,3.44314e-05,3.44748e-05
NNP --> margaret,8.54609e-05,8.55687e-05
NNP --> margareta,8.54609e-05,8.55687e-05
NNP --> margie,3.44314e-05,3.44748e-05
NNP --> margot,0.000242435,0.00024274
NNP --> maria,1.56318e-09,1.56515e-09
NNP --> marian,0.000189963,0.000190203
NNP --> mariana,0.000768115,0.000769084
NNP --> marie,0.000873298,0.000874399
NNP --> marilee,8.54609e-05,8.55687e-05
NNP --> mario,1.56318e-09,1.56515e-09
NNP --> marion,0.000242435,0.00024274
NNP --> mark,0.00026494,0.000267242
NNP --> marks,1.56318e-09,1.56515e-09
NNP --> martian,8.54609e-05,8.55687e-05
NNP --> marx,0.000137586,0.00013776
NNP --> mary,0.00166224,0.00166434
NNP --> mary_ann,3.44314e-05,3.44748e-05
NNP --> mary_poppins,3.44314e-05,3.44748e-05
NNP --> maryann,1.56318e-09,1.56515e-09
NNP --> maryanne,0.000137586,0.00013776
NNP --> maryse,0.00108367,0.00108504
NNP --> mass,0.000242429,0.000242736
NNP --> massachusetts,0.000242435,0.00024274
NNP --> mat,1.56458e-09,1.56654e-09
NNP --> mattapan,3.44314e-05,3.44748e-05
NNP --> matthew,0.000452617,0.000453188
NNP --> mattress,1.56364e-09,1.56561e-09
NNP --> maurine,3.44314e-05,3.44748e-05
NNP --> may,0.00371608,0.00370919
NNP --> maya,0.000242435,0.00024274
NNP --> mccarty,3.44314e-05,3.44748e-05
NNP --> mcdonald,0.000505191,0.000505828
NNP --> mcdonalds,3.44314e-05,3.44748e-05
NNP --> mcginty,1.56318e-09,1.56515e-09
NNP --> mcgregor,1.56318e-09,1.56515e-09
NNP --> mcroth,3.44314e-05,3.44748e-05
NNP --> medicare,8.54609e-05,8.55687e-05
NNP --> mel,0.00113627,0.0011377
NNP --> melanie,8.54609e-05,8.55687e-05
NNP --> melisandy,1.56318e-09,1.56515e-09
NNP --> melissa,0.00187263,0.001875
NNP --> melissi,0.00055777,0.000558474
NNP --> melloan,8.54609e-05,8.55687e-05
NNP --> memorial,0.000137586,0.00013776
NNP --> mercedes,8.54609e-05,8.55687e-05
NNP --> mercurochrome,0.000137586,0.00013776
NNP --> messy_bessy,1.56318e-09,1.56515e-09
NNP --> mexican,1.56709e-09,1.56908e-09
NNP --> mexico,3.44314e-05,3.44748e-05
NNP --> michael,0.00155704,0.00155901
NNP --> michele,0.000137586,0.00013776
NNP --> michelle,0.000137586,0.00013776
NNP --> michigan,8.54609e-05,8.55687e-05
NNP --> mickey,0.000610353,0.000611122
NNP --> mickey_mouse,0.000137586,0.00013776
NNP --> microphone,1.56398e-09,1.56596e-09
NNP --> middlesex,3.44314e-05,3.44748e-05
NNP --> midge,8.54609e-05,8.55687e-05
NNP --> mighty,1.56659e-09,1.56856e-09
NNP --> mighty_mouse,1.56318e-09,1.56515e-09
NNP --> mighty_white,3.44314e-05,3.44748e-05
NNP --> miguel,1.56318e-09,1.56515e-09
NNP --> mike,0.000625363,0.000624499
NNP --> mikey,0.000662938,0.000663774
NNP --> mikie,1.56318e-09,1.56515e-09
NNP --> mila,1.56318e-09,1.56515e-09
NNP --> miles,3.44314e-05,3.44748e-05
NNP --> milkman,0.000133746,0.000134182
NNP --> millisand,1.56318e-09,1.56515e-09
NNP --> millisandy,0.00134665,0.00134835
NNP --> mimi,0.000294951,0.000295323
NNP --> minnie,3.44314e-05,3.44748e-05
NNP --> minoru,0.000242435,0.00024274
NNP --> miranda,3.44314e-05,3.44748e-05
NNP --> miriam,0.00208303,0.00208566
NNP --> miss,1.56797e-09,1.56996e-09
NNP --> miss_america,1.56318e-09,1.56515e-09
NNP --> miss_echo,3.44314e-05,3.44748e-05
NNP --> missus,0.000137586,0.00013776
NNP --> missy,1.56652e-09,1.56853e-09
NNP --> mister,0.00246229,0.00246584
NNP --> mitchell,3.44314e-05,3.44748e-05
NNP --> mobilgas,3.44314e-05,3.44748e-05
NNP --> mom,0.00384033,0.00384551
NNP --> momma,0.000738782,0.000742441
NNP --> mommy,0.00295741,0.00298983
NNP --> monday,0.00118886,0.00119036
NNP --> monkey,1.566e-09,1.56796e-09
NNP --> monroe,3.44314e-05,3.44748e-05
NNP --> monster,1.56757e-09,1.56954e-09
NNP --> moon,1.56854e-09,1.57049e-09
NNP --> moore,1.56318e-09,1.56515e-09
NNP --> morgan,8.54609e-05,8.55687e-05
NNP --> mot,0.000347493,0.000347931
NNP --> mother,1.57141e-09,1.57333e-09
NNP --> motorboat,1.56332e-09,1.56529e-09
NNP --> mouse,1.56711e-09,1.56908e-09
NNP --> mr,0.00334542,0.00334964
NNP --> mr.,3.44314e-05,3.44748e-05
NNP --> mrs,0.00292462,0.00292831
NNP --> muffet,8.54609e-05,8.55687e-05
NNP --> muffin,1.56545e-09,1.56742e-09
NNP --> mulligan,3.44314e-05,3.44748e-05
NNP --> mumma,0.000515445,0.000516499
NNP --> mummy,0.00267718,0.00268731
NNP --> munch,1.56318e-09,1.56515e-09
NNP --> munchkin,0.000189962,0.000190202
NNP --> munster,1.56318e-09,1.56515e-09
NNP --> museum,1.5661e-09,1.56797e-09
NNP --> mutt,1.56318e-09,1.56515e-09
NNP --> my,0.000159041,0.000157167
NNP --> my_three_son,3.44314e-05,3.44748e-05
NNP --> n,3.44314e-05,3.44748e-05
NNP --> naftali,3.44314e-05,3.44748e-05
NNP --> name,0.000108032,0.000108356
NNP --> nan,3.44314e-05,3.44748e-05
NNP --> nana,0.00221149,0.00221139
NNP --> nana_gee,1.56318e-09,1.56515e-09
NNP --> nancy,0.000189963,0.000190203
NNP --> nancy_nurse,8.54609e-05,8.55687e-05
NNP --> nanna,8.54609e-05,8.55687e-05
NNP --> nanny,8.54609e-05,8.55687e-05
NNP --> nardeen,8.54609e-05,8.55687e-05
NNP --> natalie,1.56318e-09,1.56515e-09
NNP --> nathaniel,0.00040005,0.000400555
NNP --> natick,3.44314e-05,3.44748e-05
NNP --> navy,1.56584e-09,1.56777e-09
NNP --> ned,1.56318e-09,1.56515e-09
NNP --> neil,8.54609e-05,8.55687e-05
NNP --> nellie,3.44314e-05,3.44748e-05
NNP --> nelson,8.54609e-05,8.55687e-05
NNP --> nemo,8.54609e-05,8.55687e-05
NNP --> never_never_land,1.56318e-09,1.56515e-09
NNP --> new,1.5654e-09,1.56737e-09
NNP --> new_brunswick,0.000294951,0.000295323
NNP --> new_york,1.56318e-09,1.56515e-09
NNP --> newman,3.44314e-05,3.44748e-05
NNP --> ngo,3.44314e-05,3.44748e-05
NNP --> nicholas,0.000873298,0.000874399
NNP --> nick,0.000242435,0.00024274
NNP --> nicky,0.000820706,0.000821741
NNP --> nicole,1.56318e-09,1.56515e-09
NNP --> night_night_moon,1.56318e-09,1.56515e-09
NNP --> niglet,1.56318e-09,1.56515e-09
NNP --> nik,0.000189963,0.000190203
NNP --> nikka,1.56318e-09,1.56515e-09
NNP --> nikki,0.000294951,0.000295323
NNP --> nima,1.56318e-09,1.56515e-09
NNP --> nina,0.0258057,0.0258383
NNP --> nissen,1.56318e-09,1.56515e-09
NNP --> noah,0.000610353,0.000611122
NNP --> noel,8.54609e-05,8.55687e-05
NNP --> nola,0.000820706,0.000821741
NNP --> nonna,0.00481822,0.00482429
NNP --> nonno,0.00166224,0.00166434
NNP --> norm,3.44314e-05,3.44748e-05
NNP --> norman,3.44314e-05,3.44748e-05
NNP --> north,1.5667e-09,1.56869e-09
NNP --> north_carolina,8.54609e-05,8.55687e-05
NNP --> north_pole,3.44314e-05,3.44748e-05
NNP --> norwood,1.56318e-09,1.56515e-09
NNP --> november,3.44314e-05,3.44748e-05
NNP --> nozo,8.54609e-05,8.55687e-05
NNP --> numinnuma,3.44314e-05,3.44748e-05
NNP --> nursie,3.44281e-05,3.44716e-05
NNP --> nut,1.56526e-09,1.56722e-09
NNP --> nuwevah,8.54609e-05,8.55687e-05
NNP --> observer,0.00348967,0.00350289
NNP --> october,3.44314e-05,3.44748e-05
NNP --> oda,1.56318e-09,1.56515e-09
NNP --> ohio,0.000294951,0.000295323
NNP --> old,0.000355914,0.000365351
NNP --> old_lady,8.54609e-05,8.55687e-05
NNP --> old_mac_donald,3.44314e-05,3.44748e-05
NNP --> old_macdonald,1.56318e-09,1.56515e-09
NNP --> old_spice,8.54609e-05,8.55687e-05
NNP --> oldsmobile,1.56318e-09,1.56515e-09
NNP --> oldz_macdonald,1.56318e-09,1.56515e-09
NNP --> olive,1.56474e-09,1.56671e-09
NNP --> olly,1.56318e-09,1.56515e-09
NNP --> olympia,0.000242435,0.00024274
NNP --> oma,0.000452617,0.000453188
NNP --> opa,8.54609e-05,8.55687e-05
NNP --> oreo,8.54609e-05,8.55687e-05
NNP --> orphan_annie,8.54609e-05,8.55687e-05
NNP --> oscar,0.000137586,0.00013776
NNP --> othello,3.44314e-05,3.44748e-05
NNP --> owl,1.56806e-09,1.57008e-09
NNP --> oz,8.54609e-05,8.55687e-05
NNP --> p,0.000294951,0.000295323
NNP --> p_one,1.56318e-09,1.56515e-09
NNP --> pa,1.56318e-09,1.56515e-09
NNP --> pachene,1.56318e-09,1.56515e-09
NNP --> pacific,8.54609e-05,8.55687e-05
NNP --> pan,1.56935e-09,1.57128e-09
NNP --> panama,0.000137586,0.00013776
NNP --> pancake,1.56632e-09,1.5683e-09
NNP --> pap,3.44314e-05,3.44748e-05
NNP --> papa,0.00207189,0.0020862
NNP --> pappa,3.44314e-05,3.44748e-05
NNP --> parent,0.000772123,0.000774691
NNP --> paris,3.44314e-05,3.44748e-05
NNP --> park,1.56563e-09,1.56759e-09
NNP --> parkers,1.56318e-09,1.56515e-09
NNP --> pat,0.000375375,0.000373391
NNP --> pat_a_cake,3.44314e-05,3.44748e-05
NNP --> patch,8.34707e-05,8.35672e-05
NNP --> patricia,3.44314e-05,3.44748e-05
NNP --> patty,0.000347493,0.000347931
NNP --> paul,0.00876323,0.00877428
NNP --> paula,8.54609e-05,8.55687e-05
NNP --> paulie,0.000189963,0.000190203
NNP --> peabody,8.54609e-05,8.55687e-05
NNP --> peanut,1.56813e-09,1.57003e-09
NNP --> pebble,8.97458e-05,9.00095e-05
NNP --> pebbles,0.000137586,0.00013776
NNP --> pedro,3.44314e-05,3.44748e-05
NNP --> pee,1.57153e-09,1.57366e-09
NNP --> peekaboo,1.56832e-09,1.57031e-09
NNP --> pegleg_pete,1.56318e-09,1.56515e-09
NNP --> pembroke,8.54609e-05,8.55687e-05
NNP --> pennsylvania,3.44314e-05,3.44748e-05
NNP --> penny_bright,0.000189963,0.000190203
NNP --> pepper,1.56496e-09,1.56694e-09
NNP --> pepperoncini,3.44314e-05,3.44748e-05
NNP --> peppy,3.44314e-05,3.44748e-05
NNP --> pepsi,0.000189963,0.000190203
NNP --> pepsi_cola,3.44314e-05,3.44748e-05
NNP --> perro,1.56318e-09,1.56515e-09
NNP --> pete,3.44314e-05,3.44748e-05
NNP --> peter,0.000715526,0.000716428
NNP --> peters,3.44314e-05,3.44748e-05
NNP --> petunia,3.44314e-05,3.44748e-05
NNP --> phil,8.54609e-05,8.55687e-05
NNP --> philip,3.44314e-05,3.44748e-05
NNP --> phoebe,1.56318e-09,1.56515e-09
NNP --> phyllis,3.44314e-05,3.44748e-05
NNP --> pia,0.000137586,0.00013776
NNP --> pickle,1.56731e-09,1.56928e-09
NNP --> picnic,1.56559e-09,1.56757e-09
NNP --> pierre,0.00139925,0.00140102
NNP --> piggywinkle,0.000137586,0.00013776
NNP --> piglet,0.000189963,0.000190203
NNP --> pin_the_tail_on_the_donkey,1.56318e-09,1.56515e-09
NNP --> pine,0.000242432,0.000242737
NNP --> pineapple_sweet,3.44314e-05,3.44748e-05
NNP --> piney,1.56318e-09,1.56515e-09
NNP --> pinky,8.54609e-05,8.55687e-05
NNP --> pinky^rose,1.56318e-09,1.56515e-09
NNP --> pinnochio,8.54609e-05,8.55687e-05
NNP --> pinocchio,1.56318e-09,1.56515e-09
NNP --> piper,0.000189963,0.000190203
NNP --> pippo,1.56318e-09,1.56515e-09
NNP --> pittsburg,1.56318e-09,1.56515e-09
NNP --> pixie,1.56318e-09,1.56515e-09
NNP --> place,0.000317557,0.000315393
NNP --> play,0.00108648,0.00104978
NNP --> playdoh,8.54609e-05,8.55687e-05
NNP --> playdough,1.56545e-09,1.56747e-09
NNP --> playmate,1.56318e-09,1.56515e-09
NNP --> plaza,3.44314e-05,3.44748e-05
NNP --> please,0.0208729,0.0208848
NNP --> pledge_allegiance,3.44314e-05,3.44748e-05
NNP --> plum_plum,3.44314e-05,3.44748e-05
NNP --> pluto,1.56318e-09,1.56515e-09
NNP --> plymouth,0.000189963,0.000190203
NNP --> pokey,0.000101054,0.000101745
NNP --> pokey_wokey,1.56318e-09,1.56515e-09
NNP --> pokino,3.44314e-05,3.44748e-05
NNP --> pole,5.01419e-05,4.58636e-05
NNP --> polka,1.56862e-09,1.57063e-09
NNP --> polly,1.56318e-09,1.56515e-09
NNP --> polo,3.44314e-05,3.44748e-05
NNP --> pom,1.56318e-09,1.56515e-09
NNP --> pond,1.56353e-09,1.56551e-09
NNP --> pony,1.56463e-09,1.56661e-09
NNP --> poo,3.82381e-05,3.82451e-05
NNP --> poodle,1.56669e-09,1.5686e-09
NNP --> pooh,1.56677e-09,1.56876e-09
NNP --> poopah,1.56318e-09,1.56515e-09
NNP --> poopsky,3.44314e-05,3.44748e-05
NNP --> poor,0.000716756,0.000718821
NNP --> poor_pony,3.44314e-05,3.44748e-05
NNP --> pop,0.000117006,0.000107393
NNP --> popeye,0.000505191,0.000505828
NNP --> poppa,0.000137586,0.00013776
NNP --> poppins,8.54609e-05,8.55687e-05
NNP --> popple,1.5653e-09,1.56727e-09
NNP --> popples,8.54609e-05,8.55687e-05
NNP --> porgie,3.44314e-05,3.44748e-05
NNP --> porter,1.56318e-09,1.56515e-09
NNP --> potatohead,3.44314e-05,3.44748e-05
NNP --> power,1.56668e-09,1.56861e-09
NNP --> poy,0.000347493,0.000347931
NNP --> president,8.54584e-05,8.55662e-05
NNP --> presley,3.44314e-05,3.44748e-05
NNP --> price,6.33891e-05,6.31929e-05
NNP --> prim,1.56318e-09,1.56515e-09
NNP --> prince,1.56691e-09,1.56887e-09
NNP --> princess,1.56741e-09,1.56939e-09
NNP --> procession,8.54609e-05,8.55687e-05
NNP --> professor_brown,0.000137586,0.00013776
NNP --> providence,0.00055777,0.000558474
NNP --> provincetown,1.56318e-09,1.56515e-09
NNP --> prudential,0.000137586,0.00013776
NNP --> psychology,1.56414e-09,1.56607e-09
NNP --> puerto,3.44314e-05,3.44748e-05
NNP --> pumpkin,1.56736e-09,1.56931e-09
NNP --> pumpkin_peters,3.44314e-05,3.44748e-05
NNP --> punch,2.84264e-09,1.57097e-09
NNP --> punkin,3.44314e-05,3.44748e-05
NNP --> put_put,3.44314e-05,3.44748e-05
NNP --> putnam_avenue,3.44314e-05,3.44748e-05
NNP --> q,3.44314e-05,3.44748e-05
NNP --> q_tip,8.54609e-05,8.55687e-05
NNP --> queen,1.56657e-09,1.56853e-09
NNP --> quick,1.56796e-09,1.56992e-09
NNP --> r,1.5642e-09,1.56617e-09
NNP --> rabbit,1.56592e-09,1.5679e-09
NNP --> rachael,1.56318e-09,1.56515e-09
NNP --> rachel,0.00271422,0.00271764
NNP --> racketyboom,0.000189963,0.000190203
NNP --> raf,3.44314e-05,3.44748e-05
NNP --> raggedy_ann,0.000242435,0.00024274
NNP --> ralphy,3.44314e-05,3.44748e-05
NNP --> rambler,1.57012e-09,1.57188e-09
NNP --> ranch,1.59326e-09,1.59512e-09
NNP --> rand,8.54609e-05,8.55687e-05
NNP --> randolph,8.54609e-05,8.55687e-05
NNP --> rangy,0.000294951,0.000295323
NNP --> ration,8.54561e-05,8.55636e-05
NNP --> ray,1.56318e-09,1.56515e-09
NNP --> razmah,3.44314e-05,3.44748e-05
NNP --> razzie,3.44314e-05,3.44748e-05
NNP --> red,4.91342e-06,1.5708e-09
NNP --> red_is_best,3.44314e-05,3.44748e-05
NNP --> reggie,1.56318e-09,1.56515e-09
NNP --> reiko,3.44314e-05,3.44748e-05
NNP --> remy,8.54609e-05,8.55687e-05
NNP --> renelle,3.44314e-05,3.44748e-05
NNP --> revere,0.000137586,0.00013776
NNP --> rey,3.44314e-05,3.44748e-05
NNP --> rhinoceros,1.56376e-09,1.56573e-09
NNP --> rhode,8.54609e-05,8.55687e-05
NNP --> rhonda,3.44314e-05,3.44748e-05
NNP --> ricardo,1.56318e-09,1.56515e-09
NNP --> ricci,3.44314e-05,3.44748e-05
NNP --> richard,0.00134665,0.00134835
NNP --> richardson,8.54609e-05,8.55687e-05
NNP --> richie,3.44314e-05,3.44748e-05
NNP --> rick,0.000242435,0.00024274
NNP --> ricky,3.44314e-05,3.44748e-05
NNP --> rico,3.44314e-05,3.44748e-05
NNP --> rifle,1.56355e-09,1.56552e-09
NNP --> rin_tin_tin,3.44314e-05,3.44748e-05
NNP --> ring_a_round_a_rosy,8.54609e-05,8.55687e-05
NNP --> ringo,3.44314e-05,3.44748e-05
NNP --> rinny,0.000347493,0.000347931
NNP --> river,1.56653e-09,1.56851e-09
NNP --> rob,3.44314e-05,3.44748e-05
NNP --> robbie,3.44314e-05,3.44748e-05
NNP --> robert,3.44314e-05,3.44748e-05
NNP --> roberts,8.54609e-05,8.55687e-05
NNP --> robin,0.00317025,0.00317316
NNP --> robinhood,8.54609e-05,8.55687e-05
NNP --> robinson,3.44314e-05,3.44748e-05
NNP --> robo,1.56318e-09,1.56515e-09
NNP --> rochester,1.56318e-09,1.56515e-09
NNP --> rock,0.000308917,0.000316853
NNP --> rock_a_bye,1.56744e-09,1.56941e-09
NNP --> rock_a_bye_baby,1.56318e-09,1.56515e-09
NNP --> rocky,0.000137586,0.00013776
NNP --> rodger,3.44314e-05,3.44748e-05
NNP --> roger,3.44314e-05,3.44748e-05
NNP --> rogers,0.000137586,0.00013776
NNP --> roland,8.54609e-05,8.55687e-05
NNP --> roll,0.000486656,0.000500453
NNP --> romper_room,0.000242435,0.00024274
NNP --> ronnie,0.000242435,0.00024274
NNP --> ronny,8.54609e-05,8.55687e-05
NNP --> roo,8.54609e-05,8.55687e-05
NNP --> roosevelt,8.54609e-05,8.55687e-05
NNP --> rose,0.000137971,0.000139717
NNP --> rosie,1.56318e-09,1.56515e-09
NNP --> ross,3.44314e-05,3.44748e-05
NNP --> rouge,1.5643e-09,1.56627e-09
NNP --> round,0.00267212,0.00267597
NNP --> roundtree,3.44314e-05,3.44748e-05
NNP --> route,3.44314e-05,3.44748e-05
NNP --> roxbury,3.44314e-05,3.44748e-05
NNP --> roy,3.44314e-05,3.44748e-05
NNP --> rudolf,0.000347493,0.000347931
NNP --> rudolph,0.000189963,0.000190203
NNP --> rumplestiltskin,3.44314e-05,3.44748e-05
NNP --> run,0.000238952,0.000234707
NNP --> russ,3.44314e-05,3.44748e-05
NNP --> russell,3.44314e-05,3.44748e-05
NNP --> ruth,0.000137586,0.00013776
NNP --> ruthie,1.56318e-09,1.56515e-09
NNP --> ryan,0.000347493,0.000347931
NNP --> s,0.276819,0.276996
NNP --> sab,3.44314e-05,3.44748e-05
NNP --> sabato,0.000294951,0.000295323
NNP --> sackville,3.44314e-05,3.44748e-05
NNP --> sadie,3.44314e-05,3.44748e-05
NNP --> safari,8.54609e-05,8.55687e-05
NNP --> safta,1.56318e-09,1.56515e-09
NNP --> saint,0.000137586,0.00013776
NNP --> salisbury,0.000242435,0.00024274
NNP --> sally,3.44314e-05,3.44748e-05
NNP --> sam,8.54609e-05,8.55687e-05
NNP --> samantha,0.000452617,0.000453188
NNP --> sambo,1.56318e-09,1.56515e-09
NNP --> sammy,1.56318e-09,1.56515e-09
NNP --> san,0.000873298,0.000874399
NNP --> san_francisco,0.000189963,0.000190203
NNP --> sander,3.44314e-05,3.44748e-05
NNP --> sandman,3.44314e-05,3.44748e-05
NNP --> sandra,0.000768115,0.000769084
NNP --> sandy,0.000335767,0.000337614
NNP --> santa,0.00145185,0.00145368
NNP --> santa_barbara,0.000189963,0.000190203
NNP --> santa_claus,0.0041586,0.0041723
NNP --> santa_clause,3.44314e-05,3.44748e-05
NNP --> santa_cruz,8.54609e-05,8.55687e-05
NNP --> santie_claus,3.44314e-05,3.44748e-05
NNP --> sara,0.00129406,0.00129569
NNP --> sarah,0.0357998,0.0358449
NNP --> sasha,8.54609e-05,8.55687e-05
NNP --> satch,1.56318e-09,1.56515e-09
NNP --> saturday,0.00192523,0.00192766
NNP --> saturdays,1.56318e-09,1.56515e-09
NNP --> scarry,3.44314e-05,3.44748e-05
NNP --> school,1.56596e-09,1.56794e-09
NNP --> schroeder,3.44314e-05,3.44748e-05
NNP --> science,3.44314e-05,3.44748e-05
NNP --> scituate,0.000137586,0.00013776
NNP --> scooter,1.57026e-09,1.57223e-09
NNP --> scotch,0.00062994,0.000626396
NNP --> scott,0.000505191,0.000505828
NNP --> scrambler,1.56318e-09,1.56515e-09
NNP --> sean,0.00040005,0.000400555
NNP --> sears,1.56318e-09,1.56515e-09
NNP --> sec,1.56456e-09,1.56653e-09
NNP --> september,0.00040005,0.000400555
NNP --> sergeant,1.56389e-09,1.56588e-09
NNP --> sesame,0.000294951,0.000295323
NNP --> sesame_street,0.000873298,0.000874399
NNP --> seuss,3.44314e-05,3.44748e-05
NNP --> seven_up,0.000242435,0.00024274
NNP --> seymore,1.56318e-09,1.56515e-09
NNP --> shadow_gay,0.000242435,0.00024274
NNP --> shaggy,3.44314e-05,3.44748e-05
NNP --> shaker,8.73249e-05,8.64532e-05
NNP --> shakila,3.44314e-05,3.44748e-05
NNP --> shalom,0.000294951,0.000295323
NNP --> shana,3.44314e-05,3.44748e-05
NNP --> shannon,0.000662938,0.000663774
NNP --> sharon,8.54609e-05,8.55687e-05
NNP --> shay,1.56318e-09,1.56515e-09
NNP --> shayla,1.56318e-09,1.56515e-09
NNP --> sheba,8.54609e-05,8.55687e-05
NNP --> sheeba,0.000137586,0.00013776
NNP --> sheehan,8.54609e-05,8.55687e-05
NNP --> sheila,3.44314e-05,3.44748e-05
NNP --> shell,1.56427e-09,1.56623e-09
NNP --> shelley,3.44314e-05,3.44748e-05
NNP --> shelly,1.56318e-09,1.56515e-09
NNP --> shepherd,1.56429e-09,1.56631e-09
NNP --> sheriff,1.56318e-09,1.56515e-09
NNP --> sherrill,3.44314e-05,3.44748e-05
NNP --> sherry,3.44314e-05,3.44748e-05
NNP --> sheryl,0.00040005,0.000400555
NNP --> shica,3.44314e-05,3.44748e-05
NNP --> shindig,3.44314e-05,3.44748e-05
NNP --> shirley,3.44314e-05,3.44748e-05
NNP --> shiva,1.56318e-09,1.56515e-09
NNP --> shop,0.000302981,0.00029469
NNP --> show,0.00555583,0.00559982
NNP --> show_and_tell,3.44314e-05,3.44748e-05
NNP --> siamese,1.56395e-09,1.56592e-09
NNP --> silly,0.0011733,0.00117208
NNP --> sillydilly,1.56318e-09,1.56515e-09
NNP --> silvia,3.44314e-05,3.44748e-05
NNP --> simeone,3.44314e-05,3.44748e-05
NNP --> simon,0.000452617,0.000453188
NNP --> sing,0.00385001,0.00385963
NNP --> sippydipper,3.44314e-05,3.44748e-05
NNP --> sir,0.000180341,0.000180363
NNP --> sis,0.00140632,0.00140945
NNP --> sister,1.56747e-09,1.56944e-09
NNP --> skipper,0.000137586,0.00013776
NNP --> skippy,3.44314e-05,3.44748e-05
NNP --> skittle,3.44314e-05,3.44748e-05
NNP --> sky_dart,0.000189963,0.000190203
NNP --> smiler,3.44308e-05,3.44742e-05
NNP --> smith,0.000768115,0.000769084
NNP --> smokey,3.44314e-05,3.44748e-05
NNP --> smoky,1.56805e-09,1.57002e-09
NNP --> snatch,3.44314e-05,3.44748e-05
NNP --> sneaker,1.5649e-09,1.56691e-09
NNP --> sneezer,1.56318e-09,1.56515e-09
NNP --> snoopy,0.00287202,0.00287564
NNP --> snow,1.56604e-09,1.56801e-09
NNP --> snow_queen,3.44314e-05,3.44748e-05
NNP --> snowman,1.56508e-09,1.56704e-09
NNP --> soakie,1.5646e-09,1.56657e-09
NNP --> somerville,3.44314e-05,3.44748e-05
NNP --> son,1.56637e-09,1.56835e-09
NNP --> sony,3.44314e-05,3.44748e-05
NNP --> soopie,1.56318e-09,1.56515e-09
NNP --> south,0.000242432,0.000242738
NNP --> sox,3.44314e-05,3.44748e-05
NNP --> spag,8.54609e-05,8.55687e-05
NNP --> spam,8.54609e-05,8.55687e-05
NNP --> sparky,3.44314e-05,3.44748e-05
NNP --> spencer,0.00329282,0.00329697
NNP --> spider,1.56569e-09,1.56767e-09
NNP --> spock,3.44314e-05,3.44748e-05
NNP --> spot,1.56836e-09,1.57034e-09
NNP --> sprite,3.44314e-05,3.44748e-05
NNP --> spuds,1.56318e-09,1.56515e-09
NNP --> square,1.56526e-09,1.56721e-09
NNP --> squash,0.000280161,0.000279307
NNP --> squirt,1.56608e-09,1.56807e-09
NNP --> ss,0.00040005,0.000400555
NNP --> st,8.54609e-05,8.55687e-05
NNP --> stacie,3.44314e-05,3.44748e-05
NNP --> stacy,3.44314e-05,3.44748e-05
NNP --> stanley,3.44314e-05,3.44748e-05
NNP --> star,1.5682e-09,1.57017e-09
NNP --> start,0.000176003,1.57152e-09
NNP --> station,0.000659313,0.000661443
NNP --> statue_of_liberty,1.56318e-09,1.56515e-09
NNP --> step_in_time,3.44314e-05,3.44748e-05
NNP --> steve,8.54609e-05,8.55687e-05
NNP --> steven,1.56318e-09,1.56515e-09
NNP --> stevie,3.44314e-05,3.44748e-05
NNP --> stinky,1.56451e-09,1.56649e-09
NNP --> stonzo,3.44314e-05,3.44748e-05
NNP --> stooge,0.000137586,0.00013776
NNP --> stop,0.00221786,0.00218342
NNP --> stop_and_shop,3.44314e-05,3.44748e-05
NNP --> street,1.56665e-09,1.56867e-09
NNP --> stripey,1.56318e-09,1.56515e-09
NNP --> study,1.56544e-09,1.56743e-09
NNP --> subaru,8.54609e-05,8.55687e-05
NNP --> sugar_daddy,1.56318e-09,1.56515e-09
NNP --> sugar_pop,3.44314e-05,3.44748e-05
NNP --> sunday,0.00224083,0.00224365
NNP --> superman,0.000189963,0.000190203
NNP --> susan,0.000189963,0.000190203
NNP --> susanna,1.56318e-09,1.56515e-09
NNP --> susie,3.44314e-05,3.44748e-05
NNP --> susie_cue,1.56318e-09,1.56515e-09
NNP --> suzanne,0.000242435,0.00024274
NNP --> sweden,3.44314e-05,3.44748e-05
NNP --> sweet,1.56564e-09,1.5676e-09
NNP --> sweetheart,0.000505191,0.000505828
NNP --> sweetie,0.00361421,0.00369778
NNP --> sweety,1.57365e-09,1.57587e-09
NNP --> swifty,3.44314e-05,3.44748e-05
NNP --> swiss,1.56825e-09,1.5702e-09
NNP --> switzerland,1.56318e-09,1.56515e-09
NNP --> t,1.56537e-09,1.56732e-09
NNP --> taffy,1.56362e-09,1.56559e-09
NNP --> tag,1.56569e-09,1.56765e-09
NNP --> tala,1.56318e-09,1.56515e-09
NNP --> tallahassee,3.44314e-05,3.44748e-05
NNP --> tammy,3.44314e-05,3.44748e-05
NNP --> tan,1.56445e-09,1.56644e-09
NNP --> tante,8.54609e-05,8.55687e-05
NNP --> tanya,0.000347493,0.000347931
NNP --> tarce,3.44314e-05,3.44748e-05
NNP --> tarci,0.00040005,0.000400555
NNP --> tasha,1.56318e-09,1.56515e-09
NNP --> taurus,3.44314e-05,3.44748e-05
NNP --> teach,0.000259843,0.000256448
NNP --> teacher,1.56738e-09,1.5694e-09
NNP --> technical,1.56318e-09,1.56515e-09
NNP --> teddy,1.56639e-09,1.56837e-09
NNP --> temptee,3.44314e-05,3.44748e-05
NNP --> teppy,0.000505191,0.000505828
NNP --> tequita,1.56318e-09,1.56515e-09
NNP --> teresa,1.56318e-09,1.56515e-09
NNP --> terry,0.000137586,0.00013776
NNP --> texas,0.000137586,0.00013776
NNP --> than,0.000555435,0.000563107
NNP --> the,0.00132317,0.00132448
NNP --> the_little_engine_that_could,1.56318e-09,1.56515e-09
NNP --> theo,0.00131621,0.00131271
NNP --> theodore,1.56318e-09,1.56515e-09
NNP --> theresa,3.44314e-05,3.44748e-05
NNP --> thomas,0.00560722,0.00561429
NNP --> thriller,3.44314e-05,3.44748e-05
NNP --> thumbelina,1.56318e-09,1.56515e-09
NNP --> thursday,0.000505191,0.000505828
NNP --> tickle,1.56902e-09,1.57104e-09
NNP --> tickle_baby,3.44314e-05,3.44748e-05
NNP --> tiger,1.56596e-09,1.56791e-09
NNP --> tilt_a_whirl,1.56318e-09,1.56515e-09
NNP --> tim,8.3913e-05,8.40812e-05
NNP --> time,0.00108826,0.0010794
NNP --> timmy,0.000347493,0.000347931
NNP --> timothy,0.000347493,0.000347931
NNP --> tina,8.54609e-05,8.55687e-05
NNP --> tinaka,1.56318e-09,1.56515e-09
NNP --> ting,8.54609e-05,8.55687e-05
NNP --> tinker,1.56432e-09,1.56628e-09
NNP --> tinkerbell,3.44314e-05,3.44748e-05
NNP --> tippy,8.54609e-05,8.55687e-05
NNP --> toby,3.44314e-05,3.44748e-05
NNP --> tom,0.000768115,0.000769084
NNP --> tommy,0.00129406,0.00129569
NNP --> tomorrow,0.00550663,0.00559478
NNP --> tony,0.000347493,0.000347931
NNP --> tootsie,3.44314e-05,3.44748e-05
NNP --> toronto,3.44314e-05,3.44748e-05
NNP --> tot,0.000137585,0.000137759
NNP --> toto,3.44314e-05,3.44748e-05
NNP --> tower,1.56751e-09,1.56944e-09
NNP --> toy,1.56479e-09,1.56676e-09
NNP --> tracy,0.000242435,0.00024274
NNP --> tramp,0.000227832,0.000230122
NNP --> tressa,3.44314e-05,3.44748e-05
NNP --> tressy,1.56318e-09,1.56515e-09
NNP --> triangle,1.56361e-09,1.56558e-09
NNP --> trimmer,3.44314e-05,3.44748e-05
NNP --> trouble,1.5665e-09,1.56855e-09
NNP --> trowbridge,3.44314e-05,3.44748e-05
NNP --> troy,3.44314e-05,3.44748e-05
NNP --> truck,1.56852e-09,1.57051e-09
NNP --> truro,0.000137586,0.00013776
NNP --> tubbo,1.56318e-09,1.56515e-09
NNP --> tuesday,0.00055777,0.000558474
NNP --> tumbler,3.44314e-05,3.44748e-05
NNP --> tuppy,1.56318e-09,1.56515e-09
NNP --> turnpike,3.44314e-05,3.44748e-05
NNP --> tuv,1.56318e-09,1.56515e-09
NNP --> tylenol,3.44314e-05,3.44748e-05
NNP --> u,0.000189963,0.000190203
NNP --> ub,1.56318e-09,1.56515e-09
NNP --> unc,3.44314e-05,3.44748e-05
NNP --> uncle,0.00170416,0.00170499
NNP --> uncle_billy,3.44314e-05,3.44748e-05
NNP --> uncle_buster,0.000294951,0.000295323
NNP --> uncle_eddie,3.44314e-05,3.44748e-05
NNP --> uncle_ernest,1.56318e-09,1.56515e-09
NNP --> uncle_georgie,3.44314e-05,3.44748e-05
NNP --> uncle_pat,3.44314e-05,3.44748e-05
NNP --> uncle_tommy,0.000347493,0.000347931
NNP --> uncle_tony,1.56318e-09,1.56515e-09
NNP --> uncle_walter,1.56318e-09,1.56515e-09
NNP --> underdog,1.56332e-09,1.56529e-09
NNP --> university,1.56318e-09,1.56515e-09
NNP --> ursula,0.00231964,0.00231168
NNP --> utah,1.56318e-09,1.56515e-09
NNP --> v,8.54609e-05,8.55687e-05
NNP --> valentine,1.56513e-09,1.56711e-09
NNP --> valerie,0.000137586,0.00013776
NNP --> vaseline,3.44314e-05,3.44748e-05
NNP --> vernon,3.44314e-05,3.44748e-05
NNP --> vi,3.44314e-05,3.44748e-05
NNP --> vicki,8.54609e-05,8.55687e-05
NNP --> vicky,8.54609e-05,8.55687e-05
NNP --> viki,3.44314e-05,3.44748e-05
NNP --> village,1.56383e-09,1.56581e-09
NNP --> vinnie,1.56318e-09,1.56515e-09
NNP --> vinny,3.44314e-05,3.44748e-05
NNP --> virginia,0.000137586,0.00013776
NNP --> volkswagen,0.000137586,0.00013776
NNP --> volvo,8.54609e-05,8.55687e-05
NNP --> vye,3.44314e-05,3.44748e-05
NNP --> waffelo,1.56318e-09,1.56515e-09
NNP --> wakefield,3.44314e-05,3.44748e-05
NNP --> waldo,3.44314e-05,3.44748e-05
NNP --> wally,3.44314e-05,3.44748e-05
NNP --> walt,3.44314e-05,3.44748e-05
NNP --> walt_disney,3.44314e-05,3.44748e-05
NNP --> walter,3.44314e-05,3.44748e-05
NNP --> waltham,3.44314e-05,3.44748e-05
NNP --> washington,0.000294951,0.000295323
NNP --> waterloo,3.44314e-05,3.44748e-05
NNP --> watertown,3.44314e-05,3.44748e-05
NNP --> wayland,0.000452617,0.000453188
NNP --> wayne,3.44314e-05,3.44748e-05
NNP --> weasel,1.56325e-09,1.56522e-09
NNP --> wednesday,1.56774e-09,1.56977e-09
NNP --> wee,0.000189958,0.000190198
NNP --> weensie,3.44314e-05,3.44748e-05
NNP --> wegos,1.56318e-09,1.56515e-09
NNP --> weinberger,3.44314e-05,3.44748e-05
NNP --> wellfleet,0.000925891,0.000927058
NNP --> wence,3.44314e-05,3.44748e-05
NNP --> wes,0.000137586,0.00013776
NNP --> westinghouse,1.56318e-09,1.56515e-09
NNP --> whisky,3.44314e-05,3.44748e-05
NNP --> white,1.56728e-09,1.56925e-09
NNP --> whoa,1.57246e-09,1.57441e-09
NNP --> whosit,3.44314e-05,3.44748e-05
NNP --> wiggins,3.44314e-05,3.44748e-05
NNP --> wilbur,3.44314e-05,3.44748e-05
NNP --> william,1.56318e-09,1.56515e-09
NNP --> williams,0.000242435,0.00024274
NNP --> willy,0.000137586,0.00013776
NNP --> wilma,3.44314e-05,3.44748e-05
NNP --> windy,1.56632e-09,1.56829e-09
NNP --> winne_the_pooh,3.44314e-05,3.44748e-05
NNP --> winnie,8.54609e-05,8.55687e-05
NNP --> winnie^the^pooh,3.44314e-05,3.44748e-05
NNP --> wireless,3.44314e-05,3.44748e-05
NNP --> wizard,1.56335e-09,1.56532e-09
NNP --> wizard_of_oz,1.56318e-09,1.56515e-09
NNP --> wolf,1.56875e-09,1.57069e-09
NNP --> wolfie,0.00040005,0.000400555
NNP --> wollensak,8.54609e-05,8.55687e-05
NNP --> wom,8.54609e-05,8.55687e-05
NNP --> woman,1.56521e-09,1.56718e-09
NNP --> wood,0.00152364,0.00153165
NNP --> woosky,1.56318e-09,1.56515e-09
NNP --> worcester,3.44314e-05,3.44748e-05
NNP --> world,1.56442e-09,1.5664e-09
NNP --> wubby,1.56318e-09,1.56515e-09
NNP --> y,1.56358e-09,1.56555e-09
NNP --> yager,0.000189963,0.000190203
NNP --> yankee_doodle,3.44314e-05,3.44748e-05
NNP --> yaya,0.000189963,0.000190203
NNP --> yayee,3.44314e-05,3.44748e-05
NNP --> yogi,0.000137586,0.00013776
NNP --> yogi_bear,0.000242435,0.00024274
NNP --> yolanda,1.56318e-09,1.56515e-09
NNP --> yoni,3.44314e-05,3.44748e-05
NNP --> yorgenson,1.56318e-09,1.56515e-09
NNP --> york,0.00040005,0.000400555
NNP --> yours,1.5676e-09,1.56962e-09
NNP --> yuna,1.56318e-09,1.56515e-09
NNP --> zayre,0.000137586,0.00013776
NNP --> zayres,0.000137586,0.00013776
NNP --> zebra,1.56401e-09,1.56599e-09
NNP --> zelda,1.56318e-09,1.56515e-09
NNP --> zepher,3.44314e-05,3.44748e-05
NNP --> zetor,3.44314e-05,3.44748e-05
NNP --> zipper,1.56471e-09,1.56668e-09
NNP --> zoltan,8.54609e-05,8.55687e-05
NNP --> zone,3.44314e-05,3.44748e-05
NNS --> a_and_p,0.000190398,0.000190585
NNS --> antennae,8.2522e-05,8.25893e-05
NNS --> any,3.75207e-09,3.75514e-09
NNS --> babytalk,3.74649e-09,3.74955e-09
NNS --> binoculars,3.74649e-09,3.74955e-09
NNS --> both,3.75671e-09,3.75985e-09
NNS --> cacti,8.2522e-05,8.25893e-05
NNS --> cattle,3.74649e-09,3.74955e-09
NNS --> celery,3.75924e-09,3.76236e-09
NNS --> children,0.0117692,0.011781
NNS --> clothes,0.0189859,0.0190013
NNS --> congratulations,3.74649e-09,3.74955e-09
NNS --> deer,3.75875e-09,3.76183e-09
NNS --> everybody,3.75103e-09,3.75403e-09
NNS --> feet,0.0175283,0.0175422
NNS --> firemen,0.000329754,0.000330023
NNS --> fish,0.00416495,0.00418821
NNS --> geese,3.74649e-09,3.74955e-09
NNS --> gentlemen,3.74649e-09,3.74955e-09
NNS --> glasses,0.00600094,0.00600583
NNS --> green,3.75949e-09,3.76254e-09
NNS --> hi,0.000483128,0.000462994
NNS --> jeans,0.000329754,0.000330023
NNS --> kindergarten,3.75786e-09,3.76118e-09
NNS --> macaroni,0.00142759,0.00142816
NNS --> meat,0.00289592,0.00285359
NNS --> men,0.0013136,0.00130097
NNS --> mice,0.000204825,0.000204992
NNS --> milkmen,3.74649e-09,3.74955e-09
NNS --> more,0.00491312,0.00494036
NNS --> oven,3.75788e-09,3.76103e-09
NNS --> pants,0.00638774,0.00635846
NNS --> paper,0.0068903,0.00674299
NNS --> people,0.0254153,0.025436
NNS --> police,3.77522e-09,3.77844e-09
NNS --> policemen,0.000204825,0.000204992
NNS --> ravioli,0.000204819,0.000204986
NNS --> scissors,0.00166255,0.00162574
NNS --> sheep,0.0043621,0.00436565
NNS --> shorts,0.000455287,0.000455658
NNS --> snowmen,0.000145137,0.00014414
NNS --> some,3.75553e-09,3.75858e-09
NNS --> spaghetti,0.00123741,0.00124618
NNS --> stairs,0.00499242,0.00499649
NNS --> stuff,0.00900367,0.00894571
NNS --> sunglasses,0.000581046,0.00058152
NNS --> sunscreen,0.000204825,0.000204992
NNS --> sweetie,0.000331389,3.76252e-09
NNS --> teeth,0.0109175,0.0109264
NNS --> thanks,0.000600756,0.000601497
NNS --> them,3.75224e-09,3.75529e-09
NNS --> there,0.00127503,0.000912805
NNS --> these,3.75105e-09,3.75409e-09
NNS --> those,3.75201e-09,3.75503e-09
NNS --> tights,0.000204825,0.000204992
NNS --> tunafish,3.75768e-09,3.76078e-09
NNS --> tutu,8.25196e-05,8.25869e-05
NNS --> tweezers,0.000329754,0.000330023
NNS --> two,3.75632e-09,3.7594e-09
NNS --> uncle,3.75294e-09,3.75599e-09
NNS --> women,0.000832841,0.00083352
NNS --> workmen,8.2522e-05,8.25893e-05
NNS --> yours,3.7531e-09,3.75615e-09
NNS --> yoyo,0.000329751,0.000330019
NNS --> zucchini,0.000581046,0.00058152
NOT --> n't,0.949183,0.948861
NOT --> no,0.00888754,0.0089013
NOT --> not,0.041929,0.0422379
NOT --> nu,3.89295e-09,3.89172e-09
PDT --> all,0.865169,0.865101
PDT --> both,4.69536e-08,4.6909e-08
PDT --> half,4.70601e-08,4.70226e-08
PDT --> quite,0.00419966,0.00422303
PDT --> such,0.130631,0.130675
PDT --> that,4.68484e-08,4.68103e-08
PDT --> the,4.67893e-08,4.67524e-08
POS --> 's,1.0,1.0
POS --> yours,6.40731e-09,6.39506e-09
PRP --> 's,0.0155143,0.015415
PRP --> baby,9.21572e-05,9.15356e-05
PRP --> both,0.000357461,0.000357364
PRP --> cha,0.00080879,0.000808511
PRP --> chu,5.67727e-10,5.67725e-10
PRP --> he,0.0561352,0.0561515
PRP --> her,0.00930153,0.00930856
PRP --> here,0.00435516,0.00435588
PRP --> hers,7.86855e-05,7.861e-05
PRP --> herself,6.89921e-05,6.89919e-05
PRP --> him,0.0186376,0.0186376
PRP --> himself,0.000336271,0.00033627
PRP --> his,0.00186845,0.00187386
PRP --> i,0.157111,0.157104
PRP --> if,0.00437038,0.00436647
PRP --> it,0.114732,0.114824
PRP --> itself,0.000107122,0.000107122
PRP --> jou,5.67727e-10,5.67725e-10
PRP --> lot,5.68786e-10,5.68783e-10
PRP --> mama,0.000568124,0.000586379
PRP --> me,0.0432623,0.0432622
PRP --> mine,0.000419669,0.000420536
PRP --> mommy,0.00521211,0.00520362
PRP --> my,0.00117006,0.00117087
PRP --> myself,0.000278969,0.000278969
PRP --> one,0.0040657,0.00406462
PRP --> ours,1.84627e-05,1.85861e-05
PRP --> ourselves,1.2505e-05,1.2505e-05
PRP --> scoot,5.67727e-10,5.67725e-10
PRP --> she,0.0433536,0.0433491
PRP --> the,0.0173325,0.0173854
PRP --> them,0.0124182,0.0123887
PRP --> themselves,4.99694e-05,4.99693e-05
PRP --> there,0.00969026,0.00965867
PRP --> these,0.00297111,0.00297215
PRP --> they,0.0435298,0.0435297
PRP --> us,0.00192175,0.00192321
PRP --> we,0.0693201,0.0693127
PRP --> y',3.10383e-05,3.10382e-05
PRP --> ya,1.2505e-05,1.2505e-05
PRP --> yas,5.67727e-10,5.67725e-10
PRP --> you,0.347205,0.347159
PRP --> your,0.0104995,0.0105412
PRP --> yours,0.000687229,0.000688512
PRP --> yourself,0.00209378,0.00209377
PRP$ --> 's,0.352893,0.352692
PRP$ --> her,1.26355e-09,1.26513e-09
PRP$ --> hers,4.75914e-05,4.72402e-05
PRP$ --> his,0.0404145,0.0404531
PRP$ --> its,0.000916668,0.000917817
PRP$ --> mine,1.263e-09,1.26458e-09
PRP$ --> my,0.0513833,0.0513827
PRP$ --> our,0.0066877,0.00669608
PRP$ --> ours,5.53081e-05,5.50992e-05
PRP$ --> their,0.00749395,0.00750335
PRP$ --> theirs,6.89443e-05,6.90307e-05
PRP$ --> them,0.00106825,0.00102288
PRP$ --> thy,1.26107e-09,1.26265e-09
PRP$ --> you,0.349618,0.350105
PRP$ --> your,0.188906,0.188611
PRP$ --> yours,0.000447028,0.000445525
PRS --> s,1.0,1.0
RB --> 're,0.057313,0.0572645
RB --> about,0.0154145,0.0153884
RB --> absolutely,0.000107622,0.000107842
RB --> across,0.000350261,0.000351435
RB --> actually,0.000841031,0.000842473
RB --> after,0.00332044,0.00332905
RB --> afternoon,8.8649e-10,8.88306e-10
RB --> afterward,0.000137349,0.000137629
RB --> afterwards,0.000405375,0.000406202
RB --> again,0.0105374,0.0105589
RB --> ago,0.00146947,0.00146937
RB --> ahead,0.00109072,0.00109295
RB --> alike,8.88166e-10,8.89968e-10
RB --> all,0.0327643,0.0326998
RB --> almost,0.00359392,0.00360126
RB --> alone,0.000291422,0.000289102
RB --> along,0.00060074,0.000609438
RB --> aloud,1.95068e-05,1.95466e-05
RB --> already,0.00469653,0.00470611
RB --> alright,6.04008e-05,6.06124e-05
RB --> also,0.000941728,0.000943649
RB --> altogether,4.84171e-05,4.85159e-05
RB --> always,0.00389192,0.00389987
RB --> any,8.88022e-10,8.89845e-10
RB --> anymore,0.000585159,0.000576662
RB --> anytime,4.8417e-05,4.85158e-05
RB --> anyway,0.000498194,0.00049269
RB --> anywhere,0.000762935,0.000764492
RB --> apart,0.00106092,0.00106309
RB --> around,0.00625372,0.0062608
RB --> as,0.0042061,0.00419329
RB --> aside,0.00010762,0.000107839
RB --> asleep,0.000259068,0.000262407
RB --> at,0.0340632,0.0341009
RB --> awake,8.89031e-10,8.90113e-10
RB --> away,0.00307233,0.0030486
RB --> awful,0.00111651,0.00111994
RB --> awfully,0.00088213,0.00088393
RB --> awhile,7.79481e-05,7.81072e-05
RB --> back,5.29955e-05,8.90329e-10
RB --> backward,8.88836e-10,8.90622e-10
RB --> backwards,0.000213561,0.000214814
RB --> bad,0.000129061,0.000128733
RB --> badly,7.79481e-05,7.81072e-05
RB --> barefoot,8.8668e-10,8.88477e-10
RB --> basically,1.95068e-05,1.95466e-05
RB --> beautifully,1.95068e-05,1.95466e-05
RB --> because,0.0138719,0.0140284
RB --> before,0.00387282,0.00385765
RB --> behind,0.00188954,0.00188628
RB --> below,8.85607e-10,8.87414e-10
RB --> besides,0.000344513,0.000347969
RB --> best,8.88049e-10,8.89879e-10
RB --> better,0.00829374,0.0083115
RB --> between,0.000332746,0.00033728
RB --> both,0.000774666,0.000777493
RB --> but,0.0113867,0.0114
RB --> by,0.00356224,0.00356464
RB --> carefully,0.000554352,0.000555483
RB --> certainly,0.000405375,0.000406202
RB --> clearly,7.79481e-05,7.81072e-05
RB --> close,0.000576983,0.000572441
RB --> closely,1.95068e-05,1.95466e-05
RB --> closer,0.000196291,0.000196128
RB --> come,0.0161287,0.0161858
RB --> completely,1.95068e-05,1.95466e-05
RB --> constantly,1.95068e-05,1.95466e-05
RB --> correctly,1.95068e-05,1.95466e-05
RB --> course,8.90122e-10,8.91943e-10
RB --> crackly,1.95068e-05,1.95466e-05
RB --> dag,1.95068e-05,1.95466e-05
RB --> dark,0.000265059,0.000261823
RB --> darn,8.87562e-10,8.89355e-10
RB --> dear,7.14152e-05,7.12855e-05
RB --> deep,8.88964e-10,8.90761e-10
RB --> definitely,7.79481e-05,7.81072e-05
RB --> differently,1.95068e-05,1.95466e-05
RB --> directly,4.84171e-05,4.85159e-05
RB --> dolly,0.000620757,0.00062145
RB --> done,0.000769418,0.000768977
RB --> doubly,8.85607e-10,8.87414e-10
RB --> down,0.00302485,0.00306991
RB --> downstairs,0.000521653,0.000509716
RB --> downtown,7.79475e-05,7.81066e-05
RB --> each,0.00143449,0.00143404
RB --> earlier,0.000196861,0.000197263
RB --> early,0.000195214,0.000192433
RB --> easier,0.000554321,0.000552437
RB --> easily,0.000256426,0.00025695
RB --> easy,0.000154298,0.000154191
RB --> either,0.00195404,0.00195993
RB --> else,0.0149586,0.0149927
RB --> elsewhere,1.95068e-05,1.95466e-05
RB --> enough,8.87704e-10,8.89506e-10
RB --> equally,1.95068e-05,1.95466e-05
RB --> especially,0.000196869,0.000197271
RB --> even,0.00375298,0.00375145
RB --> ever,0.00410053,0.00410889
RB --> every,0.000274811,0.000277219
RB --> everyday,3.91833e-05,3.92668e-05
RB --> everytime,0.000137349,0.000137629
RB --> everywhere,0.000137349,0.000137629
RB --> evidently,1.95068e-05,1.95466e-05
RB --> exactly,0.000375582,0.000376348
RB --> extra,6.16837e-05,6.13817e-05
RB --> fairly,1.95068e-05,1.95466e-05
RB --> far,0.00116845,0.00117224
RB --> farther,8.89011e-10,8.90715e-10
RB --> fast,0.000103947,0.000102038
RB --> finally,0.000524555,0.000525626
RB --> fine,8.87222e-10,8.89036e-10
RB --> first,0.00421269,0.00420749
RB --> forever,0.000107622,0.000107842
RB --> forth,0.000226645,0.000227107
RB --> forward,7.79481e-05,7.81072e-05
RB --> forwards,8.85607e-10,8.87414e-10
RB --> freely,1.95068e-05,1.95466e-05
RB --> freshly,1.95068e-05,1.95466e-05
RB --> front,8.87399e-10,8.89233e-10
RB --> frontward,8.85607e-10,8.87414e-10
RB --> funny,8.87155e-10,8.88966e-10
RB --> further,7.38987e-05,7.42241e-05
RB --> generally,1.95068e-05,1.95466e-05
RB --> gentle,8.86291e-10,8.88097e-10
RB --> gently,0.00034579,0.000346496
RB --> good,8.88429e-10,8.90267e-10
RB --> gradually,1.95068e-05,1.95466e-05
RB --> great,8.89098e-10,8.90907e-10
RB --> greatly,1.95068e-05,1.95466e-05
RB --> haha,8.86401e-10,8.8821e-10
RB --> half,8.87955e-10,8.89767e-10
RB --> halfway,4.84116e-05,4.85104e-05
RB --> happily,1.95068e-05,1.95466e-05
RB --> hard,8.87264e-10,8.89069e-10
RB --> hardly,0.000196869,0.000197271
RB --> hedgehog,8.86097e-10,8.87907e-10
RB --> her,0.0150034,0.0150541
RB --> here,0.00302402,0.00288503
RB --> high,8.88665e-10,8.90408e-10
RB --> hm,0.000315005,0.000315532
RB --> home,0.000951529,0.000952351
RB --> honestly,7.79481e-05,7.81072e-05
RB --> hopefully,0.000226645,0.000227107
RB --> how,0.0362262,0.0362963
RB --> however,4.84171e-05,4.85159e-05
RB --> in,0.055823,0.0554575
RB --> incredibly,4.84171e-05,4.85159e-05
RB --> indeed,8.86864e-10,8.88672e-10
RB --> indoors,1.95068e-05,1.95466e-05
RB --> informally,8.85607e-10,8.87414e-10
RB --> inside,0.00127005,0.00126104
RB --> instead,0.0010668,0.00106923
RB --> interchangeably,8.85607e-10,8.87414e-10
RB --> intravenously,1.95068e-05,1.95466e-05
RB --> just,0.0407069,0.040755
RB --> kind,0.00010003,0.000102596
RB --> kindly,1.95068e-05,1.95466e-05
RB --> last,8.88532e-10,8.90348e-10
RB --> late,0.000238934,0.000234079
RB --> lately,0.000375582,0.000376348
RB --> later,0.00164945,0.00163968
RB --> least,0.000136263,0.000136837
RB --> left,0.000825681,0.000821769
RB --> light,0.000269896,0.000272285
RB --> like,0.0156895,0.0155097
RB --> likely,8.85607e-10,8.87414e-10
RB --> little,0.000150406,0.000150854
RB --> long,8.45475e-05,8.45895e-05
RB --> lot,8.85869e-10,8.87677e-10
RB --> loud,8.87047e-10,8.8885e-10
RB --> many,0.000200881,0.000200639
RB --> maybe,0.0114016,0.0114248
RB --> meantime,1.95068e-05,1.95466e-05
RB --> meanwhile,1.95068e-05,1.95466e-05
RB --> mentally,1.95068e-05,1.95466e-05
RB --> mighty,8.86469e-10,8.88298e-10
RB --> mm,0.000137245,0.000138657
RB --> more,0.0024485,0.00244331
RB --> morning,8.86619e-10,8.88426e-10
RB --> mostly,0.000107622,0.000107842
RB --> much,0.000624869,0.000630921
RB --> mushy,8.89968e-10,8.91704e-10
RB --> n't,0.0110945,0.0111227
RB --> naturally,1.95068e-05,1.95466e-05
RB --> near,0.000441158,0.000430173
RB --> nearby,8.85607e-10,8.87414e-10
RB --> nearly,1.95068e-05,1.95466e-05
RB --> neat,8.87003e-10,8.88809e-10
RB --> neatly,1.95068e-05,1.95466e-05
RB --> necessarily,1.95068e-05,1.95466e-05
RB --> neither,7.79334e-05,7.8092e-05
RB --> never,0.00493493,0.004945
RB --> next,0.000667035,0.000669823
RB --> nice,0.000715288,0.000714185
RB --> nicely,0.000316,0.000316645
RB --> night,8.88116e-10,8.90576e-10
RB --> no,0.00199558,0.00200041
RB --> normally,1.95068e-05,1.95466e-05
RB --> north,8.87382e-10,8.89172e-10
RB --> not,0.0545162,0.0545126
RB --> now,0.0181912,0.0181519
RB --> nowhere,4.8416e-05,4.85148e-05
RB --> obviously,4.84171e-05,4.85159e-05
RB --> of,0.0396672,0.0397435
RB --> off,0.00595348,0.00587751
RB --> often,0.000196869,0.000197271
RB --> on,0.0462584,0.0458067
RB --> once,0.000412123,0.000404404
RB --> only,0.00651725,0.00652404
RB --> op,8.86163e-10,8.87976e-10
RB --> otherwise,4.52797e-05,4.50092e-05
RB --> out,0.0118457,0.0118572
RB --> outdoors,8.85607e-10,8.87414e-10
RB --> outside,0.00120546,0.00120082
RB --> over,0.00561264,0.00564022
RB --> overnight,7.79481e-05,7.81072e-05
RB --> particularly,4.84171e-05,4.85159e-05
RB --> partly,8.85607e-10,8.87414e-10
RB --> past,0.000166809,0.000164949
RB --> patiently,4.84171e-05,4.85159e-05
RB --> perfectly,4.84171e-05,4.85159e-05
RB --> perhaps,0.00118012,0.00118253
RB --> period,1.95068e-05,1.95466e-05
RB --> please,8.88799e-10,8.90495e-10
RB --> plus,8.86838e-10,8.88663e-10
RB --> politely,1.95068e-05,1.95466e-05
RB --> possibly,7.79481e-05,7.81072e-05
RB --> practically,4.84171e-05,4.85159e-05
RB --> pretty,0.00610504,0.00611951
RB --> probably,0.00329592,0.00330265
RB --> prolly,1.95068e-05,1.95466e-05
RB --> properly,0.000316,0.000316645
RB --> purposely,1.95068e-05,1.95466e-05
RB --> quick,0.000133468,0.000134046
RB --> quickly,0.000256426,0.00025695
RB --> quietly,0.000196869,0.000197271
RB --> quite,0.000914767,0.000912742
RB --> rapidly,1.95068e-05,1.95466e-05
RB --> rather,0.000584149,0.00058534
RB --> ready,0.000618088,0.000608131
RB --> real,0.00149706,0.00150122
RB --> really,0.00932541,0.00934027
RB --> recently,0.000167102,0.000167443
RB --> remarkably,1.95068e-05,1.95466e-05
RB --> rid,0.000300863,0.000300857
RB --> right,0.00614664,0.00630627
RB --> round,8.87204e-10,8.89029e-10
RB --> safely,1.95068e-05,1.95466e-05
RB --> seldom,1.95068e-05,1.95466e-05
RB --> shortly,4.84171e-05,4.85159e-05
RB --> side,8.86373e-10,8.8818e-10
RB --> sideways,4.84171e-05,4.85159e-05
RB --> silly,8.87601e-10,8.89411e-10
RB --> simply,1.95068e-05,1.95466e-05
RB --> since,0.000435085,0.000433892
RB --> sincerely,1.95068e-05,1.95466e-05
RB --> slow,8.88297e-10,8.90154e-10
RB --> slowly,7.79481e-05,7.81072e-05
RB --> so,0.0209924,0.0209966
RB --> soft,8.94125e-10,8.96008e-10
RB --> softly,1.95068e-05,1.95466e-05
RB --> some,0.000977355,0.000962822
RB --> someday,0.00037554,0.000376309
RB --> somehow,8.85607e-10,8.87414e-10
RB --> someplace,0.00016057,0.000160566
RB --> sometime,0.00109072,0.00109295
RB --> sometimes,0.00219332,0.00219779
RB --> somewhere,0.000821767,0.000817991
RB --> soon,0.00171652,0.00172002
RB --> sooner,4.84139e-05,4.85128e-05
RB --> sorely,8.85607e-10,8.87414e-10
RB --> sorry,8.87617e-10,8.89453e-10
RB --> sort,5.05724e-05,5.00719e-05
RB --> sound,8.89654e-10,8.9149e-10
RB --> soundly,8.85607e-10,8.87414e-10
RB --> south,8.87196e-10,8.88968e-10
RB --> specially,1.95068e-05,1.95466e-05
RB --> steadily,1.95068e-05,1.95466e-05
RB --> still,0.00632914,0.00633401
RB --> straight,8.87952e-10,8.89799e-10
RB --> strong,8.88095e-10,8.89911e-10
RB --> such,0.000842781,0.000841477
RB --> suddenly,1.95068e-05,1.95466e-05
RB --> sure,0.00217212,0.00216787
RB --> surely,8.85607e-10,8.87414e-10
RB --> terribly,4.84171e-05,4.85159e-05
RB --> than,0.00109995,0.00109451
RB --> that,0.0592732,0.0593551
RB --> then,0.00349676,0.00347929
RB --> there,0.0042008,0.00415139
RB --> this,0.0213514,0.0215296
RB --> though,0.00365624,0.00365978
RB --> through,0.00150575,0.00150819
RB --> tight,0.000137306,0.000138812
RB --> today,0.00545301,0.00542106
RB --> together,0.00185049,0.00185937
RB --> tomorrow,4.20025e-05,8.90467e-10
RB --> tonight,0.00126694,0.00127037
RB --> too,0.0282401,0.0282681
RB --> top,8.87547e-10,8.89381e-10
RB --> totally,8.85607e-10,8.87414e-10
RB --> twice,0.000286212,0.000286796
RB --> uhoh,0.00043744,0.000437949
RB --> unbelievably,1.95068e-05,1.95466e-05
RB --> under,0.00253525,0.0025288
RB --> underneath,0.00067354,0.000674914
RB --> unfortunately,1.95068e-05,1.95466e-05
RB --> unsewn,4.84171e-05,4.85159e-05
RB --> up,0.0142537,0.0144405
RB --> upside,0.00115032,0.00115267
RB --> upstairs,0.000538265,0.000538695
RB --> usually,0.00180592,0.0018096
RB --> very,0.0201893,0.0202497
RB --> way,0.000164321,0.000163916
RB --> well,0.00196118,0.00204348
RB --> where,0.0481042,0.048189
RB --> wide,6.92501e-05,6.9092e-05
RB --> wrong,0.000669505,0.000670249
RB --> yay,0.000252016,0.000252893
RB --> yes,0.00182541,0.00179856
RB --> yesterday,0.00341329,0.00339269
RB --> yet,0.00417999,0.00419087
RB --> yo,1.95068e-05,1.95466e-05
RBR --> best,0.0231048,0.0233392
RBR --> better,0.408387,0.409264
RBR --> closer,4.56318e-07,4.57066e-07
RBR --> earlier,4.67447e-07,4.67922e-07
RBR --> farther,0.0552592,0.055349
RBR --> faster,0.0400234,0.0400884
RBR --> further,0.08789,0.0879427
RBR --> harder,0.0705227,0.0706376
RBR --> higher,0.0629778,0.0637742
RBR --> later,4.559e-07,4.5663e-07
RBR --> longer,0.0900182,0.0881624
RBR --> louder,0.0248602,0.0249006
RBR --> more,4.55923e-07,4.56664e-07
RBR --> quicker,0.010016,0.0100323
RBR --> slower,0.0100159,0.0100322
RBR --> sooner,4.59716e-07,4.60401e-07
RBR --> straighter,0.010016,0.0100323
RBR --> wider,4.63536e-07,4.64345e-07
RBR --> worse,0.106906,0.106442
RBS --> best,1.7555e-06,1.75667e-06
RBS --> farthest,1.75415e-06,1.75533e-06
RBS --> latest,1.75415e-06,1.75533e-06
RBS --> least,0.805094,0.805049
RBS --> most,0.1949,0.194946
RP --> about,1.32935e-08,1.37389e-08
RP --> ahead,1.33565e-08,1.37952e-08
RP --> alone,1.32791e-08,1.37232e-08
RP --> along,0.00105574,0.000575657
RP --> apart,1.33124e-08,1.3766e-08
RP --> around,0.010704,0.0108938
RP --> aside,1.3346e-08,1.38221e-08
RP --> away,0.0135742,0.0143948
RP --> back,0.064322,0.0599062
RP --> behind,1.32729e-08,1.37153e-08
RP --> by,0.00290014,0.00323476
RP --> done,1.33194e-08,1.37617e-08
RP --> down,0.0685158,0.0687147
RP --> for,0.0357621,0.0424639
RP --> full,1.33089e-08,1.37577e-08
RP --> home,0.0112964,0.0114389
RP --> in,0.182884,0.188438
RP --> now,0.00881495,0.00931546
RP --> off,0.0270492,0.0293058
RP --> on,0.146342,0.159584
RP --> open,0.00203666,0.00239438
RP --> out,0.103789,0.0999044
RP --> over,0.0368464,0.0333234
RP --> round,1.32658e-08,1.37062e-08
RP --> shut,1.32671e-08,1.37063e-08
RP --> there,0.127233,0.111452
RP --> through,1.33202e-08,1.37609e-08
RP --> together,0.0100947,0.0104512
RP --> up,0.10689,0.099136
RP --> way,1.32909e-08,1.37301e-08
RP --> with,0.0398898,0.0450723
T --> ed,1.0,1.0
TO --> a,0.00235306,0.00233731
TO --> to,0.997647,0.997663
UH --> 's,0.00403311,0.00403154
UH --> ababye,1.38435e-09,1.38432e-09
UH --> abl,1.38435e-09,1.38432e-09
UH --> aboobooboobooboo,1.38435e-09,1.38432e-09
UH --> abootibootiboo,1.38435e-09,1.38432e-09
UH --> achoo,7.56841e-05,7.56823e-05
UH --> actually,0.000697904,0.000698314
UH --> ah,0.00505891,0.0050588
UH --> ahhah,1.38435e-09,1.38432e-09
UH --> alra,1.38435e-09,1.38432e-09
UH --> alright,0.00775974,0.0077662
UH --> amen,1.38435e-09,1.38432e-09
UH --> argh,1.38435e-09,1.38432e-09
UH --> atweet,3.04924e-05,3.04917e-05
UH --> aw,3.04924e-05,3.04917e-05
UH --> awoh,0.000121846,0.000121843
UH --> ay,7.56841e-05,7.56823e-05
UH --> ba,0.000112845,0.000112837
UH --> baa,0.000540528,0.000540515
UH --> baba,6.45846e-05,6.45413e-05
UH --> baboom,3.04924e-05,3.04917e-05
UH --> babye,1.3879e-09,1.38786e-09
UH --> bang,0.000208579,0.000210486
UH --> beep,1.38435e-09,1.38432e-09
UH --> behold,3.04924e-05,3.04917e-05
UH --> bhoo,1.38435e-09,1.38432e-09
UH --> bih,1.38435e-09,1.38432e-09
UH --> bingo,1.38462e-09,1.38458e-09
UH --> bjj,1.38435e-09,1.38432e-09
UH --> blah,3.04924e-05,3.04917e-05
UH --> blech,1.38435e-09,1.38432e-09
UH --> bleh,1.38435e-09,1.38432e-09
UH --> bluh,1.38435e-09,1.38432e-09
UH --> blum,1.38435e-09,1.38432e-09
UH --> bo,1.38435e-09,1.38432e-09
UH --> boing,1.38435e-09,1.38432e-09
UH --> bonk,7.56781e-05,7.56764e-05
UH --> boo,1.3864e-09,1.38637e-09
UH --> boom,0.00124343,0.00124542
UH --> boop,0.000773392,0.000773374
UH --> bopbobop,3.04924e-05,3.04917e-05
UH --> bow,1.38459e-09,1.38455e-09
UH --> bowwow,1.38435e-09,1.38432e-09
UH --> boy,0.00152797,0.00152565
UH --> bravo,1.38435e-09,1.38432e-09
UH --> bumbada,1.38435e-09,1.38432e-09
UH --> bump,1.38709e-09,1.38704e-09
UH --> bumpety,3.04924e-05,3.04917e-05
UH --> buoydi,1.38435e-09,1.38432e-09
UH --> buzz,7.34095e-05,7.33822e-05
UH --> bwa,1.38435e-09,1.38432e-09
UH --> bye,0.000400824,0.000400815
UH --> byebye,1.38769e-09,1.38765e-09
UH --> bzbzbz,1.38435e-09,1.38432e-09
UH --> cha_cha_cha,1.38435e-09,1.38432e-09
UH --> chg,1.38435e-09,1.38432e-09
UH --> chgchg,1.38435e-09,1.38432e-09
UH --> chug,0.000121846,0.000121843
UH --> clippity,3.04924e-05,3.04917e-05
UH --> cloppity,3.04924e-05,3.04917e-05
UH --> cluck,0.000167827,0.000167823
UH --> clump,3.04924e-05,3.04917e-05
UH --> cock_a_doodle_doo,3.04924e-05,3.04917e-05
UH --> cough,1.38607e-09,1.38604e-09
UH --> cow,0.00016754,0.000167368
UH --> crap,1.38435e-09,1.38432e-09
UH --> crash,1.39154e-09,1.39152e-09
UH --> cricket,6.14497e-05,6.13558e-05
UH --> da_da,1.38435e-09,1.38432e-09
UH --> daboo,1.38435e-09,1.38432e-09
UH --> daddy,0.00126029,0.00125762
UH --> damn,1.38436e-09,1.38432e-09
UH --> dear,1.38758e-09,1.38759e-09
UH --> diddle,7.56836e-05,7.56819e-05
UH --> ding,0.000773392,0.000773374
UH --> dingalingaling,1.38435e-09,1.38432e-09
UH --> dingdong,0.000121825,0.000121823
UH --> dodo,1.38435e-09,1.38432e-09
UH --> dododo,1.38435e-09,1.38432e-09
UH --> dododododo,3.04924e-05,3.04917e-05
UH --> dom,0.000121846,0.000121843
UH --> dong,0.000121846,0.000121843
UH --> doo,0.000680242,0.000680226
UH --> doom,1.38435e-09,1.38432e-09
UH --> doop,1.38435e-09,1.38432e-09
UH --> ee_yay_ee_yay_oh,1.38457e-09,1.38453e-09
UH --> eee,3.04924e-05,3.04917e-05
UH --> eeyaeeyayo,3.04924e-05,3.04917e-05
UH --> eh,3.04924e-05,3.04917e-05
UH --> eng,3.04924e-05,3.04917e-05
UH --> ew,3.04924e-05,3.04917e-05
UH --> fine,1.38735e-09,1.38731e-09
UH --> flap,3.74346e-05,3.76729e-05
UH --> fuss,1.38435e-09,1.38432e-09
UH --> gallop,1.4294e-09,1.43113e-09
UH --> galumph,1.38435e-09,1.38432e-09
UH --> gee,0.000587098,0.000587084
UH --> giddy_up,1.38435e-09,1.38432e-09
UH --> giddyup,1.38441e-09,1.38438e-09
UH --> gobble,0.000354284,0.000354276
UH --> god,0.000190954,0.00019036
UH --> golly,3.04924e-05,3.04917e-05
UH --> good,0.000411362,0.000413385
UH --> goodbye,1.38762e-09,1.38756e-09
UH --> goodness,0.000831787,0.000835414
UH --> goody,1.38562e-09,1.3856e-09
UH --> gosh,0.000214698,0.000214693
UH --> haha,0.000354284,0.000354276
UH --> hahaha,0.000121846,0.000121843
UH --> hee,1.38435e-09,1.38432e-09
UH --> heh,7.56841e-05,7.56823e-05
UH --> hehe,1.38435e-09,1.38432e-09
UH --> hehehe,1.38435e-09,1.38432e-09
UH --> hello,0.0014643,0.00145983
UH --> here,0.0387366,0.0387487
UH --> hey,0.0093484,0.0093487
UH --> hi,0.00239521,0.00239332
UH --> hiss,1.38435e-09,1.38432e-09
UH --> hm,0.000402393,0.000402563
UH --> hmmhmmhmmhmmhmmhmm,1.38435e-09,1.38432e-09
UH --> hmmts,1.38435e-09,1.38432e-09
UH --> ho,7.56841e-05,7.56823e-05
UH --> hoho,3.04924e-05,3.04917e-05
UH --> hohohoho,1.38435e-09,1.38432e-09
UH --> honey,0.000593688,0.000597683
UH --> hoo,0.0002147,0.000214695
UH --> hooray,3.04924e-05,3.04917e-05
UH --> hop,1.38663e-09,1.3866e-09
UH --> hopbang,1.38435e-09,1.38432e-09
UH --> huh,0.00034226,0.000343967
UH --> huhoh,1.38435e-09,1.38432e-09
UH --> hum,7.5675e-05,7.56733e-05
UH --> hunhunh,3.04924e-05,3.04917e-05
UH --> iiy,1.38435e-09,1.38432e-09
UH --> indeed,7.56834e-05,7.56817e-05
UH --> jeez,1.38435e-09,1.38432e-09
UH --> joijoiyoiyoyoyoyoyoyoyoyoyoyoyoyoyo,1.38435e-09,1.38432e-09
UH --> joseph,0.00374132,0.00373851
UH --> kaboom,3.04924e-05,3.04917e-05
UH --> khkhkhkhkh,1.38435e-09,1.38432e-09
UH --> kho,1.38435e-09,1.38432e-09
UH --> khuh,1.38435e-09,1.38432e-09
UH --> khuhkhuhkhuk,1.38435e-09,1.38432e-09
UH --> knock,0.000359897,0.000359851
UH --> koop,1.38435e-09,1.38432e-09
UH --> la,0.000211226,0.000211217
UH --> like,7.9667e-05,7.9524e-05
UH --> lo,3.04924e-05,3.04917e-05
UH --> look,0.0244241,0.0244163
UH --> lookit,0.000289899,0.000290611
UH --> lumppity,3.04924e-05,3.04917e-05
UH --> maam,3.02106e-05,3.02015e-05
UH --> man,0.000146894,0.000146882
UH --> meow,3.3947e-05,3.40044e-05
UH --> mhm,0.00062585,0.000625869
UH --> mkay,7.56841e-05,7.56823e-05
UH --> mm,0.00227318,0.00227185
UH --> mmkay,7.56841e-05,7.56823e-05
UH --> mmuhmm,3.04924e-05,3.04917e-05
UH --> mmwah,1.38435e-09,1.38432e-09
UH --> moo,1.38859e-09,1.38855e-09
UH --> muedap,3.04924e-05,3.04917e-05
UH --> my,0.000619456,0.000625258
UH --> nah,0.0002147,0.000214695
UH --> nay,1.38435e-09,1.38432e-09
UH --> nchoo,3.04924e-05,3.04917e-05
UH --> neerow,1.38435e-09,1.38432e-09
UH --> neigh,3.04924e-05,3.04917e-05
UH --> neighehehe,1.38435e-09,1.38432e-09
UH --> no,0.113396,0.113398
UH --> nope,0.00109944,0.00109941
UH --> now,0.0288039,0.0288207
UH --> nuh,3.04924e-05,3.04917e-05
UH --> num,0.000168231,0.000168227
UH --> nyum,0.00030774,0.000307733
UH --> oh,0.178106,0.178106
UH --> oh_goodness,1.38435e-09,1.38432e-09
UH --> ohohoh,1.38435e-09,1.38432e-09
UH --> ohohoho,1.38435e-09,1.38432e-09
UH --> oink,0.000168231,0.000168227
UH --> okay,0.0159747,0.0159755
UH --> oo,1.38435e-09,1.38432e-09
UH --> ooboo,1.38435e-09,1.38432e-09
UH --> oof,1.38435e-09,1.38432e-09
UH --> ooh,0.000726816,0.0007268
UH --> oop,0.000573551,0.000573487
UH --> oops,0.0009597,0.000959678
UH --> oopsala,1.38435e-09,1.38432e-09
UH --> oopsie,1.38435e-09,1.38432e-09
UH --> op,0.000354284,0.000354276
UH --> ouch,0.000121846,0.000121843
UH --> ouchie,1.38435e-09,1.38432e-09
UH --> ow,0.0002965,0.000296464
UH --> owie,0.000167859,0.000167859
UH --> oy,1.38435e-09,1.38432e-09
UH --> oyoyoyoyoyoyoyoy,1.38435e-09,1.38432e-09
UH --> pbth,0.000168231,0.000168227
UH --> pbthpbthpbth,3.04924e-05,3.04917e-05
UH --> peekaboo,0.000158409,0.000158731
UH --> peep,7.46442e-05,7.46416e-05
UH --> pfuhh,3.04924e-05,3.04917e-05
UH --> pie,1.38622e-09,1.38623e-09
UH --> please,0.00019659,0.00019859
UH --> poo,2.71554e-05,2.71905e-05
UH --> pop,1.38616e-09,1.3861e-09
UH --> presto,1.38435e-09,1.38432e-09
UH --> psst,1.38435e-09,1.38432e-09
UH --> puff,0.000126117,0.000125906
UH --> quack,0.000913122,0.000913101
UH --> rarr,3.04924e-05,3.04917e-05
UH --> really,0.000144079,0.000144275
UH --> rearr,1.38435e-09,1.38432e-09
UH --> ribbit,7.56841e-05,7.56823e-05
UH --> right,0.000842957,0.000821807
UH --> ring,1.38616e-09,1.38613e-09
UH --> rmm,1.38435e-09,1.38432e-09
UH --> roar,3.04901e-05,3.04893e-05
UH --> rowr,1.38435e-09,1.38432e-09
UH --> rrrr,1.38435e-09,1.38432e-09
UH --> ruff,0.000261209,0.000261203
UH --> rum,3.04924e-05,3.04917e-05
UH --> rumppity,3.04924e-05,3.04917e-05
UH --> sagwa,7.56841e-05,7.56823e-05
UH --> say,0.0162453,0.0162374
UH --> see,0.0266614,0.0266406
UH --> shah,1.38435e-09,1.38432e-09
UH --> shh,1.38435e-09,1.38432e-09
UH --> shoo,0.000307733,0.000307726
UH --> shoot,4.33708e-05,4.3083e-05
UH --> shush,1.38435e-09,1.38432e-09
UH --> silliness,1.38435e-09,1.38432e-09
UH --> sir,0.000455941,0.000456113
UH --> snap,2.16695e-05,2.14014e-05
UH --> sniff,7.56841e-05,7.56823e-05
UH --> snort,1.38475e-09,1.38469e-09
UH --> so,0.00513086,0.00511996
UH --> sorry,1.38835e-09,1.38848e-09
UH --> splash,5.50207e-05,5.46333e-05
UH --> squeak,1.38714e-09,1.3871e-09
UH --> squelsh,0.000168231,0.000168227
UH --> squish,7.88887e-05,7.88565e-05
UH --> squishy,1.38508e-09,1.38503e-09
UH --> ssh,0.000121846,0.000121843
UH --> strum,7.56841e-05,7.56823e-05
UH --> sure,0.00100127,0.00100625
UH --> surprise,1.38465e-09,1.38462e-09
UH --> sweetie,1.38717e-09,1.38707e-09
UH --> tee,1.38435e-09,1.38432e-09
UH --> thank,0.00308657,0.00308283
UH --> thanks,0.000207417,0.00020732
UH --> that,0.231535,0.23158
UH --> then,0.00566761,0.00572914
UH --> theo,0.00061021,0.000610648
UH --> there,0.0387375,0.038481
UH --> though,1.38606e-09,1.38599e-09
UH --> tickle,1.38765e-09,1.38762e-09
UH --> ticktock,1.38435e-09,1.38432e-09
UH --> ting,1.38435e-09,1.38432e-09
UH --> too,9.61811e-05,9.51167e-05
UH --> toot,3.04919e-05,3.04912e-05
UH --> tootaloo,1.38435e-09,1.38432e-09
UH --> trot,0.000166975,0.00016695
UH --> tsk,7.56841e-05,7.56823e-05
UH --> tweet,0.00011816,0.000118157
UH --> ububububububub,1.38435e-09,1.38432e-09
UH --> ugabugabugabuga,1.38435e-09,1.38432e-09
UH --> ugh,1.38435e-09,1.38432e-09
UH --> uh,1.38435e-09,1.38432e-09
UH --> uhhuh,0.00100628,0.00100626
UH --> uhoh,0.00277278,0.00277331
UH --> uhuh,0.00133234,0.00133231
UH --> umf,3.04924e-05,3.04917e-05
UH --> ummhm,3.04924e-05,3.04917e-05
UH --> umumum,1.38435e-09,1.38432e-09
UH --> umyumyumyumyum,1.38435e-09,1.38432e-09
UH --> umyumyumyumyumyumyum,1.38435e-09,1.38432e-09
UH --> unh,3.04924e-05,3.04917e-05
UH --> uzzybuzzybuzz,1.38435e-09,1.38432e-09
UH --> voom,1.38435e-09,1.38432e-09
UH --> voop,1.38435e-09,1.38432e-09
UH --> vroom,0.000168231,0.000168227
UH --> wee,1.39726e-09,1.39758e-09
UH --> well,0.0561514,0.0563749
UH --> welp,3.04924e-05,3.04917e-05
UH --> whack,3.04924e-05,3.04917e-05
UH --> whee,0.000168231,0.000168227
UH --> whiz,1.38435e-09,1.38432e-09
UH --> whoa,0.00113095,0.00113142
UH --> whoo,7.56841e-05,7.56823e-05
UH --> whoop,0.0002147,0.000214695
UH --> whoops,0.00123918,0.00123915
UH --> whshoo,1.38435e-09,1.38432e-09
UH --> whu,1.38435e-09,1.38432e-09
UH --> why,0.0435316,0.0435028
UH --> woah,0.000121846,0.000121843
UH --> woawoawoah,1.38435e-09,1.38432e-09
UH --> woo,1.38435e-09,1.38432e-09
UH --> wooao,1.38435e-09,1.38432e-09
UH --> woof,7.56841e-05,7.56823e-05
UH --> woosh,1.38435e-09,1.38432e-09
UH --> wow,0.00151866,0.00151862
UH --> wshew,1.38435e-09,1.38432e-09
UH --> wup,1.38435e-09,1.38432e-09
UH --> yah,1.38435e-09,1.38432e-09
UH --> yay,0.000787507,0.000786762
UH --> yeah,0.0608806,0.06085
UH --> yep,0.00161182,0.00161178
UH --> yes,0.0324435,0.0324532
UH --> yo,1.38435e-09,1.38432e-09
UH --> yoohoo,1.38435e-09,1.38432e-09
UH --> youch,1.38435e-09,1.38432e-09
UH --> yububububububububu,3.04924e-05,3.04917e-05
UH --> yuck,0.00016823,0.000168226
UH --> yucka,3.04885e-05,3.04878e-05
UH --> yucky,1.38457e-09,1.38453e-09
UH --> yum,0.000510476,0.000510195
UH --> yup,0.0009597,0.000959678
UH --> zam,7.56841e-05,7.56823e-05
UH --> zoo,1.38439e-09,1.38436e-09
UH --> zoom,8.71792e-05,8.71066e-05
UH --> zoop,1.38435e-09,1.38432e-09
UH --> zzz,1.3851e-09,1.38506e-09
VB --> 's,0.0242511,0.0243606
VB --> 've,0.00197673,0.00197579
VB --> a,0.00179677,0.00179103
VB --> absorb,2.5626e-05,2.55913e-05
VB --> accept,1.03245e-05,1.03105e-05
VB --> ache,1.05349e-05,1.05322e-05
VB --> act,0.000214555,0.000214264
VB --> activate,1.03245e-05,1.03105e-05
VB --> add,0.00013572,0.000135536
VB --> adjust,2.5626e-05,2.55913e-05
VB --> admire,1.03245e-05,1.03105e-05
VB --> advertise,4.6873e-10,4.68095e-10
VB --> affect,1.03245e-05,1.03105e-05
VB --> age,1.67815e-05,1.67626e-05
VB --> aggravate,1.03245e-05,1.03105e-05
VB --> agree,1.03245e-05,1.03105e-05
VB --> aim,2.5626e-05,2.55913e-05
VB --> allow,0.00013572,0.000135536
VB --> alright,0.000857516,0.000856838
VB --> amaz,2.5626e-05,2.55913e-05
VB --> amus,1.03245e-05,1.03105e-05
VB --> annoy,1.03245e-05,1.03105e-05
VB --> answer,0.000131021,0.000131443
VB --> appear,4.6873e-10,4.68095e-10
VB --> appreciate,4.1256e-05,4.12002e-05
VB --> are,0.0403806,0.0402665
VB --> argue,2.5626e-05,2.55913e-05
VB --> armor,2.5626e-05,2.55913e-05
VB --> arrange,1.03245e-05,1.03105e-05
VB --> arrive,2.5626e-05,2.55913e-05
VB --> ask,0.00278226,0.00279041
VB --> assume,1.07538e-05,1.0738e-05
VB --> attach,0.000277634,0.000277258
VB --> attempt,4.6873e-10,4.68095e-10
VB --> attract,2.5626e-05,2.55913e-05
VB --> avoid,4.6873e-10,4.68095e-10
VB --> babble,1.03245e-05,1.03105e-05
VB --> babysit,1.03245e-05,1.03105e-05
VB --> back,0.000667023,0.000671179
VB --> bail,1.03245e-05,1.03105e-05
VB --> bak,2.5626e-05,2.55913e-05
VB --> bake,7.26955e-05,7.25971e-05
VB --> balanc,2.5626e-05,2.55913e-05
VB --> balance,6.90976e-05,6.87777e-05
VB --> baldie,4.70372e-10,4.69794e-10
VB --> band,4.6882e-10,4.68185e-10
VB --> bang,0.000881637,0.000877645
VB --> barbecue,2.32163e-05,2.32327e-05
VB --> bark,7.26955e-05,7.25971e-05
VB --> base,2.56258e-05,2.55911e-05
VB --> bash,1.03245e-05,1.03105e-05
VB --> bath,0.000229708,0.000227684
VB --> bathe,1.03245e-05,1.03105e-05
VB --> bawl,1.03245e-05,1.03105e-05
VB --> be,0.00954397,0.00954264
VB --> beat,0.000246093,0.00024576
VB --> become,5.28377e-05,5.24736e-05
VB --> been,0.00192435,0.00193075
VB --> begin,0.000104196,0.000104055
VB --> beginn,0.000246094,0.000245761
VB --> behave,2.5626e-05,2.55913e-05
VB --> believe,0.0001243,0.000124188
VB --> belong,0.000753576,0.000753394
VB --> bend,0.000466889,0.000466257
VB --> bet,0.000539875,0.00054126
VB --> bib,1.68836e-05,1.68921e-05
VB --> bin,4.69185e-10,4.68551e-10
VB --> birdfeed,1.10346e-05,1.09865e-05
VB --> bit,9.20973e-05,9.24723e-05
VB --> bite,0.00116363,0.00116213
VB --> blame,0.000119958,0.000119795
VB --> blast,2.5626e-05,2.55913e-05
VB --> bleed,5.65404e-05,5.63319e-05
VB --> bless,8.84428e-05,8.83231e-05
VB --> blink,7.26955e-05,7.25971e-05
VB --> block,1.26183e-05,1.25876e-05
VB --> blow,0.00127472,0.00127853
VB --> board,2.78603e-05,2.7803e-05
VB --> boat,1.93099e-05,1.99539e-05
VB --> bob,0.000247458,0.000247163
VB --> boil,0.00013572,0.000135536
VB --> bonk,4.74916e-10,4.74289e-10
VB --> book,4.56421e-05,4.54373e-05
VB --> bop,1.03245e-05,1.03105e-05
VB --> bor,2.5626e-05,2.55913e-05
VB --> borrow,0.000104989,0.000104496
VB --> bother,0.00037226,0.000371756
VB --> bounce,0.000261863,0.000261509
VB --> bow,1.19319e-05,1.19126e-05
VB --> bowl,0.000146191,0.000145804
VB --> box,8.61734e-05,8.59631e-05
VB --> braid,1.1275e-05,1.12677e-05
VB --> bread,6.32222e-05,6.29026e-05
VB --> break,0.00191225,0.00191499
VB --> break_dance,4.6873e-10,4.68095e-10
VB --> breath,5.39814e-05,5.4355e-05
VB --> breathe,2.5626e-05,2.55913e-05
VB --> bribe,4.68827e-10,4.68194e-10
VB --> bring,0.00393683,0.0039496
VB --> brush,0.000322777,0.000322457
VB --> buckle,1.86293e-05,1.85703e-05
VB --> build,0.00133695,0.00135257
VB --> bulldoze,4.6873e-10,4.68095e-10
VB --> bump,0.000353977,0.000353097
VB --> bundle,4.6873e-10,4.68095e-10
VB --> burn,0.000577293,0.000576512
VB --> burp,6.83541e-05,6.82467e-05
VB --> bury,8.8443e-05,8.83233e-05
VB --> bust,2.5626e-05,2.55913e-05
VB --> butter,4.70225e-10,4.69583e-10
VB --> button,3.67567e-05,3.65711e-05
VB --> buy,0.00119089,0.0011957
VB --> buzz,1.10599e-05,1.10532e-05
VB --> cage,4.69568e-10,4.68934e-10
VB --> call,0.00656097,0.0065561
VB --> calm,2.5626e-05,2.55913e-05
VB --> camp,0.00026053,0.000258181
VB --> can,0.0346004,0.0345313
VB --> cancel,2.5626e-05,2.55913e-05
VB --> capture,1.03245e-05,1.03105e-05
VB --> carb,1.03245e-05,1.03105e-05
VB --> care,0.000176588,0.000176958
VB --> carry,0.00107574,0.0010769
VB --> catch,0.000737869,0.000750484
VB --> cause,0.000187541,0.000187353
VB --> celebrate,2.5626e-05,2.55913e-05
VB --> chalk,4.70641e-10,4.70141e-10
VB --> change,0.000642783,0.000644788
VB --> charge,1.05259e-05,1.04967e-05
VB --> chase,0.000565651,0.000567307
VB --> cheat,7.26955e-05,7.25971e-05
VB --> check,0.000561352,0.000560511
VB --> cheer,4.6987e-10,4.69194e-10
VB --> chew,0.00137182,0.00136881
VB --> chip,4.6876e-10,4.68125e-10
VB --> chirp,4.6873e-10,4.68095e-10
VB --> choke,5.98659e-05,5.97915e-05
VB --> chomp,1.03245e-05,1.03105e-05
VB --> choose,7.26948e-05,7.25964e-05
VB --> chop,0.000114368,0.000114277
VB --> clap,0.000109132,0.00010924
VB --> clapp,1.03245e-05,1.03105e-05
VB --> clean,0.000827621,0.000827923
VB --> clear,4.82527e-10,4.81494e-10
VB --> click,1.82829e-05,1.81178e-05
VB --> climb,0.00105297,0.00105195
VB --> clip,4.72124e-10,4.71478e-10
VB --> clobber,1.03245e-05,1.03105e-05
VB --> clonke,2.5626e-05,2.55913e-05
VB --> clos,7.26955e-05,7.25971e-05
VB --> close,0.0015631,0.0015704
VB --> cloth,1.26925e-05,1.2652e-05
VB --> cloud,4.68777e-10,4.68142e-10
VB --> cluck,1.04532e-05,1.04392e-05
VB --> clutch,4.6873e-10,4.68095e-10
VB --> coat,6.02867e-05,6.05103e-05
VB --> collapse,1.03245e-05,1.03105e-05
VB --> collect,4.1256e-05,4.12002e-05
VB --> color,0.0021794,0.00218379
VB --> comb,0.000331766,0.00033355
VB --> come,0.0119619,0.0120086
VB --> command,1.03245e-05,1.03105e-05
VB --> compare,4.1256e-05,4.12002e-05
VB --> complain,1.03245e-05,1.03105e-05
VB --> complicat,5.69616e-05,5.68845e-05
VB --> concentrat,1.03245e-05,1.03105e-05
VB --> concentrate,5.69616e-05,5.68845e-05
VB --> concern,1.03245e-05,1.03105e-05
VB --> confus,0.00013572,0.000135536
VB --> confuse,4.1256e-05,4.12002e-05
VB --> connect,7.26955e-05,7.25971e-05
VB --> consider,1.03245e-05,1.03105e-05
VB --> contemplate,4.6873e-10,4.68095e-10
VB --> continue,2.5626e-05,2.55913e-05
VB --> control,4.68872e-10,4.68244e-10
VB --> convinc,1.03245e-05,1.03105e-05
VB --> convince,2.5626e-05,2.55913e-05
VB --> cook,0.00159082,0.00159537
VB --> cool,0.00016268,0.000162389
VB --> copy,4.1256e-05,4.12002e-05
VB --> corrupt,1.03245e-05,1.03105e-05
VB --> cost,4.7287e-10,4.72212e-10
VB --> cough,5.88816e-05,5.8187e-05
VB --> counsel,1.03245e-05,1.03105e-05
VB --> count,0.000608758,0.000607511
VB --> cover,0.000700533,0.000699499
VB --> crack,0.000337873,0.000337218
VB --> cradle,4.70587e-10,4.69955e-10
VB --> crash,9.49571e-05,9.4808e-05
VB --> crawl,0.000482661,0.000482008
VB --> crayon,4.69315e-10,4.68681e-10
VB --> create,1.03245e-05,1.03105e-05
VB --> creep,1.03245e-05,1.03105e-05
VB --> crinkle,1.03245e-05,1.03105e-05
VB --> crisp,1.03245e-05,1.03105e-05
VB --> crochet,1.03245e-05,1.03105e-05
VB --> crook,0.000201107,0.000200877
VB --> cross,0.000209444,0.000209444
VB --> crow,1.76391e-05,1.739e-05
VB --> crowd,0.000104198,0.000104057
VB --> crumble,1.03245e-05,1.03105e-05
VB --> crunch,4.12538e-05,4.11981e-05
VB --> cry,0.00198566,0.00198262
VB --> cuddle,0.00013572,0.000135536
VB --> cultur,2.5626e-05,2.55913e-05
VB --> curl,7.85092e-05,7.81535e-05
VB --> curv,1.03245e-05,1.03105e-05
VB --> cut,0.00196812,0.00197312
VB --> cutt,1.03245e-05,1.03105e-05
VB --> damn,1.02046e-05,1.02181e-05
VB --> danc,0.000183018,0.00018277
VB --> dance,0.00102227,0.00101987
VB --> dangle,1.03245e-05,1.03105e-05
VB --> dare,1.03245e-05,1.03105e-05
VB --> darl,0.000183018,0.00018277
VB --> darle,1.03245e-05,1.03105e-05
VB --> darn,4.68745e-10,4.6811e-10
VB --> dash,2.5626e-05,2.55913e-05
VB --> decide,0.000198786,0.000198517
VB --> decorate,4.1256e-05,4.12002e-05
VB --> defeat,2.5626e-05,2.55913e-05
VB --> deflate,1.03245e-05,1.03105e-05
VB --> defrost,1.03245e-05,1.03105e-05
VB --> delay,1.03245e-05,1.03105e-05
VB --> deprive,4.6873e-10,4.68095e-10
VB --> describe,1.03245e-05,1.03105e-05
VB --> design,4.30612e-05,4.29847e-05
VB --> destroy,1.03245e-05,1.03105e-05
VB --> determin,4.1256e-05,4.12002e-05
VB --> develop,1.03245e-05,1.03105e-05
VB --> dial,4.60781e-05,4.63258e-05
VB --> diaper,4.69482e-10,4.68848e-10
VB --> did,0.0310943,0.0310654
VB --> die,0.000214554,0.000214264
VB --> dig,0.000309175,0.000308757
VB --> digg,1.03245e-05,1.03105e-05
VB --> din,0.000119958,0.000119795
VB --> dip,4.83804e-05,4.8803e-05
VB --> dirty,0.000336379,0.000336229
VB --> disappear,0.00013572,0.000135536
VB --> disappoint,4.6873e-10,4.68095e-10
VB --> discipline,1.03245e-05,1.03105e-05
VB --> discourage,4.6873e-10,4.68095e-10
VB --> discover,1.03245e-05,1.03105e-05
VB --> discuss,4.6873e-10,4.68095e-10
VB --> disgust,4.1256e-05,4.12002e-05
VB --> dish,4.699e-10,4.69258e-10
VB --> display,1.03245e-05,1.03105e-05
VB --> dissolve,2.5626e-05,2.55913e-05
VB --> disturb,1.03245e-05,1.03105e-05
VB --> div,2.5626e-05,2.55913e-05
VB --> dive,1.03245e-05,1.03105e-05
VB --> divide,1.03245e-05,1.03105e-05
VB --> do,0.0644673,0.064389
VB --> does,0.00963756,0.00962756
VB --> doin,4.6873e-10,4.68095e-10
VB --> dolle,1.03245e-05,1.03105e-05
VB --> donate,1.03245e-05,1.03105e-05
VB --> done,0.000310832,0.000309213
VB --> dott,4.1256e-05,4.12002e-05
VB --> double,4.68745e-10,4.68111e-10
VB --> doubt,2.04437e-05,2.03477e-05
VB --> drag,2.5626e-05,2.55913e-05
VB --> drank,0.000120626,0.000120802
VB --> drape,5.69616e-05,5.68845e-05
VB --> draw,0.00148264,0.00148923
VB --> dream,0.000246721,0.000246448
VB --> dress,0.00152723,0.00152073
VB --> dribble,1.03245e-05,1.03105e-05
VB --> drill,7.94086e-05,8.16913e-05
VB --> drink,0.00199033,0.00200078
VB --> drip,0.000138114,0.000137861
VB --> dripp,1.03245e-05,1.03105e-05
VB --> drive,0.000947214,0.000964424
VB --> drool,4.1254e-05,4.11981e-05
VB --> drop,0.00131625,0.00131516
VB --> drown,7.26955e-05,7.25971e-05
VB --> drum,4.6905e-10,4.68415e-10
VB --> dry,0.000550714,0.000552362
VB --> duck,9.24523e-05,9.27057e-05
VB --> duckl,1.03245e-05,1.03105e-05
VB --> duckle,1.03245e-05,1.03105e-05
VB --> dump,0.000310286,0.000311005
VB --> dunk,7.26955e-05,7.25971e-05
VB --> dust,1.07252e-05,1.07108e-05
VB --> dye,2.5626e-05,2.55913e-05
VB --> earr,0.00013572,0.000135536
VB --> eat,0.0160942,0.0161104
VB --> electrocute,1.03245e-05,1.03105e-05
VB --> embarrass,4.6873e-10,4.68095e-10
VB --> empty,9.52988e-05,0.000103676
VB --> encourage,1.03245e-05,1.03105e-05
VB --> end,0.000193209,0.000193673
VB --> enjoy,8.84426e-05,8.83229e-05
VB --> enlarge,4.6873e-10,4.68095e-10
VB --> entertain,5.69616e-05,5.68845e-05
VB --> erase,0.000214555,0.000214264
VB --> escape,4.6873e-10,4.68095e-10
VB --> even,0.000317319,0.000317851
VB --> examine,5.69616e-05,5.68845e-05
VB --> excavate,4.6873e-10,4.68095e-10
VB --> except,2.12405e-05,2.10859e-05
VB --> excit,0.000514205,0.000513509
VB --> exclaim,4.6873e-10,4.68095e-10
VB --> excuse,0.000293402,0.000293005
VB --> exhaust,2.5626e-05,2.55913e-05
VB --> exist,1.03245e-05,1.03105e-05
VB --> expect,7.51277e-05,7.51119e-05
VB --> explain,2.5626e-05,2.55913e-05
VB --> explode,4.6873e-10,4.68095e-10
VB --> explore,1.03245e-05,1.03105e-05
VB --> expose,2.5626e-05,2.55913e-05
VB --> extend,1.03245e-05,1.03105e-05
VB --> ey,1.03245e-05,1.03105e-05
VB --> face,9.36936e-05,9.36951e-05
VB --> fade,1.03245e-05,1.03105e-05
VB --> faint,1.03245e-05,1.03105e-05
VB --> fake,8.50095e-05,8.48294e-05
VB --> fall,0.00236512,0.0023687
VB --> farm,1.2124e-05,1.21259e-05
VB --> fashion,4.68739e-10,4.68105e-10
VB --> fasten,5.69616e-05,5.68845e-05
VB --> feature,1.03245e-05,1.03105e-05
VB --> feed,0.00230222,0.00230747
VB --> feel,0.000850596,0.000852856
VB --> fell,0.00131347,0.00130929
VB --> fetch,4.6873e-10,4.68095e-10
VB --> fight,0.00021785,0.000217258
VB --> figure,0.000316577,0.000316976
VB --> fill,0.000356488,0.000356006
VB --> find,0.005307,0.00533522
VB --> finish,0.00382055,0.00381668
VB --> fire,4.69721e-10,4.69108e-10
VB --> firm,1.05362e-05,1.05286e-05
VB --> fish,0.000491705,0.000490846
VB --> fit,0.000838015,0.000841003
VB --> fix,0.00296616,0.0029714
VB --> fizz,4.6873e-10,4.68096e-10
VB --> fl,1.03245e-05,1.03105e-05
VB --> flap,4.97167e-10,4.97455e-10
VB --> flash,6.9245e-05,6.91485e-05
VB --> flatter,4.6873e-10,4.68095e-10
VB --> flicker,4.68927e-10,4.68284e-10
VB --> flip,8.69567e-05,8.73117e-05
VB --> float,0.000104198,0.000104057
VB --> flop,2.5626e-05,2.55913e-05
VB --> floss,1.03245e-05,1.03105e-05
VB --> flow,1.03245e-05,1.03105e-05
VB --> flower,1.12393e-05,1.12323e-05
VB --> fluff,4.6873e-10,4.68095e-10
VB --> flush,1.03245e-05,1.03105e-05
VB --> fly,0.000969028,0.000966953
VB --> focus,4.6873e-10,4.68095e-10
VB --> fold,0.000614381,0.000616196
VB --> follow,0.000104198,0.000104057
VB --> fool,0.000259352,0.000259018
VB --> forbid,1.03245e-05,1.03105e-05
VB --> force,4.6873e-10,4.68095e-10
VB --> forget,0.00068356,0.000684819
VB --> forgive,4.6873e-10,4.68095e-10
VB --> format,1.03245e-05,1.03105e-05
VB --> foul,1.03245e-05,1.03105e-05
VB --> freeze,2.47256e-05,2.46308e-05
VB --> frighten,0.00013572,0.000135536
VB --> frost,0.00013572,0.000135536
VB --> frown,1.03245e-05,1.03105e-05
VB --> frustrat,4.1256e-05,4.12002e-05
VB --> frustrate,4.6873e-10,4.68095e-10
VB --> fry,4.71831e-10,4.71133e-10
VB --> fuck,1.03245e-05,1.03105e-05
VB --> fudge,1.03245e-05,1.03105e-05
VB --> fund,2.5626e-05,2.55913e-05
VB --> funnel,4.69119e-10,4.68484e-10
VB --> fuss,1.03912e-05,1.03745e-05
VB --> gab,4.6873e-10,4.68095e-10
VB --> gallop,4.12511e-05,4.1195e-05
VB --> garbl,1.03245e-05,1.03105e-05
VB --> garden,2.37044e-05,2.36375e-05
VB --> gather,1.03245e-05,1.03105e-05
VB --> gave,0.00197733,0.00197682
VB --> get,0.027843,0.0279403
VB --> gett,0.00013572,0.000135536
VB --> giddyup,4.1256e-05,4.12002e-05
VB --> giggle,4.6873e-10,4.68095e-10
VB --> give,0.0105192,0.0105345
VB --> glue,0.000122443,0.000122496
VB --> go,0.0972636,0.0971088
VB --> goin,1.03245e-05,1.03105e-05
VB --> gone,0.00015999,0.000160002
VB --> goof,7.03307e-05,7.02199e-05
VB --> gosh,4.70005e-10,4.69384e-10
VB --> got,0.0108104,0.0107989
VB --> grab,0.000375136,0.000375521
VB --> graduate,1.18765e-05,1.18828e-05
VB --> grill,4.69682e-10,4.69053e-10
VB --> grind,2.5626e-05,2.55913e-05
VB --> groan,2.5626e-05,2.55913e-05
VB --> grow,0.000835079,0.000835786
VB --> growl,4.1256e-05,4.12001e-05
VB --> grunt,4.6873e-10,4.68095e-10
VB --> guess,0.0001695,0.000169006
VB --> gush,1.03245e-05,1.03105e-05
VB --> guzzle,2.5626e-05,2.55913e-05
VB --> gyp,1.03245e-05,1.03105e-05
VB --> had,0.00299971,0.00299651
VB --> hair,0.000131021,0.000128601
VB --> hammer,0.000295976,0.000295523
VB --> hamper,4.69002e-10,4.68362e-10
VB --> hand,0.000262301,0.000264587
VB --> handle,3.35331e-05,3.32119e-05
VB --> hang,0.00183908,0.00183659
VB --> hanker,1.03245e-05,1.03105e-05
VB --> happen,0.00482009,0.00481357
VB --> has,0.00254162,0.00253526
VB --> hatch,1.10917e-05,1.10969e-05
VB --> hate,0.000134131,0.000133692
VB --> haunt,1.03245e-05,1.03105e-05
VB --> have,0.0272403,0.0272197
VB --> head,0.000913204,0.000948258
VB --> heal,1.03245e-05,1.03105e-05
VB --> hear,0.00279012,0.00279123
VB --> heat,1.61834e-05,1.61782e-05
VB --> heave,2.5626e-05,2.55913e-05
VB --> heel,4.71377e-10,4.70721e-10
VB --> help,0.00244796,0.00245699
VB --> hi,4.69837e-10,4.69201e-10
VB --> hiccough,1.03245e-05,1.03105e-05
VB --> hid,6.35341e-05,6.37663e-05
VB --> hide,0.000864877,0.000867103
VB --> hire,1.03245e-05,1.03105e-05
VB --> hit,0.00117112,0.00117075
VB --> hitt,2.5626e-05,2.55913e-05
VB --> hoard,4.6873e-10,4.68095e-10
VB --> hoe,4.30691e-05,4.21408e-05
VB --> hold,0.00469285,0.00470761
VB --> holp,1.03245e-05,1.03105e-05
VB --> hook,0.000244537,0.000242984
VB --> hop,0.000247848,0.000247134
VB --> hope,0.000280508,0.000281068
VB --> hopp,4.1256e-05,4.12002e-05
VB --> horn,4.69172e-10,4.68537e-10
VB --> housekeep,7.26955e-05,7.25971e-05
VB --> hug,0.000513786,0.000513434
VB --> hum,4.78167e-10,4.77538e-10
VB --> hunt,4.11959e-05,4.11437e-05
VB --> hurry,0.000340717,0.000340256
VB --> hurt,0.00219117,0.00219238
VB --> hush,4.71349e-10,4.70702e-10
VB --> ic,0.000198786,0.000198517
VB --> ice,1.26644e-05,1.27206e-05
VB --> ignore,2.5626e-05,2.55913e-05
VB --> imagine,1.455e-05,1.44368e-05
VB --> imitate,1.03245e-05,1.03105e-05
VB --> impress,4.6873e-10,4.68095e-10
VB --> improve,1.03245e-05,1.03105e-05
VB --> improvise,2.5626e-05,2.55913e-05
VB --> inclin,1.03245e-05,1.03105e-05
VB --> include,1.03245e-05,1.03105e-05
VB --> incriminate,1.03245e-05,1.03105e-05
VB --> inherit,1.03245e-05,1.03105e-05
VB --> inject,1.03245e-05,1.03105e-05
VB --> injure,1.03245e-05,1.03105e-05
VB --> intend,2.5626e-05,2.55913e-05
VB --> interest,0.000924282,0.000923031
VB --> interrupt,2.5626e-05,2.55913e-05
VB --> intrigue,1.03245e-05,1.03105e-05
VB --> introduce,1.03245e-05,1.03105e-05
VB --> invent,1.03245e-05,1.03105e-05
VB --> invest,1.03245e-05,1.03105e-05
VB --> investigate,4.1256e-05,4.12002e-05
VB --> invite,0.000183018,0.00018277
VB --> involve,1.03245e-05,1.03105e-05
VB --> iron,0.000100329,0.000100298
VB --> irv,4.6873e-10,4.68095e-10
VB --> is,0.0150042,0.0149923
VB --> itch,4.68803e-10,4.68169e-10
VB --> jiggle,1.03245e-05,1.03105e-05
VB --> jingle,4.69183e-10,4.68549e-10
VB --> jive,1.03245e-05,1.03105e-05
VB --> join,4.1256e-05,4.12002e-05
VB --> joke,4.68845e-10,4.6821e-10
VB --> joose,4.6873e-10,4.68095e-10
VB --> jug,4.68835e-10,4.682e-10
VB --> juggle,7.26955e-05,7.25971e-05
VB --> jump,0.00182045,0.00181402
VB --> keel,1.03245e-05,1.03105e-05
VB --> keep,0.00226043,0.00227056
VB --> kick,0.000253699,0.000255849
VB --> kid,0.000203781,0.000203285
VB --> kidd,4.6873e-10,4.68095e-10
VB --> kidnap,2.5626e-05,2.55913e-05
VB --> kill,0.000261864,0.000261509
VB --> kiss,0.000603171,0.000602172
VB --> knead,1.03245e-05,1.03105e-05
VB --> kneel,2.5626e-05,2.55913e-05
VB --> knit,2.5626e-05,2.55913e-05
VB --> knitt,4.6873e-10,4.68095e-10
VB --> knock,0.00150898,0.00155119
VB --> knot,4.71222e-10,4.706e-10
VB --> know,0.0103685,0.0103651
VB --> lament,1.03245e-05,1.03105e-05
VB --> land,0.000155463,0.000156037
VB --> last,7.63658e-05,7.61466e-05
VB --> laugh,0.00045957,0.000459462
VB --> lay,0.000453335,0.000452495
VB --> lead,2.5617e-05,2.55822e-05
VB --> leak,4.68448e-05,4.68068e-05
VB --> lean,0.000209957,0.000209589
VB --> learn,0.00133774,0.00134143
VB --> leave,0.00178781,0.00179803
VB --> legg,2.5626e-05,2.55913e-05
VB --> lend,2.5626e-05,2.55913e-05
VB --> let,0.0168465,0.0167919
VB --> lick,0.000429241,0.000429619
VB --> licorice,4.6873e-10,4.68095e-10
VB --> lie,0.000940054,0.000938782
VB --> lift,0.000258146,0.000257982
VB --> light,2.33151e-05,2.32264e-05
VB --> lightn,5.69616e-05,5.68845e-05
VB --> like,0.0117988,0.0117892
VB --> limit,9.65603e-06,9.63057e-06
VB --> line,2.03325e-05,2.02768e-05
VB --> link,1.03245e-05,1.03105e-05
VB --> listen,0.00106623,0.00106479
VB --> liv,0.000482661,0.000482008
VB --> live,0.00105501,0.0010551
VB --> load,5.56951e-05,5.56502e-05
VB --> lock,0.000202697,0.000203167
VB --> log,4.68803e-10,4.68168e-10
VB --> look,0.0129152,0.0129059
VB --> look_it,4.6873e-10,4.68095e-10
VB --> lookit,1.61045e-05,1.58472e-05
VB --> lose,0.000633224,0.000634675
VB --> lost,0.000327547,0.000326366
VB --> love,0.000489664,0.0004892
VB --> lower,4.76173e-10,4.75796e-10
VB --> lug,4.69135e-10,4.68508e-10
VB --> lunch,0.000557928,0.000557987
VB --> made,0.000710528,0.000707735
VB --> magic,1.22342e-05,1.22727e-05
VB --> magicke,1.03245e-05,1.03105e-05
VB --> mail,0.000102229,0.000101938
VB --> make,0.0092614,0.00933521
VB --> manage,5.69616e-05,5.68845e-05
VB --> march,4.23365e-05,4.23313e-05
VB --> mark,7.37055e-05,7.32126e-05
VB --> marri,7.26955e-05,7.25971e-05
VB --> marry,0.000261864,0.000261509
VB --> mash,0.000293405,0.000293007
VB --> match,5.78816e-05,5.79925e-05
VB --> matter,4.72111e-10,4.71492e-10
VB --> mean,0.00141203,0.00141374
VB --> measure,0.000119958,0.000119795
VB --> meet,0.000265495,0.000265913
VB --> melt,0.000293405,0.000293007
VB --> mend,1.03245e-05,1.03105e-05
VB --> mention,2.5626e-05,2.55913e-05
VB --> meow,8.7204e-05,8.70653e-05
VB --> mess,0.000150816,0.000151253
VB --> mhm,9.10876e-05,9.0953e-05
VB --> milk,0.000222323,0.000222448
VB --> min,1.03245e-05,1.03105e-05
VB --> mind,0.000171058,0.000170788
VB --> misplace,1.03245e-05,1.03105e-05
VB --> miss,0.0016422,0.00164052
VB --> mix,0.000680299,0.0006796
VB --> moan,1.03245e-05,1.03105e-05
VB --> mock,1.03245e-05,1.03105e-05
VB --> moo,4.68829e-10,4.68194e-10
VB --> mop,4.17239e-05,4.17056e-05
VB --> move,0.00170888,0.00171195
VB --> mow,5.69616e-05,5.68845e-05
VB --> mumble,4.6873e-10,4.68095e-10
VB --> murder,8.3253e-05,8.31487e-05
VB --> mush,1.03245e-05,1.03105e-05
VB --> nak,7.26955e-05,7.25971e-05
VB --> nam,1.03245e-05,1.03105e-05
VB --> name,0.0015453,0.00154594
VB --> nap,1.65027e-05,1.65139e-05
VB --> need,0.00243187,0.00246071
VB --> nibble,8.96568e-05,8.98978e-05
VB --> nip,5.69616e-05,5.68845e-05
VB --> nod,4.68761e-10,4.68126e-10
VB --> nos,2.5626e-05,2.55913e-05
VB --> notice,0.000106126,0.00010577
VB --> obey,4.6873e-10,4.68095e-10
VB --> observe,1.03245e-05,1.03105e-05
VB --> obsess,1.03245e-05,1.03105e-05
VB --> occupi,1.03245e-05,1.03105e-05
VB --> of,0.00142509,0.00142125
VB --> offer,0.00013572,0.000135536
VB --> oil,8.68796e-06,8.69266e-06
VB --> open,0.00221607,0.00221813
VB --> operat,4.6873e-10,4.68095e-10
VB --> operate,4.6873e-10,4.68095e-10
VB --> order,3.18126e-05,3.19842e-05
VB --> organize,2.5626e-05,2.55913e-05
VB --> outgrow,5.69616e-05,5.68845e-05
VB --> overlap,1.03245e-05,1.03105e-05
VB --> overturn,4.6873e-10,4.68095e-10
VB --> owe,0.000104198,0.000104057
VB --> own,4.69273e-10,4.68639e-10
VB --> oyster,4.68782e-10,4.68147e-10
VB --> pack,7.6313e-05,7.63555e-05
VB --> paddle,4.71158e-10,4.7052e-10
VB --> paint,0.000742368,0.00074255
VB --> pan,4.68804e-10,4.68169e-10
VB --> pardon,4.6873e-10,4.68095e-10
VB --> park,0.000464509,0.000463826
VB --> party,1.55171e-05,1.54186e-05
VB --> pass,0.00013572,0.000135536
VB --> paste,3.9699e-05,3.95364e-05
VB --> pat,0.000576802,0.000576338
VB --> patch,4.68837e-10,4.68206e-10
VB --> pause,1.03245e-05,1.03105e-05
VB --> pay,0.000222792,0.000221611
VB --> peck,1.25094e-05,1.23798e-05
VB --> pedal,1.03245e-05,1.03105e-05
VB --> pee,8.8441e-05,8.83213e-05
VB --> peek,0.000209254,0.00020975
VB --> peel,0.000205518,0.000205653
VB --> peep,1.06601e-05,1.06459e-05
VB --> pelt,1.03245e-05,1.03105e-05
VB --> perk,1.03245e-05,1.03105e-05
VB --> pet,7.12519e-05,7.20417e-05
VB --> pick,0.00310819,0.00311348
VB --> picture,4.69032e-10,4.68397e-10
VB --> pile,1.6939e-05,1.7027e-05
VB --> pin,4.71747e-10,4.71235e-10
VB --> pinch,0.000119958,0.000119795
VB --> pivot,1.03245e-05,1.03105e-05
VB --> place,2.30435e-05,2.25019e-05
VB --> plan,4.69819e-10,4.69181e-10
VB --> plant,0.000178878,0.000178255
VB --> play,0.0145787,0.0145533
VB --> pleas,2.5626e-05,2.55913e-05
VB --> please,0.000516882,0.000519797
VB --> pledge,4.68787e-10,4.68152e-10
VB --> ploope,1.03245e-05,1.03105e-05
VB --> plop,1.02967e-05,1.0283e-05
VB --> plow,1.03245e-05,1.03105e-05
VB --> plug,3.82252e-05,3.8938e-05
VB --> point,0.000107389,0.000108745
VB --> poke,0.000163864,0.000165087
VB --> polish,4.71246e-10,4.70764e-10
VB --> pool,4.7022e-10,4.69584e-10
VB --> poope,1.03245e-05,1.03105e-05
VB --> pop,0.000356908,0.000356804
VB --> post,4.70734e-10,4.69972e-10
VB --> potty,4.6873e-10,4.68095e-10
VB --> pour,0.000720571,0.000728099
VB --> pout,4.6873e-10,4.68095e-10
VB --> practice,5.26068e-05,5.2568e-05
VB --> prefer,1.03107e-05,1.02975e-05
VB --> prepar,4.6873e-10,4.68095e-10
VB --> prepare,7.26954e-05,7.2597e-05
VB --> press,0.00024276,0.000258781
VB --> presweetene,4.6873e-10,4.68095e-10
VB --> pretend,0.0012958,0.00129473
VB --> prick,1.03245e-05,1.03105e-05
VB --> print,5.65095e-05,5.64251e-05
VB --> process,4.7082e-10,4.70223e-10
VB --> promenade,1.03245e-05,1.03105e-05
VB --> promise,7.06174e-05,7.0309e-05
VB --> protect,5.69616e-05,5.68845e-05
VB --> provide,1.03245e-05,1.03105e-05
VB --> pry,1.03245e-05,1.03105e-05
VB --> pudd,8.8443e-05,8.83233e-05
VB --> puff,4.68764e-10,4.68132e-10
VB --> pull,0.0024966,0.00250116
VB --> pump,4.6873e-10,4.68095e-10
VB --> pumpkin,1.18365e-05,1.18275e-05
VB --> punch,0.000314043,0.000316192
VB --> purr,1.03245e-05,1.03105e-05
VB --> push,0.00262038,0.00263065
VB --> pushushushushushushush,4.6873e-10,4.68095e-10
VB --> put,0.0264666,0.0264003
VB --> putt,4.6873e-10,4.68095e-10
VB --> question,1.16905e-05,1.16734e-05
VB --> quit,4.68979e-10,4.6835e-10
VB --> rac,8.8443e-05,8.83233e-05
VB --> race,4.7007e-10,4.69391e-10
VB --> radio,4.6938e-10,4.68743e-10
VB --> rail,4.12542e-05,4.11984e-05
VB --> rain,0.00075202,0.000751777
VB --> raise,2.5626e-05,2.55913e-05
VB --> rake,8.54424e-05,8.47899e-05
VB --> ration,4.73098e-10,4.72697e-10
VB --> rattle,1.25187e-05,1.25262e-05
VB --> reach,0.00065077,0.000650508
VB --> read,0.00315793,0.00316428
VB --> realize,5.69616e-05,5.68845e-05
VB --> rearrange,2.5626e-05,2.55913e-05
VB --> receive,1.03245e-05,1.03105e-05
VB --> recognize,0.00016725,0.000167023
VB --> recommend,4.6873e-10,4.68095e-10
VB --> record,0.000263626,0.000262971
VB --> recover,4.6873e-10,4.68095e-10
VB --> recuperate,1.03245e-05,1.03105e-05
VB --> recur,1.03245e-05,1.03105e-05
VB --> redirect,4.6873e-10,4.68095e-10
VB --> redo,1.03245e-05,1.03105e-05
VB --> refer,4.1256e-05,4.12002e-05
VB --> regress,4.6873e-10,4.68095e-10
VB --> regret,1.03245e-05,1.03105e-05
VB --> reheat,1.03245e-05,1.03105e-05
VB --> rehook,4.6873e-10,4.68095e-10
VB --> relate,1.03245e-05,1.03105e-05
VB --> relax,5.69616e-05,5.68845e-05
VB --> reload,1.03245e-05,1.03105e-05
VB --> remade,1.03245e-05,1.03105e-05
VB --> remember,0.00431437,0.00431259
VB --> remind,5.69616e-05,5.68845e-05
VB --> remove,1.03245e-05,1.03105e-05
VB --> rent,1.03245e-05,1.03105e-05
VB --> repair,4.77197e-10,4.76671e-10
VB --> repeat,4.73496e-10,4.7311e-10
VB --> replace,2.5626e-05,2.55913e-05
VB --> require,4.1256e-05,4.12002e-05
VB --> rescue,8.8443e-05,8.83233e-05
VB --> respond,1.03245e-05,1.03105e-05
VB --> rest,4.69915e-10,4.69292e-10
VB --> retire,4.6873e-10,4.68095e-10
VB --> return,4.12551e-05,4.11993e-05
VB --> reverse,1.16165e-05,1.15777e-05
VB --> revive,1.03245e-05,1.03105e-05
VB --> rewind,1.69623e-05,1.69983e-05
VB --> rhyme,4.68746e-10,4.68111e-10
VB --> rid,1.80158e-05,1.83098e-05
VB --> ride,0.000741217,0.000747137
VB --> ring,0.000150878,0.000150594
VB --> rinse,9.03289e-05,9.21808e-05
VB --> rip,0.000459127,0.000458535
VB --> ripen,1.03245e-05,1.03105e-05
VB --> rise,1.03245e-05,1.03105e-05
VB --> roar,4.71264e-10,4.7065e-10
VB --> roast,1.10543e-05,1.0993e-05
VB --> rob,4.68731e-10,4.68097e-10
VB --> rock,0.00033807,0.000337029
VB --> roll,0.00127617,0.00127482
VB --> root,4.69336e-10,4.68725e-10
VB --> rope,4.66814e-05,4.57303e-05
VB --> row,3.81883e-05,3.8362e-05
VB --> rub,0.000183018,0.00018277
VB --> ruin,0.000230324,0.000230012
VB --> rumble,1.03245e-05,1.03105e-05
VB --> rump,4.6873e-10,4.68095e-10
VB --> run,0.00139712,0.00140493
VB --> runn,4.6873e-10,4.68095e-10
VB --> rush,5.69601e-05,5.6883e-05
VB --> rust,4.6873e-10,4.68095e-10
VB --> sail,8.14419e-05,8.1266e-05
VB --> salute,1.03245e-05,1.03105e-05
VB --> sand,4.6998e-10,4.69343e-10
VB --> satisfy,4.6873e-10,4.68095e-10
VB --> sav,1.03245e-05,1.03105e-05
VB --> save,0.000476832,0.000477693
VB --> saw,0.00078478,0.00078975
VB --> say,0.00601038,0.00602021
VB --> scar,0.000625351,0.000624522
VB --> scare,0.000293405,0.000293007
VB --> scent,1.03245e-05,1.03105e-05
VB --> schedule,4.69624e-10,4.68994e-10
VB --> school,5.83746e-05,5.80414e-05
VB --> scooch,1.03245e-05,1.03105e-05
VB --> scoop,4.7284e-10,4.72117e-10
VB --> scoot,1.03733e-05,1.03586e-05
VB --> score,4.6876e-10,4.68127e-10
VB --> scram,1.03245e-05,1.03105e-05
VB --> scrambl,2.5626e-05,2.55913e-05
VB --> scramble,0.000104198,0.000104057
VB --> scrape,1.03245e-05,1.03105e-05
VB --> scratch,0.000346912,0.000345815
VB --> scream,0.00010946,0.000109379
VB --> screech,4.6873e-10,4.68095e-10
VB --> screw,0.000236394,0.000237214
VB --> scribble,0.00016725,0.000167024
VB --> scrub,4.6873e-10,4.68095e-10
VB --> se,0.000104198,0.000104057
VB --> seal,4.69461e-10,4.68829e-10
VB --> seawe,1.03245e-05,1.03105e-05
VB --> second,4.68913e-10,4.6828e-10
VB --> see,0.0247948,0.0248103
VB --> seek,5.69616e-05,5.68845e-05
VB --> seem,0.000504473,0.000502914
VB --> sell,7.2694e-05,7.25957e-05
VB --> send,0.000514205,0.000513509
VB --> separate,4.69049e-10,4.68407e-10
VB --> serve,0.000261864,0.000261509
VB --> set,0.00023103,0.000229028
VB --> settle,7.26955e-05,7.25971e-05
VB --> sever,4.6873e-10,4.68095e-10
VB --> sew,0.000246094,0.000245761
VB --> shake,0.000562947,0.000564567
VB --> shampoo,0.000101585,0.000101426
VB --> shape,0.000119364,0.000120603
VB --> share,0.000463998,0.000463632
VB --> sharpen,5.05216e-05,5.07321e-05
VB --> shav,0.000293405,0.000293007
VB --> shave,0.000319941,0.000320646
VB --> shell,4.68773e-10,4.68137e-10
VB --> shift,4.12556e-05,4.11997e-05
VB --> shine,1.62557e-05,1.62437e-05
VB --> ship,4.74466e-10,4.79926e-10
VB --> shit,4.69337e-10,4.68719e-10
VB --> shiver,4.6873e-10,4.68095e-10
VB --> shoo,4.75447e-10,4.74988e-10
VB --> shoot,0.000493855,0.000493287
VB --> shop,0.000311267,0.000310963
VB --> shopp,7.26955e-05,7.25971e-05
VB --> shorten,1.03245e-05,1.03105e-05
VB --> shove,1.03245e-05,1.03105e-05
VB --> shovel,9.15431e-05,9.13492e-05
VB --> show,0.00510731,0.00511354
VB --> shrink,0.000167251,0.000167024
VB --> shut,0.000335857,0.000332461
VB --> side,3.1384e-05,3.13469e-05
VB --> sign,0.000102523,0.00010229
VB --> sing,0.00104728,0.00105313
VB --> sink,4.68999e-10,4.68362e-10
VB --> sit,0.00985153,0.0098382
VB --> sitt,1.03245e-05,1.03105e-05
VB --> skate,1.03245e-05,1.03105e-05
VB --> ski,0.000101885,0.000101738
VB --> skin,3.21712e-05,3.19402e-05
VB --> skinn,1.03245e-05,1.03105e-05
VB --> skip,7.26955e-05,7.25971e-05
VB --> skitch,1.03245e-05,1.03105e-05
VB --> skritch,1.03245e-05,1.03105e-05
VB --> slam,1.03245e-05,1.03105e-05
VB --> slant,1.03244e-05,1.03105e-05
VB --> slap,4.1256e-05,4.12002e-05
VB --> slash,1.03245e-05,1.03105e-05
VB --> sleep,0.00335439,0.00335134
VB --> slide,0.000309276,0.000308725
VB --> slip,0.000169271,0.000168919
VB --> slither,2.5626e-05,2.55913e-05
VB --> slop,1.03245e-05,1.03105e-05
VB --> slow,4.01365e-05,4.06068e-05
VB --> smack,4.75299e-05,4.73843e-05
VB --> smarten,1.03245e-05,1.03105e-05
VB --> smash,4.1256e-05,4.12002e-05
VB --> smell,0.000175557,0.000176216
VB --> smile,0.000281596,0.000280597
VB --> smok,4.6873e-10,4.68095e-10
VB --> smoke,0.00025545,0.000254607
VB --> smooshe,1.03245e-05,1.03105e-05
VB --> smudge,2.5626e-05,2.55913e-05
VB --> smush,2.5626e-05,2.55913e-05
VB --> smushe,1.03245e-05,1.03105e-05
VB --> snap,0.000233091,0.000232724
VB --> snarl,4.68797e-10,4.68162e-10
VB --> sneak,6.5521e-05,6.5338e-05
VB --> sneeze,1.61785e-05,1.61106e-05
VB --> snow,0.000133325,0.000133182
VB --> snowball,4.68731e-10,4.68097e-10
VB --> soak,7.26955e-05,7.25971e-05
VB --> soap,1.20766e-05,1.20811e-05
VB --> sock,4.69165e-10,4.68529e-10
VB --> sockie,4.68846e-10,4.68211e-10
VB --> solve,1.03245e-05,1.03105e-05
VB --> sort,0.000299307,0.00029882
VB --> sound,0.000349138,0.000349178
VB --> spank,0.000766559,0.000765521
VB --> sparkle,1.03245e-05,1.03105e-05
VB --> spe,4.6873e-10,4.68095e-10
VB --> speak,5.69616e-05,5.68845e-05
VB --> speed,1.03245e-05,1.03105e-05
VB --> spell,0.000726447,0.000727026
VB --> spend,8.90826e-05,9.04463e-05
VB --> spike,8.88067e-06,8.8693e-06
VB --> spill,0.0010238,0.00102785
VB --> spilt,4.6873e-10,4.68095e-10
VB --> spin,0.000181391,0.000181052
VB --> spinn,1.03245e-05,1.03105e-05
VB --> spit,0.000217125,0.0002166
VB --> spitt,1.03245e-05,1.03105e-05
VB --> splash,0.000111433,0.000111462
VB --> split,2.27669e-05,2.51162e-05
VB --> spoil,8.8443e-05,8.83233e-05
VB --> sponsor,1.03245e-05,1.03105e-05
VB --> spot,1.72786e-05,1.7316e-05
VB --> spray,0.000115437,0.000115235
VB --> spread,5.69616e-05,5.68845e-05
VB --> sprinkl,1.03245e-05,1.03105e-05
VB --> sprinkle,1.03245e-05,1.03105e-05
VB --> squash,3.13562e-05,3.12831e-05
VB --> squeak,0.000107851,0.000107373
VB --> squeeze,0.000243014,0.000242848
VB --> squelsh,4.69282e-10,4.68647e-10
VB --> squirt,1.47778e-05,1.47694e-05
VB --> squish,0.000118858,0.000118708
VB --> squoose,1.03245e-05,1.03105e-05
VB --> squoosh,1.03245e-05,1.03105e-05
VB --> squooshe,2.5626e-05,2.55913e-05
VB --> stack,8.94665e-05,8.95103e-05
VB --> stain,2.00555e-05,2.00692e-05
VB --> stall,4.69339e-10,4.68705e-10
VB --> stamp,4.71206e-10,4.70526e-10
VB --> stand,0.00282138,0.00281311
VB --> staple,1.03245e-05,1.03105e-05
VB --> start,0.00196595,0.00196547
VB --> startl,1.03245e-05,1.03105e-05
VB --> starve,2.5626e-05,2.55913e-05
VB --> stay,0.00345122,0.0034538
VB --> steal,7.26955e-05,7.25971e-05
VB --> steam,2.56244e-05,2.55897e-05
VB --> steer,5.69616e-05,5.68845e-05
VB --> step,0.000526617,0.000524893
VB --> stick,0.00126582,0.0012653
VB --> stink,4.1256e-05,4.12002e-05
VB --> stir,8.8443e-05,8.83233e-05
VB --> stock,0.000262413,0.000262023
VB --> stomp,4.6873e-10,4.68095e-10
VB --> stop,0.000799444,0.000799933
VB --> store,7.82293e-05,7.82354e-05
VB --> str,0.00103469,0.00103329
VB --> straighten,0.000167251,0.000167024
VB --> strap,1.52399e-05,1.50101e-05
VB --> stress,4.68881e-10,4.68255e-10
VB --> stretch,0.000167251,0.000167024
VB --> strike,4.68731e-10,4.68097e-10
VB --> strip,1.07874e-05,1.07725e-05
VB --> structure,2.5626e-05,2.55913e-05
VB --> strut,4.6873e-10,4.68095e-10
VB --> stuck,0.00043255,0.000434772
VB --> study,8.53799e-05,8.53935e-05
VB --> stuff,0.000116174,0.000115728
VB --> stutter,1.03245e-05,1.03105e-05
VB --> subject,3.06048e-05,3.06005e-05
VB --> suck,8.3182e-05,8.34903e-05
VB --> sugar,1.53684e-05,1.55005e-05
VB --> suggest,1.03245e-05,1.03105e-05
VB --> sunburn,4.71893e-10,4.71239e-10
VB --> suppose,0.0028643,0.00286042
VB --> surpris,0.000167251,0.000167024
VB --> surprise,6.19787e-05,6.25027e-05
VB --> swallow,0.000167251,0.000167024
VB --> swap,4.6873e-10,4.68095e-10
VB --> sway,1.03245e-05,1.03105e-05
VB --> swear,4.6873e-10,4.68095e-10
VB --> sweat,4.33932e-05,4.3361e-05
VB --> sweep,4.23215e-05,4.24838e-05
VB --> swim,0.00132993,0.0013277
VB --> swimm,0.000435346,0.000434757
VB --> swing,6.32211e-05,6.27668e-05
VB --> swipe,1.03245e-05,1.03105e-05
VB --> swish,4.6873e-10,4.68095e-10
VB --> switch,4.69798e-10,4.69004e-10
VB --> syringe,4.68845e-10,4.6821e-10
VB --> tackle,1.03245e-05,1.03105e-05
VB --> take,0.00995429,0.00995841
VB --> talent,1.35139e-05,1.35011e-05
VB --> talk,0.00506145,0.00505225
VB --> tangle,2.5626e-05,2.55913e-05
VB --> tap,4.73558e-05,4.73731e-05
VB --> tape,3.48653e-05,3.50247e-05
VB --> taperecorde,1.03245e-05,1.03105e-05
VB --> taste,0.000311959,0.000312629
VB --> teach,0.000303494,0.000306468
VB --> tear,0.000555006,0.000554303
VB --> tease,0.000416496,0.00041589
VB --> technicolor,4.6873e-10,4.68095e-10
VB --> tell,0.0103357,0.0103407
VB --> tempt,2.5626e-05,2.55913e-05
VB --> test,0.000128523,0.000128876
VB --> thank,0.000866569,0.000866634
VB --> thanks,4.69127e-10,4.68489e-10
VB --> thanksgiv,7.26955e-05,7.25971e-05
VB --> thaw,5.69616e-05,5.68845e-05
VB --> think,0.0160965,0.0160937
VB --> threaten,1.03245e-05,1.03105e-05
VB --> thrill,1.03243e-05,1.03104e-05
VB --> throw,0.0015623,0.00157721
VB --> thunder,4.69265e-10,4.68625e-10
VB --> tick,3.6638e-05,3.66856e-05
VB --> tickl,4.6873e-10,4.68095e-10
VB --> tickle,0.000327765,0.000327326
VB --> tie,0.000717603,0.000721625
VB --> tilt,4.6873e-10,4.68095e-10
VB --> tim,1.07671e-05,1.07347e-05
VB --> tip,0.000126974,0.00012776
VB --> tir,0.00177599,0.00177359
VB --> tire,4.70331e-10,4.69703e-10
VB --> toot,4.69299e-10,4.68655e-10
VB --> top,4.69466e-10,4.68839e-10
VB --> touch,0.00102723,0.00102758
VB --> tow,4.91868e-05,4.92541e-05
VB --> trace,7.26945e-05,7.25961e-05
VB --> trade,6.55645e-05,6.57884e-05
VB --> train,3.80807e-05,3.86928e-05
VB --> tramp,4.11046e-05,4.0519e-05
VB --> transcribe,2.5626e-05,2.55913e-05
VB --> translate,1.03245e-05,1.03105e-05
VB --> trap,4.71114e-10,4.70438e-10
VB --> treat,7.44159e-05,7.36856e-05
VB --> trick,4.77889e-05,4.75822e-05
VB --> triede,1.03245e-05,1.03105e-05
VB --> trim,2.56254e-05,2.55907e-05
VB --> trip,6.25324e-05,6.19905e-05
VB --> trust,2.5626e-05,2.55913e-05
VB --> try,0.00459157,0.00460156
VB --> tuck,2.5626e-05,2.55913e-05
VB --> tumbl,4.6873e-10,4.68095e-10
VB --> tumble,2.70579e-05,2.70233e-05
VB --> turn,0.00344503,0.00346862
VB --> twirl,1.22743e-05,1.23869e-05
VB --> twist,0.000165858,0.000165607
VB --> type,0.000104198,0.000104057
VB --> unbuckle,5.69571e-05,5.68801e-05
VB --> unbutton,5.69616e-05,5.68845e-05
VB --> understand,0.000329191,0.000328917
VB --> undo,4.1256e-05,4.12002e-05
VB --> undress,0.000183018,0.00018277
VB --> unhook,2.5626e-05,2.55913e-05
VB --> unlock,1.03245e-05,1.03105e-05
VB --> unpack,4.1256e-05,4.12002e-05
VB --> unplug,2.5626e-05,2.55913e-05
VB --> unravel,1.03245e-05,1.03105e-05
VB --> unscrew,0.000167251,0.000167024
VB --> unsnap,1.03245e-05,1.03105e-05
VB --> unsticke,1.03245e-05,1.03105e-05
VB --> unstitch,1.03245e-05,1.03105e-05
VB --> unstuck,1.03245e-05,1.03105e-05
VB --> unsupervis,1.03245e-05,1.03105e-05
VB --> untangle,2.5626e-05,2.55913e-05
VB --> untie,0.000324946,0.000324506
VB --> untwist,1.03245e-05,1.03105e-05
VB --> unwind,4.1256e-05,4.12002e-05
VB --> unwrap,2.5626e-05,2.55913e-05
VB --> unzip,1.03245e-05,1.03105e-05
VB --> us,0.00123981,0.00123692
VB --> use,0.0041724,0.00419141
VB --> usher,2.5626e-05,2.55913e-05
VB --> vacuum,4.72047e-10,4.71407e-10
VB --> velcro,1.03245e-05,1.03105e-05
VB --> vex,1.03245e-05,1.03105e-05
VB --> videotape,1.03245e-05,1.03105e-05
VB --> visit,0.000646774,0.00064519
VB --> vomit,1.03245e-05,1.03105e-05
VB --> wag,2.5626e-05,2.55913e-05
VB --> wait,0.00254206,0.00254427
VB --> wake,0.000692435,0.000692605
VB --> walk,0.0018832,0.00187826
VB --> wallop,1.03245e-05,1.03105e-05
VB --> waltz,4.6873e-10,4.68095e-10
VB --> wander,2.5626e-05,2.55913e-05
VB --> want,0.0402885,0.0402141
VB --> warm,0.000241168,0.000242179
VB --> warp,1.03245e-05,1.03105e-05
VB --> was,0.0111085,0.0111089
VB --> wash,0.00157799,0.00157976
VB --> waste,9.38591e-05,9.39667e-05
VB --> watch,0.00200629,0.0020054
VB --> water,7.26455e-05,7.21843e-05
VB --> wave,7.01252e-05,7.03193e-05
VB --> weakle,1.03245e-05,1.03105e-05
VB --> wear,0.00309813,0.00310288
VB --> wedd,5.69616e-05,5.68845e-05
VB --> weed,1.03999e-05,1.03857e-05
VB --> weep,4.6873e-10,4.68095e-10
VB --> weigh,7.26955e-05,7.25971e-05
VB --> weight,4.12543e-05,4.11985e-05
VB --> wet,0.000339831,0.000340573
VB --> whack,2.5626e-05,2.55913e-05
VB --> wheelbarrow,4.69265e-10,4.6863e-10
VB --> whine,7.26955e-05,7.25971e-05
VB --> whip,4.71912e-10,4.71287e-10
VB --> whipp,4.6873e-10,4.68095e-10
VB --> whirl,2.5626e-05,2.55913e-05
VB --> whisper,4.1256e-05,4.12002e-05
VB --> whistle,4.6894e-10,4.683e-10
VB --> wick,8.8443e-05,8.83233e-05
VB --> wiggle,2.53096e-05,2.55419e-05
VB --> will,0.00537359,0.00536032
VB --> win,0.000191045,0.000191613
VB --> wind,0.000225696,0.000243361
VB --> wink,1.03228e-05,1.03089e-05
VB --> wipe,0.0003052,0.000305105
VB --> wish,0.000146734,0.000146899
VB --> wobble,1.03245e-05,1.03105e-05
VB --> wonder,0.000211891,0.00021012
VB --> work,0.00135544,0.00135365
VB --> worri,4.1256e-05,4.12002e-05
VB --> worry,0.000246094,0.000245761
VB --> wrack,4.6873e-10,4.68095e-10
VB --> wrap,0.000507329,0.000511912
VB --> wreck,7.26955e-05,7.25971e-05
VB --> wrestle,1.03245e-05,1.03105e-05
VB --> wriggle,1.03245e-05,1.03105e-05
VB --> wrinkl,1.03245e-05,1.03105e-05
VB --> writ,0.000151485,0.00015128
VB --> write,0.00315421,0.00315729
VB --> wunne,4.6873e-10,4.68095e-10
VB --> yawn,9.01493e-05,8.99245e-05
VB --> yeah,0.00326915,0.00327459
VB --> yell,0.000324946,0.000324506
VB --> zap,1.03245e-05,1.03105e-05
VB --> zip,8.8443e-05,8.83233e-05
VB --> zipper,6.78247e-05,6.83019e-05
VB --> zoom,5.20698e-05,5.20547e-05
VB --> zzz,4.73467e-10,4.73019e-10
VBD --> ate,0.00847127,0.00852394
VBD --> beat,6.21539e-09,6.25349e-09
VBD --> became,0.000136577,0.000137426
VBD --> been,6.218e-09,6.25726e-09
VBD --> began,0.000136577,0.000137426
VBD --> bent,6.31263e-09,6.34398e-09
VBD --> bet,0.00219345,0.00215548
VBD --> bit,6.22191e-09,6.26176e-09
VBD --> blew,0.000545754,0.000549147
VBD --> bought,0.0107663,0.0108333
VBD --> broke,0.00287832,0.00289131
VBD --> brought,0.0126712,0.0126395
VBD --> built,6.25567e-09,6.29451e-09
VBD --> burnt,6.20062e-09,6.23918e-09
VBD --> burst,0.000136577,0.000137426
VBD --> came,0.0262061,0.026369
VBD --> caught,0.00283822,0.00285587
VBD --> come,6.21802e-09,6.257e-09
VBD --> cost,0.000776797,0.000774441
VBD --> cut,0.00870988,0.00866834
VBD --> did,0.00284591,0.00281877
VBD --> dididit,0.000136577,0.000137426
VBD --> done,6.21569e-09,6.25457e-09
VBD --> dove,0.000136577,0.000137426
VBD --> drank,0.00095282,0.000954223
VBD --> drew,0.00221247,0.00222623
VBD --> drove,0.000338993,0.0003411
VBD --> drunk,6.20258e-09,6.24117e-09
VBD --> dug,0.000545754,0.000549147
VBD --> fell,0.00374039,0.00379569
VBD --> felt,0.000124523,0.000125193
VBD --> fit,6.21591e-09,6.2547e-09
VBD --> flew,0.00116997,0.00117724
VBD --> forgot,0.00951448,0.00957364
VBD --> fought,0.000136577,0.000137426
VBD --> found,0.00602839,0.00603603
VBD --> froze,6.20058e-09,6.23913e-09
VBD --> gave,0.00998073,0.010014
VBD --> got,0.070216,0.0699893
VBD --> grew,0.000545754,0.000549147
VBD --> had,0.053778,0.053377
VBD --> heard,0.00584258,0.00569186
VBD --> held,0.00179536,0.00180653
VBD --> hid,0.000253387,0.000250811
VBD --> hit,0.00562687,0.00563141
VBD --> hung,6.22676e-09,6.26574e-09
VBD --> hurt,0.00153563,0.00147159
VBD --> kept,0.0020039,0.00201636
VBD --> knew,0.00617623,0.00621464
VBD --> laid,6.23406e-09,6.27757e-09
VBD --> lay,0.00114067,0.00115077
VBD --> led,0.000136577,0.000137426
VBD --> left,0.00756928,0.0076177
VBD --> let,6.21304e-09,6.25168e-09
VBD --> lit,8.26646e-09,8.27382e-09
VBD --> lost,0.00292518,0.00292758
VBD --> made,0.0114089,0.011735
VBD --> mean,6.2185e-09,6.25717e-09
VBD --> meant,6.21345e-09,6.25165e-09
VBD --> met,0.00100933,0.00103753
VBD --> misunderstood,6.20058e-09,6.23913e-09
VBD --> outgrew,6.20058e-09,6.23913e-09
VBD --> paid,0.00137838,0.00138695
VBD --> put,0.314293,0.317019
VBD --> quit,0.000338991,0.000341099
VBD --> ran,0.00304684,0.00306578
VBD --> rang,6.20058e-09,6.23913e-09
VBD --> read,0.0182222,0.0176772
VBD --> rode,0.00158686,0.00159672
VBD --> said,0.0443583,0.0446341
VBD --> sang,0.00158686,0.00159672
VBD --> sat,0.00304684,0.00306578
VBD --> saw,0.0196984,0.019748
VBD --> sent,0.00742806,0.00747424
VBD --> shook,0.000136577,0.000137426
VBD --> shot,6.21383e-09,6.2529e-09
VBD --> shrank,0.000136577,0.000137426
VBD --> shrunk,6.20058e-09,6.23913e-09
VBD --> shut,0.000851007,0.000854802
VBD --> slept,0.00137838,0.00138695
VBD --> slid,6.20058e-09,6.23913e-09
VBD --> snuck,0.000136577,0.000137426
VBD --> sold,6.22546e-09,6.26336e-09
VBD --> spent,0.000545754,0.000549147
VBD --> spoke,6.97659e-09,6.95697e-09
VBD --> stole,0.000332589,0.000334189
VBD --> stood,0.000338993,0.0003411
VBD --> stop,6.2237e-09,6.26236e-09
VBD --> struck,0.000136577,0.000137426
VBD --> stuck,6.22205e-09,6.26162e-09
VBD --> stung,0.000136565,0.000137415
VBD --> swam,0.000338992,0.0003411
VBD --> swept,0.000136577,0.000137426
VBD --> swung,0.000545754,0.000549147
VBD --> take,0.117903,0.118402
VBD --> taught,6.29769e-09,6.33173e-09
VBD --> thought,0.0231072,0.0232021
VBD --> threw,0.00388129,0.00390543
VBD --> told,0.0197381,0.0198608
VBD --> took,0.023911,0.0240597
VBD --> tore,6.24296e-09,6.2838e-09
VBD --> understood,6.21443e-09,6.25312e-09
VBD --> unmade,0.000136577,0.000137426
VBD --> unwound,0.000136577,0.000137426
VBD --> was,0.0491228,0.0489215
VBD --> went,0.0107218,0.011034
VBD --> were,0.0356679,0.0357028
VBD --> wet,6.20853e-09,6.24715e-09
VBD --> woke,0.00179537,0.00180653
VBD --> won,0.000545754,0.000549147
VBD --> wore,0.000961651,0.00096763
VBD --> wound,6.20538e-09,6.24454e-09
VBD --> wrote,0.00221247,0.00222623
VBG --> building,0.00816899,0.00818971
VBG --> comin,1.68004e-08,1.68722e-08
VBG --> done,0.00438521,0.00440272
VBG --> give,0.0128187,0.0127539
VBG --> put,0.0774745,0.0770432
VBG --> sting,0.000370053,0.000371634
VBG --> strung,1.68004e-08,1.68722e-08
VBN --> beat,2.10808e-08,2.0781e-08
VBN --> become,0.00273433,0.00270825
VBN --> been,0.0221684,0.0212017
VBN --> bent,0.000411154,0.000407951
VBN --> bit,2.10398e-08,2.07406e-08
VBN --> bitten,2.09812e-08,2.06818e-08
VBN --> bled,0.000462142,0.000455547
VBN --> blown,2.09812e-08,2.06818e-08
VBN --> born,2.09914e-08,2.0692e-08
VBN --> bought,2.10471e-08,2.07474e-08
VBN --> broken,2.10383e-08,2.07385e-08
VBN --> brought,0.00880657,0.00904683
VBN --> built,2.10778e-08,2.07805e-08
VBN --> burnt,2.09821e-08,2.06827e-08
VBN --> caught,2.10712e-08,2.07708e-08
VBN --> clean,0.0103251,0.0101013
VBN --> come,0.0897866,0.0851596
VBN --> cut,2.10403e-08,2.07402e-08
VBN --> dead,2.09895e-08,2.06903e-08
VBN --> done,2.10573e-08,2.076e-08
VBN --> drawn,0.000462142,0.000455547
VBN --> dress,2.10161e-08,2.07149e-08
VBN --> drunk,2.09859e-08,2.06866e-08
VBN --> eaten,0.00158659,0.00157552
VBN --> felt,2.10248e-08,2.07266e-08
VBN --> fit,0.0137044,0.0132734
VBN --> flown,2.09812e-08,2.06818e-08
VBN --> forgotten,0.00114707,0.0011307
VBN --> found,0.00657514,0.00658017
VBN --> frozen,2.09813e-08,2.06819e-08
VBN --> given,0.00254971,0.00251332
VBN --> gone,2.10212e-08,2.0721e-08
VBN --> got,0.0162279,0.0216269
VBN --> gotten,0.0046641,0.00459753
VBN --> grown,2.09895e-08,2.069e-08
VBN --> had,0.0842229,0.0853393
VBN --> heard,0.0121445,0.0125912
VBN --> held,2.10466e-08,2.07455e-08
VBN --> hidden,0.00184652,0.00182016
VBN --> hit,2.10217e-08,2.07217e-08
VBN --> hung,0.00184667,0.00182031
VBN --> hurt,2.10155e-08,2.07164e-08
VBN --> kept,2.10746e-08,2.07705e-08
VBN --> known,0.0018467,0.00182034
VBN --> laid,0.000462107,0.000455507
VBN --> left,2.10382e-08,2.07381e-08
VBN --> lost,2.10112e-08,2.07123e-08
VBN --> made,0.0214825,0.0197684
VBN --> meant,0.00748645,0.00737961
VBN --> met,0.00238861,0.00228198
VBN --> mistaken,0.000462142,0.000455547
VBN --> outgrown,0.000462142,0.000455547
VBN --> pet,2.1002e-08,2.07025e-08
VBN --> put,2.10297e-08,2.07295e-08
VBN --> read,2.10408e-08,2.07413e-08
VBN --> ridden,0.000462142,0.000455547
VBN --> run,0.00547674,0.00490272
VBN --> said,2.1048e-08,2.07479e-08
VBN --> seen,0.0865569,0.0853216
VBN --> sent,2.10677e-08,2.077e-08
VBN --> set,0.00663641,0.00676965
VBN --> sewn,0.000462142,0.000455547
VBN --> shot,2.12221e-08,2.09294e-08
VBN --> shown,0.000462142,0.000455547
VBN --> shrunk,2.09812e-08,2.06818e-08
VBN --> sold,0.00184667,0.00182032
VBN --> spit,0.00401197,0.00397344
VBN --> stolen,2.09812e-08,2.06818e-08
VBN --> stuck,0.00203943,0.00183363
VBN --> stung,2.11048e-08,2.0802e-08
VBN --> sung,0.000462142,0.000455547
VBN --> sunscreen,2.09812e-08,2.06818e-08
VBN --> suppose,2.102e-08,2.07205e-08
VBN --> taken,0.0103097,0.0101626
VBN --> taught,0.000462041,0.000455452
VBN --> thought,2.103e-08,2.07309e-08
VBN --> thrown,0.00254971,0.00251332
VBN --> told,2.10246e-08,2.07258e-08
VBN --> tore,0.00114702,0.00113065
VBN --> torn,0.0018467,0.00182034
VBN --> understood,0.00114705,0.00113068
VBN --> went,0.203905,0.200181
VBN --> woken,2.09812e-08,2.06818e-08
VBN --> worn,0.00040877,0.000402153
VBN --> wound,0.000412581,0.000387705
VBN --> written,2.1e-08,2.0703e-08
VBP --> 've,3.20806e-09,3.21736e-09
VBP --> act,3.20952e-09,3.21885e-09
VBP --> answer,3.21372e-09,3.22272e-09
VBP --> ask,0.00591,0.0058453
VBP --> assume,6.76677e-05,6.78722e-05
VBP --> bang,3.21397e-09,3.22287e-09
VBP --> be,0.0200426,0.0196716
VBP --> become,3.23143e-09,3.24005e-09
VBP --> begin,3.23876e-09,3.24872e-09
VBP --> behave,3.20487e-09,3.21415e-09
VBP --> believe,0.000763608,0.000765085
VBP --> belong,0.000156441,0.000151239
VBP --> bet,0.00755589,0.00758984
VBP --> bite,0.000902456,0.000904127
VBP --> bless,3.20957e-09,3.21872e-09
VBP --> blow,0.00173969,0.00171351
VBP --> borrow,0.000384071,0.000387589
VBP --> bounce,3.21676e-09,3.22568e-09
VBP --> bowl,3.20559e-09,3.21489e-09
VBP --> break,0.00132743,0.0012961
VBP --> bribe,7.05917e-05,7.07961e-05
VBP --> bring,0.0126823,0.0125947
VBP --> build,0.00673332,0.00663312
VBP --> bump,2.71274e-07,3.24149e-09
VBP --> burp,3.20687e-09,3.21613e-09
VBP --> buy,0.00727384,0.00723428
VBP --> call,0.000476571,0.00046846
VBP --> care,0.00095355,0.000955618
VBP --> carry,0.00107858,0.00106376
VBP --> catch,6.24154e-05,3.22862e-09
VBP --> change,0.00174942,0.00173713
VBP --> chase,0.000576517,0.000561582
VBP --> cheat,3.20487e-09,3.21415e-09
VBP --> chew,3.21429e-09,3.22345e-09
VBP --> choke,0.000155608,0.000156014
VBP --> choose,3.22103e-09,3.22984e-09
VBP --> chop,3.20609e-09,3.21542e-09
VBP --> clap,3.2052e-09,3.21449e-09
VBP --> clean,3.21693e-09,3.22583e-09
VBP --> climb,0.000265044,0.000263008
VBP --> close,0.00152957,0.00146613
VBP --> comb,0.00147759,0.00147474
VBP --> come,3.21207e-09,3.22139e-09
VBP --> cook,0.000555304,0.000502971
VBP --> cost,3.22215e-09,3.23172e-09
VBP --> cough,3.20662e-09,3.2159e-09
VBP --> count,3.21157e-09,3.22104e-09
VBP --> cover,3.21409e-09,3.22316e-09
VBP --> crack,3.22018e-09,3.22885e-09
VBP --> crawl,3.21091e-09,3.22015e-09
VBP --> crunch,3.25032e-09,3.25833e-09
VBP --> cry,3.21792e-09,3.22767e-09
VBP --> cut,3.21355e-09,3.22288e-09
VBP --> dance,3.20549e-09,3.21477e-09
VBP --> dash,3.20487e-09,3.21415e-09
VBP --> dial,3.22207e-09,3.23091e-09
VBP --> die,3.21631e-09,3.22557e-09
VBP --> dillydally,7.05919e-05,7.07964e-05
VBP --> disappear,3.20493e-09,3.21422e-09
VBP --> do,0.00312704,0.00302278
VBP --> does,3.21117e-09,3.22044e-09
VBP --> doubt,0.000210836,0.000211921
VBP --> drag,3.2049e-09,3.21419e-09
VBP --> drank,3.20945e-09,3.21873e-09
VBP --> draw,0.00470429,0.00465467
VBP --> dream,3.20761e-09,3.21682e-09
VBP --> dress,3.21083e-09,3.22001e-09
VBP --> drink,0.00166858,0.0018625
VBP --> drive,0.000106934,3.23205e-09
VBP --> drop,3.21061e-09,3.2199e-09
VBP --> drown,3.20487e-09,3.21415e-09
VBP --> dry,0.000643526,0.000629549
VBP --> dump,3.21869e-09,3.2277e-09
VBP --> dust,3.20492e-09,3.2142e-09
VBP --> eat,0.0307142,0.0305423
VBP --> echo,7.05919e-05,7.07964e-05
VBP --> end,3.20872e-09,3.21804e-09
VBP --> enjoy,3.21334e-09,3.22292e-09
VBP --> expect,0.000265523,0.000265705
VBP --> fall,3.20844e-09,3.2177e-09
VBP --> feed,0.0036923,0.0036455
VBP --> feel,3.21981e-09,3.22933e-09
VBP --> fight,3.2173e-09,3.22648e-09
VBP --> figure,0.000446543,0.000442164
VBP --> fill,3.21128e-09,3.22002e-09
VBP --> find,0.0145296,0.0143285
VBP --> finish,0.00236971,0.00236765
VBP --> fish,3.20595e-09,3.21529e-09
VBP --> fit,3.20833e-09,3.21756e-09
VBP --> fix,0.00450267,0.00445692
VBP --> float,3.20592e-09,3.21522e-09
VBP --> fly,3.21721e-09,3.22617e-09
VBP --> fold,0.000566863,0.000550356
VBP --> foot,3.22316e-09,3.2325e-09
VBP --> forget,0.00117184,0.00116023
VBP --> get,0.0304332,0.0331339
VBP --> give,0.019109,0.0189845
VBP --> go,3.2128e-09,3.22201e-09
VBP --> got,3.21382e-09,3.22318e-09
VBP --> grab,0.000369865,0.000364828
VBP --> grow,0.000675344,0.000664696
VBP --> growl,3.20611e-09,3.21538e-09
VBP --> guarantee,3.20494e-09,3.21422e-09
VBP --> guess,0.00961466,0.0096469
VBP --> has,3.21501e-09,3.22433e-09
VBP --> hatch,6.53823e-05,6.54353e-05
VBP --> hate,0.000831056,0.000835232
VBP --> have,0.00642568,0.00628259
VBP --> hear,0.00553275,0.00551522
VBP --> help,0.0040801,0.00405761
VBP --> hide,0.00015043,0.000128033
VBP --> hit,3.21419e-09,3.22349e-09
VBP --> hold,0.00607353,0.00592169
VBP --> hole,3.20512e-09,3.21441e-09
VBP --> hop,3.20953e-09,3.21876e-09
VBP --> hope,0.00263345,0.00263463
VBP --> hurt,3.21898e-09,3.22851e-09
VBP --> hush,7.05863e-05,7.07908e-05
VBP --> imagine,0.000789873,0.000792826
VBP --> intend,3.20487e-09,3.21415e-09
VBP --> interpret,7.05919e-05,7.07964e-05
VBP --> jump,3.20953e-09,3.21883e-09
VBP --> keep,0.0118504,0.0117942
VBP --> kick,0.000240653,0.00022129
VBP --> kid,3.20554e-09,3.21483e-09
VBP --> kiss,3.20864e-09,3.21779e-09
VBP --> knock,0.000261537,3.22728e-09
VBP --> know,0.114617,0.114876
VBP --> ladybug,3.20585e-09,3.21514e-09
VBP --> latch,3.20491e-09,3.21419e-09
VBP --> laugh,3.21232e-09,3.22157e-09
VBP --> lay,3.21162e-09,3.22095e-09
VBP --> learn,0.00144394,0.00141036
VBP --> leave,0.00357172,0.0034915
VBP --> let,0.0789522,0.0793992
VBP --> lie,3.2068e-09,3.216e-09
VBP --> lift,3.20886e-09,3.218e-09
VBP --> light,3.21251e-09,3.22224e-09
VBP --> like,3.21372e-09,3.22306e-09
VBP --> live,3.20926e-09,3.21882e-09
VBP --> lock,3.21473e-09,3.224e-09
VBP --> look,0.00734484,0.00738202
VBP --> lose,0.00119248,0.00118008
VBP --> love,0.00326952,0.00327083
VBP --> lug,0.000175213,0.00017572
VBP --> make,0.0388371,0.0383579
VBP --> manage,3.20487e-09,3.21415e-09
VBP --> march,3.20571e-09,3.21503e-09
VBP --> mark,3.20753e-09,3.21674e-09
VBP --> mean,0.00736102,0.00737637
VBP --> meet,0.000795375,0.000792347
VBP --> mine,3.2105e-09,3.2199e-09
VBP --> miss,3.21539e-09,3.22451e-09
VBP --> mix,3.21965e-09,3.22844e-09
VBP --> move,0.00208069,0.00206212
VBP --> name,3.2074e-09,3.21666e-09
VBP --> need,0.0193746,0.0193688
VBP --> notice,0.00034498,0.000344374
VBP --> offer,3.2089e-09,3.21797e-09
VBP --> open,0.00384254,0.00380136
VBP --> own,3.20584e-09,3.21511e-09
VBP --> pack,3.31483e-09,3.32423e-09
VBP --> paint,0.000235915,0.000227375
VBP --> paste,3.21073e-09,3.2207e-09
VBP --> pay,0.000333335,0.000340321
VBP --> pee,3.21451e-09,3.22413e-09
VBP --> peek,5.37082e-05,4.59986e-05
VBP --> peekaboo,3.20533e-09,3.21461e-09
VBP --> pick,0.0015249,0.00145525
VBP --> pin,3.21251e-09,3.22173e-09
VBP --> place,3.20906e-09,3.21836e-09
VBP --> play,3.56821e-09,3.22493e-09
VBP --> please,3.21405e-09,3.22338e-09
VBP --> point,3.21183e-09,3.22092e-09
VBP --> poke,0.000305122,0.00029613
VBP --> pop,3.24179e-09,3.25111e-09
VBP --> pour,0.00210486,0.00205257
VBP --> powder,8.72173e-05,8.59529e-05
VBP --> praise,3.20487e-09,3.21415e-09
VBP --> pray,3.20487e-09,3.21415e-09
VBP --> prefer,3.51863e-09,3.51005e-09
VBP --> prepare,3.20865e-09,3.21788e-09
VBP --> press,8.90589e-05,3.23047e-09
VBP --> progress,7.05919e-05,7.07964e-05
VBP --> promise,3.28475e-09,3.29396e-09
VBP --> pull,0.00210805,0.00206436
VBP --> punch,0.000446681,0.000429209
VBP --> push,0.00124298,0.00115254
VBP --> put,3.2115e-09,3.22074e-09
VBP --> reach,3.21524e-09,3.22471e-09
VBP --> read,0.00186041,0.00213187
VBP --> recognize,3.22798e-09,3.23781e-09
VBP --> refer,3.20487e-09,3.21415e-09
VBP --> remember,0.0138754,0.0138877
VBP --> return,3.2236e-09,3.23211e-09
VBP --> ride,0.00118281,0.00115218
VBP --> rip,3.22845e-09,3.23719e-09
VBP --> rock,3.21329e-09,3.22218e-09
VBP --> roll,3.21091e-09,3.22004e-09
VBP --> row,3.21136e-09,3.22061e-09
VBP --> rub,3.20642e-09,3.21569e-09
VBP --> run,3.20887e-09,3.21812e-09
VBP --> rush,3.21378e-09,3.22305e-09
VBP --> save,0.00183031,0.00182526
VBP --> say,0.0114306,0.011358
VBP --> scoot,3.20487e-09,3.21415e-09
VBP --> scratch,3.23796e-09,3.24673e-09
VBP --> scream,6.75782e-05,6.77476e-05
VBP --> screw,3.2179e-09,3.22677e-09
VBP --> scribble,3.21577e-09,3.22464e-09
VBP --> see,0.0610853,0.0609722
VBP --> seem,0.00131788,0.00132772
VBP --> sell,3.23584e-09,3.24478e-09
VBP --> serve,3.20641e-09,3.2157e-09
VBP --> set,3.21734e-09,3.22632e-09
VBP --> shake,0.000459425,0.000456791
VBP --> sharpen,0.000218895,0.000217624
VBP --> shave,0.000423595,0.00041703
VBP --> shine,3.2206e-09,3.22973e-09
VBP --> shoot,3.21367e-09,3.22283e-09
VBP --> shovel,3.21629e-09,3.22491e-09
VBP --> show,0.0101368,0.0101443
VBP --> shut,3.21057e-09,3.21973e-09
VBP --> sing,0.0021796,0.00212618
VBP --> sit,3.21289e-09,3.22205e-09
VBP --> sleep,0.000350868,0.000310849
VBP --> slice,3.20501e-09,3.2143e-09
VBP --> slide,3.20828e-09,3.21751e-09
VBP --> smack,0.000454021,0.000455895
VBP --> smell,3.22764e-09,3.23664e-09
VBP --> snap,3.21566e-09,3.22487e-09
VBP --> sneeze,3.20487e-09,3.21415e-09
VBP --> sound,3.21155e-09,3.22087e-09
VBP --> spank,3.21065e-09,3.21979e-09
VBP --> spell,0.000986513,0.000978652
VBP --> spend,0.00113917,0.00113227
VBP --> spill,0.000293063,0.000251544
VBP --> spit,3.21497e-09,3.22432e-09
VBP --> splash,3.21091e-09,3.21962e-09
VBP --> split,0.000164043,0.000149618
VBP --> spray,3.20677e-09,3.21604e-09
VBP --> squash,3.20807e-09,3.21747e-09
VBP --> squeeze,3.21104e-09,3.21981e-09
VBP --> squish,3.2061e-09,3.21539e-09
VBP --> stand,3.21231e-09,3.22101e-09
VBP --> stare,3.20487e-09,3.21415e-09
VBP --> start,0.00117189,0.00118434
VBP --> stay,0.00144414,0.00139854
VBP --> step,3.20768e-09,3.21705e-09
VBP --> stick,0.00087123,0.000855411
VBP --> sting,3.20487e-09,3.21415e-09
VBP --> stop,0.000945307,0.000949572
VBP --> stretch,3.2049e-09,3.21418e-09
VBP --> stuff,3.20882e-09,3.21804e-09
VBP --> suppose,3.2211e-09,3.23024e-09
VBP --> swam,3.20596e-09,3.21524e-09
VBP --> swim,3.20542e-09,3.21471e-09
VBP --> swing,3.2165e-09,3.22523e-09
VBP --> take,3.21303e-09,3.22233e-09
VBP --> talk,3.2084e-09,3.21765e-09
VBP --> taste,0.000442716,0.000443101
VBP --> teach,0.000823286,0.000810092
VBP --> tear,3.2158e-09,3.2247e-09
VBP --> tease,3.20501e-09,3.21429e-09
VBP --> tell,0.0280284,0.0279796
VBP --> test,0.000562406,0.000558762
VBP --> thank,3.20736e-09,3.2166e-09
VBP --> that,3.21397e-09,3.22325e-09
VBP --> think,0.152237,0.152547
VBP --> throw,0.00328796,0.0031837
VBP --> tickle,3.2073e-09,3.2166e-09
VBP --> tie,0.00066617,0.00063987
VBP --> tire,3.22582e-09,3.23509e-09
VBP --> touch,0.00120999,0.00119502
VBP --> trace,3.2275e-09,3.23611e-09
VBP --> trade,0.000117408,0.000115657
VBP --> train,3.20515e-09,3.21442e-09
VBP --> try,0.00546714,0.00539495
VBP --> turn,0.00343791,0.00328219
VBP --> twirl,0.000375412,0.000375571
VBP --> twist,3.20605e-09,3.21527e-09
VBP --> unbuckle,3.29974e-09,3.30591e-09
VBP --> understand,0.00122234,0.0012247
VBP --> unopen,3.20487e-09,3.21415e-09
VBP --> use,0.0106065,0.0104783
VBP --> wait,0.00485625,0.00483156
VBP --> wake,3.21601e-09,3.22503e-09
VBP --> walk,3.21247e-09,3.22189e-09
VBP --> want,0.108905,0.109357
VBP --> wash,0.00505054,0.00503765
VBP --> waste,3.24483e-09,3.25308e-09
VBP --> watch,0.00280373,0.00278705
VBP --> we,0.00793616,0.0079998
VBP --> wear,0.00489518,0.00483882
VBP --> weigh,3.20616e-09,3.21541e-09
VBP --> wiggle,3.205e-09,3.21428e-09
VBP --> win,0.000227571,0.000222601
VBP --> wind,7.3754e-05,3.2301e-09
VBP --> wink,3.24214e-09,3.24944e-09
VBP --> wipe,0.00192609,0.00192411
VBP --> wish,3.30453e-09,3.3118e-09
VBP --> wonder,0.00443829,0.00447207
VBP --> work,3.21876e-09,3.22792e-09
VBP --> wrap,0.000867173,0.000833528
VBP --> write,0.00121028,0.00116332
VBZ --> 's,0.00248491,7.44621e-09
VBZ --> babytalk,7.33021e-09,7.42576e-09
VBZ --> do,7.34874e-09,7.4444e-09
VBZ --> does,7.34252e-09,7.43807e-09
VBZ --> drink,0.00475607,0.00415221
VBZ --> fall,7.34544e-09,7.44111e-09
VBZ --> feel,0.00210815,0.00208152
VBZ --> get,0.0889042,0.0816871
VBZ --> goes,0.0529329,0.0536229
VBZ --> got,0.0182663,0.0171184
VBZ --> has,0.0787708,0.0795964
VBZ --> have,0.457546,0.46302
VBZ --> like,0.121717,0.123558
VBZ --> pop,7.36377e-09,7.4592e-09
VBZ --> put,3.48934e-05,7.44286e-09
VBZ --> roll,7.34877e-09,7.44411e-09
VBZ --> sloth,7.33021e-09,7.42576e-09
VBZ --> thank,7.3385e-09,7.43397e-09
VBZ --> was,7.34804e-09,7.4438e-09
VBZ --> washcloth,7.33052e-09,7.42609e-09
VBZ --> were,7.34696e-09,7.44267e-09
WDT --> that,4.19338e-08,4.17133e-08
WDT --> what,0.917917,0.915311
WDT --> whatever,0.00405295,0.00409198
WDT --> which,0.0780296,0.0805967
WDT --> whichever,4.18273e-08,4.16067e-08
WP --> that,9.84623e-09,9.86274e-09
WP --> what,0.761505,0.760937
WP --> whatever,1.00762e-08,1.00937e-08
WP --> where,0.0199619,0.0202037
WP --> which,0.00340254,0.00337369
WP --> who,0.213506,0.213858
WP --> whoever,0.000216142,0.000216499
WP --> whom,0.00119249,0.00119446
WP --> whomever,0.000216142,0.000216499
WP$ --> whose,1.0,1.0
WRB --> how,0.0884999,0.0884493
WRB --> however,6.0801e-09,6.07482e-09
WRB --> that,6.09796e-09,6.09255e-09
WRB --> what,0.725775,0.725945
WRB --> when,0.0127556,0.0127013
WRB --> whenever,0.00114723,0.00114624
WRB --> where,0.133625,0.133471
WRB --> wherever,6.0801e-09,6.07482e-09
WRB --> why,0.0381978,0.0382866
